idx,image_key,question_type,question,vector,p_Ref,p_Know,p_Reason,p_Decide,y_Ref,y_Know,y_Reason,y_Decide,active_experts,n_images
0,DS-MVTec/bottle/image/broken_large/000.png,Anomaly Detection,Is there any defect in the object?,1001,,,,,1,0,0,1,Reference Extractor|Decision Maker,2
1,DS-MVTec/bottle/image/broken_large/000.png,Defect Classification,There is a defect in the object. What is the type of the defect?,1101,,,,,1,1,0,1,Reference Extractor|Knowledge Guide|Decision Maker,2
2,DS-MVTec/bottle/image/broken_large/000.png,Defect Localization,There is a defect in the object. Where is the defect?,0001,,,,,0,0,0,1,Decision Maker,1
3,DS-MVTec/bottle/image/broken_large/000.png,Defect Description,There is a defect in the object. What is the appearance of the defect?,1111,,,,,1,1,1,1,Reference Extractor|Knowledge Guide|Reasoning Expert|Decision Maker,2
4,DS-MVTec/bottle/image/broken_large/000.png,Defect Analysis,There is a defect in the object. What is the effect of the defect?,1011,,,,,1,0,1,1,Reference Extractor|Reasoning Expert|Decision Maker,2
5,DS-MVTec/bottle/image/broken_large/001.png,Anomaly Detection,Is there any defect in the object?,1001,,,,,1,0,0,1,Reference Extractor|Decision Maker,2
6,DS-MVTec/bottle/image/broken_large/001.png,Defect Classification,There is a defect in the object. What is the type of the defect?,1101,,,,,1,1,0,1,Reference Extractor|Knowledge Guide|Decision Maker,2
7,DS-MVTec/bottle/image/broken_large/001.png,Defect Description,There is a defect in the object. What is the appearance of the defect?,1111,,,,,1,1,1,1,Reference Extractor|Knowledge Guide|Reasoning Expert|Decision Maker,2
8,DS-MVTec/bottle/image/broken_large/002.png,Anomaly Detection,Is there any defect in the object?,1001,,,,,1,0,0,1,Reference Extractor|Decision Maker,2
9,DS-MVTec/bottle/image/broken_large/002.png,Defect Classification,There is a defect in the object. What is the type of the defect?,1101,,,,,1,1,0,1,Reference Extractor|Knowledge Guide|Decision Maker,2
10,DS-MVTec/bottle/image/broken_large/002.png,Defect Localization,There is a defect in the object. Where is the defect?,0001,,,,,0,0,0,1,Decision Maker,1
11,DS-MVTec/bottle/image/broken_large/002.png,Defect Description,There is a defect in the object. What is the appearance of the defect?,1111,,,,,1,1,1,1,Reference Extractor|Knowledge Guide|Reasoning Expert|Decision Maker,2
12,DS-MVTec/bottle/image/broken_large/003.png,Anomaly Detection,Is there any defect in the object?,1001,,,,,1,0,0,1,Reference Extractor|Decision Maker,2
13,DS-MVTec/bottle/image/broken_large/003.png,Defect Classification,There is a defect in the object. What is the type of the defect?,1101,,,,,1,1,0,1,Reference Extractor|Knowledge Guide|Decision Maker,2
14,DS-MVTec/bottle/image/broken_large/003.png,Defect Description,There is a defect in the object. What is the appearance of the defect?,1111,,,,,1,1,1,1,Reference Extractor|Knowledge Guide|Reasoning Expert|Decision Maker,2
15,DS-MVTec/bottle/image/broken_large/003.png,Defect Analysis,There is a defect in the object. How does the defect affect the object?,1011,,,,,1,0,1,1,Reference Extractor|Reasoning Expert|Decision Maker,2
16,DS-MVTec/bottle/image/broken_large/004.png,Anomaly Detection,Is there any defect in the object?,1001,,,,,1,0,0,1,Reference Extractor|Decision Maker,2
17,DS-MVTec/bottle/image/broken_large/004.png,Defect Localization,There is a defect in the object. Where is the defect?,0001,,,,,0,0,0,1,Decision Maker,1
18,DS-MVTec/bottle/image/broken_large/004.png,Defect Description,There is a defect in the object. What is the appearance of the defect?,1111,,,,,1,1,1,1,Reference Extractor|Knowledge Guide|Reasoning Expert|Decision Maker,2
19,DS-MVTec/bottle/image/broken_large/004.png,Defect Analysis,There is a defect in the object. What is the effect of the defect on the bottle's mouth?,1011,,,,,1,0,1,1,Reference Extractor|Reasoning Expert|Decision Maker,2
20,DS-MVTec/bottle/image/broken_large/005.png,Anomaly Detection,Is there any defect in the object?,1001,,,,,1,0,0,1,Reference Extractor|Decision Maker,2
21,DS-MVTec/bottle/image/broken_large/005.png,Defect Classification,There is a defect in the object. What is the type of the defect?,1101,,,,,1,1,0,1,Reference Extractor|Knowledge Guide|Decision Maker,2
22,DS-MVTec/bottle/image/broken_large/005.png,Defect Localization,There is a defect in the object. Where is the defect?,0001,,,,,0,0,0,1,Decision Maker,1
23,DS-MVTec/bottle/image/broken_large/005.png,Defect Description,There is a defect in the object. What is the appearance of the defect?,1111,,,,,1,1,1,1,Reference Extractor|Knowledge Guide|Reasoning Expert|Decision Maker,2
24,DS-MVTec/bottle/image/broken_large/005.png,Defect Analysis,There is a defect in the object. What is the effect of the defect?,1011,,,,,1,0,1,1,Reference Extractor|Reasoning Expert|Decision Maker,2
25,DS-MVTec/bottle/image/broken_large/006.png,Anomaly Detection,Is there any defect in the object?,1001,,,,,1,0,0,1,Reference Extractor|Decision Maker,2
26,DS-MVTec/bottle/image/broken_large/006.png,Defect Classification,There is a defect in the object. What is the type of the defect?,1101,,,,,1,1,0,1,Reference Extractor|Knowledge Guide|Decision Maker,2
27,DS-MVTec/bottle/image/broken_large/006.png,Defect Description,There is a defect in the object. What is the appearance of the defect?,1111,,,,,1,1,1,1,Reference Extractor|Knowledge Guide|Reasoning Expert|Decision Maker,2
28,DS-MVTec/bottle/image/broken_large/006.png,Defect Analysis,There is a defect in the object. What is the effect of the defect?,1011,,,,,1,0,1,1,Reference Extractor|Reasoning Expert|Decision Maker,2
29,DS-MVTec/bottle/image/broken_large/007.png,Anomaly Detection,Is there any defect in the object?,1001,,,,,1,0,0,1,Reference Extractor|Decision Maker,2
30,DS-MVTec/bottle/image/broken_large/007.png,Defect Classification,There is a defect in the object. What is the type of the defect?,1101,,,,,1,1,0,1,Reference Extractor|Knowledge Guide|Decision Maker,2
31,DS-MVTec/bottle/image/broken_large/007.png,Defect Localization,There is a defect in the object. Where is the defect?,0001,,,,,0,0,0,1,Decision Maker,1
32,DS-MVTec/bottle/image/broken_large/007.png,Defect Description,There is a defect in the object. What is the appearance of the defect?,1111,,,,,1,1,1,1,Reference Extractor|Knowledge Guide|Reasoning Expert|Decision Maker,2
33,DS-MVTec/bottle/image/broken_large/007.png,Defect Analysis,There is a defect in the object. How does the defect manifest on the bottle?,1011,,,,,1,0,1,1,Reference Extractor|Reasoning Expert|Decision Maker,2
34,DS-MVTec/bottle/image/broken_large/008.png,Anomaly Detection,Is there any defect in the object?,1001,,,,,1,0,0,1,Reference Extractor|Decision Maker,2
35,DS-MVTec/bottle/image/broken_large/008.png,Defect Classification,There is a defect in the object. What is the type of the defect?,1101,,,,,1,1,0,1,Reference Extractor|Knowledge Guide|Decision Maker,2
36,DS-MVTec/bottle/image/broken_large/008.png,Defect Localization,There is a defect in the object. Where is the defect?,0001,,,,,0,0,0,1,Decision Maker,1
37,DS-MVTec/bottle/image/broken_large/008.png,Defect Description,There is a defect in the object. What is the appearance of the defect?,1111,,,,,1,1,1,1,Reference Extractor|Knowledge Guide|Reasoning Expert|Decision Maker,2
38,DS-MVTec/bottle/image/broken_large/008.png,Defect Analysis,There is a defect in the object. What distinguishes the damaged area from the rest of the bottle's edge?,1011,,,,,1,0,1,1,Reference Extractor|Reasoning Expert|Decision Maker,2
39,DS-MVTec/bottle/image/broken_large/009.png,Anomaly Detection,Is there any defect in the object?,1001,,,,,1,0,0,1,Reference Extractor|Decision Maker,2
40,DS-MVTec/bottle/image/broken_large/009.png,Defect Classification,There is a defect in the object. What is the type of the defect?,1101,,,,,1,1,0,1,Reference Extractor|Knowledge Guide|Decision Maker,2
41,DS-MVTec/bottle/image/broken_large/009.png,Defect Description,There is a defect in the object. What is the appearance of the defect?,1111,,,,,1,1,1,1,Reference Extractor|Knowledge Guide|Reasoning Expert|Decision Maker,2
42,DS-MVTec/bottle/image/broken_large/009.png,Defect Analysis,There is a defect in the object. How does the defect compare to the normal sample?,1011,,,,,1,0,1,1,Reference Extractor|Reasoning Expert|Decision Maker,2
43,DS-MVTec/bottle/image/broken_large/010.png,Anomaly Detection,Is there any defect in the object?,1001,,,,,1,0,0,1,Reference Extractor|Decision Maker,2
44,DS-MVTec/bottle/image/broken_large/010.png,Defect Classification,There is a defect in the object. What is the type of the defect?,1101,,,,,1,1,0,1,Reference Extractor|Knowledge Guide|Decision Maker,2
45,DS-MVTec/bottle/image/broken_large/010.png,Defect Localization,There is a defect in the object. Where is the defect?,0001,,,,,0,0,0,1,Decision Maker,1
46,DS-MVTec/bottle/image/broken_large/010.png,Defect Description,There is a defect in the object. What is the appearance of the defect?,1111,,,,,1,1,1,1,Reference Extractor|Knowledge Guide|Reasoning Expert|Decision Maker,2
47,DS-MVTec/bottle/image/broken_large/010.png,Defect Analysis,There is a defect in the object. What can be inferred about the defect's effect on the bottle?,1011,,,,,1,0,1,1,Reference Extractor|Reasoning Expert|Decision Maker,2
48,DS-MVTec/bottle/image/broken_large/011.png,Anomaly Detection,Is there any defect in the object?,1001,,,,,1,0,0,1,Reference Extractor|Decision Maker,2
49,DS-MVTec/bottle/image/broken_large/011.png,Defect Classification,There is a defect in the object. What is the type of the defect?,1101,,,,,1,1,0,1,Reference Extractor|Knowledge Guide|Decision Maker,2
50,DS-MVTec/bottle/image/broken_large/011.png,Defect Localization,There is a defect in the object. Where is the defect?,0001,,,,,0,0,0,1,Decision Maker,1
51,DS-MVTec/bottle/image/broken_large/011.png,Defect Description,There is a defect in the object. What is the appearance of the defect?,1111,,,,,1,1,1,1,Reference Extractor|Knowledge Guide|Reasoning Expert|Decision Maker,2
52,DS-MVTec/bottle/image/broken_large/011.png,Defect Analysis,There is a defect in the object. What is the likely cause of the defect?,1011,,,,,1,0,1,1,Reference Extractor|Reasoning Expert|Decision Maker,2
53,DS-MVTec/bottle/image/broken_large/012.png,Anomaly Detection,Is there any defect in the object?,1001,,,,,1,0,0,1,Reference Extractor|Decision Maker,2
54,DS-MVTec/bottle/image/broken_large/012.png,Defect Classification,There is a defect in the object. What is the type of the defect?,1101,,,,,1,1,0,1,Reference Extractor|Knowledge Guide|Decision Maker,2
55,DS-MVTec/bottle/image/broken_large/012.png,Defect Localization,There is a defect in the object. Where is the defect?,0001,,,,,0,0,0,1,Decision Maker,1
56,DS-MVTec/bottle/image/broken_large/012.png,Defect Description,There is a defect in the object. What is the appearance of the defect?,1111,,,,,1,1,1,1,Reference Extractor|Knowledge Guide|Reasoning Expert|Decision Maker,2
57,DS-MVTec/bottle/image/broken_large/012.png,Defect Analysis,There is a defect in the object. How does the defect affect the object?,1011,,,,,1,0,1,1,Reference Extractor|Reasoning Expert|Decision Maker,2
58,DS-MVTec/bottle/image/broken_large/013.png,Anomaly Detection,Is there any defect in the object?,1001,,,,,1,0,0,1,Reference Extractor|Decision Maker,2
59,DS-MVTec/bottle/image/broken_large/013.png,Defect Classification,There is a defect in the object. What is the type of the defect?,1101,,,,,1,1,0,1,Reference Extractor|Knowledge Guide|Decision Maker,2
60,DS-MVTec/bottle/image/broken_large/013.png,Defect Description,There is a defect in the object. What is the appearance of the defect?,1111,,,,,1,1,1,1,Reference Extractor|Knowledge Guide|Reasoning Expert|Decision Maker,2
61,DS-MVTec/bottle/image/broken_large/013.png,Defect Analysis,There is a defect in the object. What impact does the defect have on the object?,1011,,,,,1,0,1,1,Reference Extractor|Reasoning Expert|Decision Maker,2
62,DS-MVTec/bottle/image/broken_large/014.png,Anomaly Detection,Is there any defect in the object?,1001,,,,,1,0,0,1,Reference Extractor|Decision Maker,2
63,DS-MVTec/bottle/image/broken_large/014.png,Defect Classification,There is a defect in the object. What is the type of the defect?,1101,,,,,1,1,0,1,Reference Extractor|Knowledge Guide|Decision Maker,2
64,DS-MVTec/bottle/image/broken_large/014.png,Defect Localization,There is a defect in the object. Where is the defect?,0001,,,,,0,0,0,1,Decision Maker,1
65,DS-MVTec/bottle/image/broken_large/014.png,Defect Description,There is a defect in the object. What is the appearance of the defect?,1111,,,,,1,1,1,1,Reference Extractor|Knowledge Guide|Reasoning Expert|Decision Maker,2
66,DS-MVTec/bottle/image/broken_large/015.png,Anomaly Detection,Is there any defect in the object?,1001,,,,,1,0,0,1,Reference Extractor|Decision Maker,2
67,DS-MVTec/bottle/image/broken_large/015.png,Defect Classification,There is a defect in the object. What is the type of the defect?,1101,,,,,1,1,0,1,Reference Extractor|Knowledge Guide|Decision Maker,2
68,DS-MVTec/bottle/image/broken_large/015.png,Defect Localization,There is a defect in the object. Where is the defect?,0001,,,,,0,0,0,1,Decision Maker,1
69,DS-MVTec/bottle/image/broken_large/015.png,Defect Description,There is a defect in the object. What is the appearance of the defect?,1111,,,,,1,1,1,1,Reference Extractor|Knowledge Guide|Reasoning Expert|Decision Maker,2
70,DS-MVTec/bottle/image/broken_large/015.png,Defect Analysis,There is a defect in the object. How does the defect affect the bottle's appearance?,1011,,,,,1,0,1,1,Reference Extractor|Reasoning Expert|Decision Maker,2
71,DS-MVTec/bottle/image/broken_large/016.png,Anomaly Detection,Is there any defect in the object?,1001,,,,,1,0,0,1,Reference Extractor|Decision Maker,2
72,DS-MVTec/bottle/image/broken_large/016.png,Defect Classification,There is a defect in the object. What is the type of the defect?,1101,,,,,1,1,0,1,Reference Extractor|Knowledge Guide|Decision Maker,2
73,DS-MVTec/bottle/image/broken_large/016.png,Defect Localization,There is a defect in the object. Where is the defect?,0001,,,,,0,0,0,1,Decision Maker,1
74,DS-MVTec/bottle/image/broken_large/016.png,Defect Description,There is a defect in the object. What is the appearance of the defect?,1111,,,,,1,1,1,1,Reference Extractor|Knowledge Guide|Reasoning Expert|Decision Maker,2
75,DS-MVTec/bottle/image/broken_large/017.png,Anomaly Detection,Is there any defect in the object?,1001,,,,,1,0,0,1,Reference Extractor|Decision Maker,2
76,DS-MVTec/bottle/image/broken_large/017.png,Defect Classification,There is a defect in the object. What is the type of the defect?,1101,,,,,1,1,0,1,Reference Extractor|Knowledge Guide|Decision Maker,2
77,DS-MVTec/bottle/image/broken_large/017.png,Defect Description,There is a defect in the object. What is the appearance of the defect?,1111,,,,,1,1,1,1,Reference Extractor|Knowledge Guide|Reasoning Expert|Decision Maker,2
78,DS-MVTec/bottle/image/broken_large/018.png,Anomaly Detection,Is there any defect in the object?,1001,,,,,1,0,0,1,Reference Extractor|Decision Maker,2
79,DS-MVTec/bottle/image/broken_large/018.png,Defect Classification,There is a defect in the object. What is the type of the defect?,1101,,,,,1,1,0,1,Reference Extractor|Knowledge Guide|Decision Maker,2
80,DS-MVTec/bottle/image/broken_large/018.png,Defect Description,There is a defect in the object. What is the appearance of the defect?,1111,,,,,1,1,1,1,Reference Extractor|Knowledge Guide|Reasoning Expert|Decision Maker,2
81,DS-MVTec/bottle/image/broken_large/018.png,Defect Analysis,There is a defect in the object. What is the effect of the defect?,1011,,,,,1,0,1,1,Reference Extractor|Reasoning Expert|Decision Maker,2
82,DS-MVTec/bottle/image/broken_large/019.png,Anomaly Detection,Is there any defect in the object?,1001,,,,,1,0,0,1,Reference Extractor|Decision Maker,2
83,DS-MVTec/bottle/image/broken_large/019.png,Defect Classification,There is a defect in the object. What is the type of the defect?,1101,,,,,1,1,0,1,Reference Extractor|Knowledge Guide|Decision Maker,2
84,DS-MVTec/bottle/image/broken_large/019.png,Defect Localization,There is a defect in the object. Where is the defect?,0001,,,,,0,0,0,1,Decision Maker,1
85,DS-MVTec/bottle/image/broken_large/019.png,Defect Description,There is a defect in the object. What is the appearance of the defect?,1111,,,,,1,1,1,1,Reference Extractor|Knowledge Guide|Reasoning Expert|Decision Maker,2
86,DS-MVTec/bottle/image/broken_large/019.png,Defect Analysis,There is a defect in the object. How does the defect affect the bottle?,1011,,,,,1,0,1,1,Reference Extractor|Reasoning Expert|Decision Maker,2
87,DS-MVTec/bottle/image/broken_small/000.png,Anomaly Detection,Is there any defect in the object?,1001,,,,,1,0,0,1,Reference Extractor|Decision Maker,2
88,DS-MVTec/bottle/image/broken_small/000.png,Defect Classification,There is a defect in the object. What is the type of the defect?,1101,,,,,1,1,0,1,Reference Extractor|Knowledge Guide|Decision Maker,2
89,DS-MVTec/bottle/image/broken_small/000.png,Defect Localization,There is a defect in the object. Where is the defect?,0001,,,,,0,0,0,1,Decision Maker,1
90,DS-MVTec/bottle/image/broken_small/000.png,Defect Description,There is a defect in the object. What is the appearance of the defect?,1111,,,,,1,1,1,1,Reference Extractor|Knowledge Guide|Reasoning Expert|Decision Maker,2
91,DS-MVTec/bottle/image/broken_small/000.png,Defect Analysis,There is a defect in the object. What is the effect of the defect on the bottle?,1011,,,,,1,0,1,1,Reference Extractor|Reasoning Expert|Decision Maker,2
92,DS-MVTec/bottle/image/broken_small/001.png,Anomaly Detection,Is there any defect in the object?,1001,,,,,1,0,0,1,Reference Extractor|Decision Maker,2
93,DS-MVTec/bottle/image/broken_small/001.png,Defect Classification,There is a defect in the object. What is the type of the defect?,1101,,,,,1,1,0,1,Reference Extractor|Knowledge Guide|Decision Maker,2
94,DS-MVTec/bottle/image/broken_small/001.png,Defect Localization,There is a defect in the object. Where is the defect?,0001,,,,,0,0,0,1,Decision Maker,1
95,DS-MVTec/bottle/image/broken_small/001.png,Defect Description,There is a defect in the object. What is the appearance of the defect?,1111,,,,,1,1,1,1,Reference Extractor|Knowledge Guide|Reasoning Expert|Decision Maker,2
96,DS-MVTec/bottle/image/broken_small/001.png,Defect Analysis,There is a defect in the object. How does the defect affect the appearance of the bottle?,1011,,,,,1,0,1,1,Reference Extractor|Reasoning Expert|Decision Maker,2
97,DS-MVTec/bottle/image/broken_small/002.png,Anomaly Detection,Is there any defect in the object?,1001,,,,,1,0,0,1,Reference Extractor|Decision Maker,2
98,DS-MVTec/bottle/image/broken_small/002.png,Defect Classification,There is a defect in the object. What is the type of the defect?,1101,,,,,1,1,0,1,Reference Extractor|Knowledge Guide|Decision Maker,2
99,DS-MVTec/bottle/image/broken_small/002.png,Defect Description,There is a defect in the object. What is the appearance of the defect?,1111,,,,,1,1,1,1,Reference Extractor|Knowledge Guide|Reasoning Expert|Decision Maker,2
100,DS-MVTec/bottle/image/broken_small/002.png,Defect Analysis,There is a defect in the object. What is the potential effect of the defect?,1011,,,,,1,0,1,1,Reference Extractor|Reasoning Expert|Decision Maker,2
101,DS-MVTec/bottle/image/broken_small/003.png,Anomaly Detection,Is there any defect in the object?,1001,,,,,1,0,0,1,Reference Extractor|Decision Maker,2
102,DS-MVTec/bottle/image/broken_small/003.png,Defect Classification,There is a defect in the object. What is the type of the defect?,1101,,,,,1,1,0,1,Reference Extractor|Knowledge Guide|Decision Maker,2
103,DS-MVTec/bottle/image/broken_small/003.png,Defect Description,There is a defect in the object. What is the appearance of the defect?,1111,,,,,1,1,1,1,Reference Extractor|Knowledge Guide|Reasoning Expert|Decision Maker,2
104,DS-MVTec/bottle/image/broken_small/003.png,Defect Analysis,There is a defect in the object. How does the defect affect the bottle's appearance?,1011,,,,,1,0,1,1,Reference Extractor|Reasoning Expert|Decision Maker,2
105,DS-MVTec/bottle/image/broken_small/004.png,Anomaly Detection,Is there any defect in the object?,1001,,,,,1,0,0,1,Reference Extractor|Decision Maker,2
106,DS-MVTec/bottle/image/broken_small/004.png,Defect Classification,There is a defect in the object. What is the type of the defect?,1101,,,,,1,1,0,1,Reference Extractor|Knowledge Guide|Decision Maker,2
107,DS-MVTec/bottle/image/broken_small/004.png,Defect Description,There is a defect in the object. What is the appearance of the defect?,1111,,,,,1,1,1,1,Reference Extractor|Knowledge Guide|Reasoning Expert|Decision Maker,2
108,DS-MVTec/bottle/image/broken_small/004.png,Defect Analysis,There is a defect in the object. What effect does the defect have?,1011,,,,,1,0,1,1,Reference Extractor|Reasoning Expert|Decision Maker,2
109,DS-MVTec/bottle/image/broken_small/005.png,Anomaly Detection,Is there any defect in the object?,1001,,,,,1,0,0,1,Reference Extractor|Decision Maker,2
110,DS-MVTec/bottle/image/broken_small/005.png,Defect Localization,There is a defect in the object. Where is the defect?,0001,,,,,0,0,0,1,Decision Maker,1
111,DS-MVTec/bottle/image/broken_small/005.png,Defect Description,There is a defect in the object. What is the appearance of the defect?,1111,,,,,1,1,1,1,Reference Extractor|Knowledge Guide|Reasoning Expert|Decision Maker,2
112,DS-MVTec/bottle/image/broken_small/005.png,Defect Analysis,There is a defect in the object. What effect does the defect have on the bottle's opening?,1011,,,,,1,0,1,1,Reference Extractor|Reasoning Expert|Decision Maker,2
113,DS-MVTec/bottle/image/broken_small/006.png,Anomaly Detection,Is there any defect in the object?,1001,,,,,1,0,0,1,Reference Extractor|Decision Maker,2
114,DS-MVTec/bottle/image/broken_small/006.png,Defect Classification,There is a defect in the object. What is the type of the defect?,1101,,,,,1,1,0,1,Reference Extractor|Knowledge Guide|Decision Maker,2
115,DS-MVTec/bottle/image/broken_small/006.png,Defect Localization,There is a defect in the object. Where is the defect?,0001,,,,,0,0,0,1,Decision Maker,1
116,DS-MVTec/bottle/image/broken_small/006.png,Defect Description,There is a defect in the object. What is the appearance of the defect?,1111,,,,,1,1,1,1,Reference Extractor|Knowledge Guide|Reasoning Expert|Decision Maker,2
117,DS-MVTec/bottle/image/broken_small/006.png,Defect Analysis,There is a defect in the object. How does the defect affect the appearance of the object?,1011,,,,,1,0,1,1,Reference Extractor|Reasoning Expert|Decision Maker,2
118,DS-MVTec/bottle/image/broken_small/007.png,Anomaly Detection,Is there any defect in the object?,1001,,,,,1,0,0,1,Reference Extractor|Decision Maker,2
119,DS-MVTec/bottle/image/broken_small/007.png,Defect Classification,There is a defect in the object. What is the type of the defect?,1101,,,,,1,1,0,1,Reference Extractor|Knowledge Guide|Decision Maker,2
120,DS-MVTec/bottle/image/broken_small/007.png,Defect Localization,There is a defect in the object. Where is the defect?,0001,,,,,0,0,0,1,Decision Maker,1
121,DS-MVTec/bottle/image/broken_small/007.png,Defect Analysis,There is a defect in the object. How does the defect affect the object's appearance?,1011,,,,,1,0,1,1,Reference Extractor|Reasoning Expert|Decision Maker,2
122,DS-MVTec/bottle/image/broken_small/008.png,Anomaly Detection,Is there any defect in the object?,1001,,,,,1,0,0,1,Reference Extractor|Decision Maker,2
123,DS-MVTec/bottle/image/broken_small/008.png,Defect Classification,There is a defect in the object. What is the type of the defect?,1101,,,,,1,1,0,1,Reference Extractor|Knowledge Guide|Decision Maker,2
124,DS-MVTec/bottle/image/broken_small/008.png,Defect Localization,There is a defect in the object. Where is the defect?,0001,,,,,0,0,0,1,Decision Maker,1
125,DS-MVTec/bottle/image/broken_small/008.png,Defect Description,There is a defect in the object. What is the appearance of the defect?,1111,,,,,1,1,1,1,Reference Extractor|Knowledge Guide|Reasoning Expert|Decision Maker,2
126,DS-MVTec/bottle/image/broken_small/008.png,Defect Analysis,There is a defect in the object. How does the defect area compare to the rest of the rim?,1011,,,,,1,0,1,1,Reference Extractor|Reasoning Expert|Decision Maker,2
127,DS-MVTec/bottle/image/broken_small/009.png,Anomaly Detection,Is there any defect in the object?,1001,,,,,1,0,0,1,Reference Extractor|Decision Maker,2
128,DS-MVTec/bottle/image/broken_small/009.png,Defect Classification,There is a defect in the object. What is the type of the defect?,1101,,,,,1,1,0,1,Reference Extractor|Knowledge Guide|Decision Maker,2
129,DS-MVTec/bottle/image/broken_small/009.png,Defect Localization,There is a defect in the object. Where is the defect?,0001,,,,,0,0,0,1,Decision Maker,1
130,DS-MVTec/bottle/image/broken_small/009.png,Defect Description,There is a defect in the object. What is the appearance of the defect?,1111,,,,,1,1,1,1,Reference Extractor|Knowledge Guide|Reasoning Expert|Decision Maker,2
131,DS-MVTec/bottle/image/broken_small/009.png,Defect Analysis,There is a defect in the object. How does the defect affect the object?,1011,,,,,1,0,1,1,Reference Extractor|Reasoning Expert|Decision Maker,2
132,DS-MVTec/bottle/image/broken_small/010.png,Anomaly Detection,Is there any defect in the object?,1001,,,,,1,0,0,1,Reference Extractor|Decision Maker,2
133,DS-MVTec/bottle/image/broken_small/010.png,Defect Localization,There is a defect in the object. Where is the defect?,0001,,,,,0,0,0,1,Decision Maker,1
134,DS-MVTec/bottle/image/broken_small/010.png,Defect Description,There is a defect in the object. What is the appearance of the defect?,1111,,,,,1,1,1,1,Reference Extractor|Knowledge Guide|Reasoning Expert|Decision Maker,2
135,DS-MVTec/bottle/image/broken_small/010.png,Defect Analysis,There is a defect in the object. How does the defect affect the object's appearance?,1011,,,,,1,0,1,1,Reference Extractor|Reasoning Expert|Decision Maker,2
136,DS-MVTec/bottle/image/broken_small/011.png,Anomaly Detection,Is there any defect in the object?,1001,,,,,1,0,0,1,Reference Extractor|Decision Maker,2
137,DS-MVTec/bottle/image/broken_small/011.png,Defect Localization,There is a defect in the object. Where is the defect?,0001,,,,,0,0,0,1,Decision Maker,1
138,DS-MVTec/bottle/image/broken_small/011.png,Defect Analysis,There is a defect in the object. What is the effect of the defect on the bottle's appearance?,1011,,,,,1,0,1,1,Reference Extractor|Reasoning Expert|Decision Maker,2
139,DS-MVTec/bottle/image/broken_small/012.png,Anomaly Detection,Is there any defect in the object?,1001,,,,,1,0,0,1,Reference Extractor|Decision Maker,2
140,DS-MVTec/bottle/image/broken_small/012.png,Defect Localization,There is a defect in the object. Where is the defect?,0001,,,,,0,0,0,1,Decision Maker,1
141,DS-MVTec/bottle/image/broken_small/012.png,Defect Analysis,There is a defect in the object. What is the effect of the defect on the bottle?,1011,,,,,1,0,1,1,Reference Extractor|Reasoning Expert|Decision Maker,2
142,DS-MVTec/bottle/image/broken_small/013.png,Anomaly Detection,Is there any defect in the object?,1001,,,,,1,0,0,1,Reference Extractor|Decision Maker,2
143,DS-MVTec/bottle/image/broken_small/013.png,Defect Classification,There is a defect in the object. What is the type of the defect?,1101,,,,,1,1,0,1,Reference Extractor|Knowledge Guide|Decision Maker,2
144,DS-MVTec/bottle/image/broken_small/013.png,Defect Localization,There is a defect in the object. Where is the defect?,0001,,,,,0,0,0,1,Decision Maker,1
145,DS-MVTec/bottle/image/broken_small/013.png,Defect Description,There is a defect in the object. What is the appearance of the defect?,1111,,,,,1,1,1,1,Reference Extractor|Knowledge Guide|Reasoning Expert|Decision Maker,2
146,DS-MVTec/bottle/image/broken_small/014.png,Anomaly Detection,Is there any defect in the object?,1001,,,,,1,0,0,1,Reference Extractor|Decision Maker,2
147,DS-MVTec/bottle/image/broken_small/014.png,Defect Classification,There is a defect in the object. What is the type of the defect?,1101,,,,,1,1,0,1,Reference Extractor|Knowledge Guide|Decision Maker,2
148,DS-MVTec/bottle/image/broken_small/014.png,Defect Localization,There is a defect in the object. Where is the defect?,0001,,,,,0,0,0,1,Decision Maker,1
149,DS-MVTec/bottle/image/broken_small/014.png,Defect Analysis,There is a defect in the object. How does the defect contrast with the surrounding area?,1011,,,,,1,0,1,1,Reference Extractor|Reasoning Expert|Decision Maker,2
150,DS-MVTec/bottle/image/broken_small/015.png,Anomaly Detection,Is there any defect in the object?,1001,,,,,1,0,0,1,Reference Extractor|Decision Maker,2
151,DS-MVTec/bottle/image/broken_small/015.png,Defect Localization,There is a defect in the object. Where is the defect?,0001,,,,,0,0,0,1,Decision Maker,1
152,DS-MVTec/bottle/image/broken_small/015.png,Defect Description,There is a defect in the object. What is the appearance of the defect?,1111,,,,,1,1,1,1,Reference Extractor|Knowledge Guide|Reasoning Expert|Decision Maker,2
153,DS-MVTec/bottle/image/broken_small/015.png,Defect Analysis,There is a defect in the object. How does the defect affect the object?,1011,,,,,1,0,1,1,Reference Extractor|Reasoning Expert|Decision Maker,2
154,DS-MVTec/bottle/image/broken_small/016.png,Anomaly Detection,Is there any defect in the object?,1001,,,,,1,0,0,1,Reference Extractor|Decision Maker,2
155,DS-MVTec/bottle/image/broken_small/016.png,Defect Localization,There is a defect in the object. Where is the defect?,0001,,,,,0,0,0,1,Decision Maker,1
156,DS-MVTec/bottle/image/broken_small/016.png,Defect Description,There is a defect in the object. What is the appearance of the defect?,1111,,,,,1,1,1,1,Reference Extractor|Knowledge Guide|Reasoning Expert|Decision Maker,2
157,DS-MVTec/bottle/image/broken_small/016.png,Defect Analysis,There is a defect in the object. What could be the effect of the defect?,1011,,,,,1,0,1,1,Reference Extractor|Reasoning Expert|Decision Maker,2
158,DS-MVTec/bottle/image/broken_small/017.png,Anomaly Detection,Is there any defect in the object?,1001,,,,,1,0,0,1,Reference Extractor|Decision Maker,2
159,DS-MVTec/bottle/image/broken_small/017.png,Defect Classification,There is a defect in the object. What is the type of the defect?,1101,,,,,1,1,0,1,Reference Extractor|Knowledge Guide|Decision Maker,2
160,DS-MVTec/bottle/image/broken_small/017.png,Defect Localization,There is a defect in the object. Where is the defect?,0001,,,,,0,0,0,1,Decision Maker,1
161,DS-MVTec/bottle/image/broken_small/017.png,Defect Description,There is a defect in the object. What is the appearance of the defect?,1111,,,,,1,1,1,1,Reference Extractor|Knowledge Guide|Reasoning Expert|Decision Maker,2
162,DS-MVTec/bottle/image/broken_small/017.png,Defect Analysis,There is a defect in the object. What is the effect of the defect on the bottle's appearance?,1011,,,,,1,0,1,1,Reference Extractor|Reasoning Expert|Decision Maker,2
163,DS-MVTec/bottle/image/broken_small/018.png,Anomaly Detection,Is there any defect in the object?,1001,,,,,1,0,0,1,Reference Extractor|Decision Maker,2
164,DS-MVTec/bottle/image/broken_small/018.png,Defect Localization,There is a defect in the object. Where is the defect?,0001,,,,,0,0,0,1,Decision Maker,1
165,DS-MVTec/bottle/image/broken_small/018.png,Defect Description,There is a defect in the object. What is the appearance of the defect?,1111,,,,,1,1,1,1,Reference Extractor|Knowledge Guide|Reasoning Expert|Decision Maker,2
166,DS-MVTec/bottle/image/broken_small/018.png,Defect Analysis,There is a defect in the object. What effect does the defect have on the object?,1011,,,,,1,0,1,1,Reference Extractor|Reasoning Expert|Decision Maker,2
167,DS-MVTec/bottle/image/broken_small/019.png,Anomaly Detection,Is there any defect in the object?,1001,,,,,1,0,0,1,Reference Extractor|Decision Maker,2
168,DS-MVTec/bottle/image/broken_small/019.png,Defect Classification,There is a defect in the object. What is the type of the defect?,1101,,,,,1,1,0,1,Reference Extractor|Knowledge Guide|Decision Maker,2
169,DS-MVTec/bottle/image/broken_small/019.png,Defect Localization,There is a defect in the object. Where is the defect?,0001,,,,,0,0,0,1,Decision Maker,1
170,DS-MVTec/bottle/image/broken_small/019.png,Defect Description,There is a defect in the object. What is the appearance of the defect?,1111,,,,,1,1,1,1,Reference Extractor|Knowledge Guide|Reasoning Expert|Decision Maker,2
171,DS-MVTec/bottle/image/broken_small/019.png,Defect Analysis,There is a defect in the object. What does the defect suggest about the bottle's rim?,1011,,,,,1,0,1,1,Reference Extractor|Reasoning Expert|Decision Maker,2
172,DS-MVTec/bottle/image/broken_small/020.png,Anomaly Detection,Is there any defect in the object?,1001,,,,,1,0,0,1,Reference Extractor|Decision Maker,2
173,DS-MVTec/bottle/image/broken_small/020.png,Defect Localization,There is a defect in the object. Where is the defect?,0001,,,,,0,0,0,1,Decision Maker,1
174,DS-MVTec/bottle/image/broken_small/020.png,Defect Description,There is a defect in the object. What is the appearance of the defect?,1111,,,,,1,1,1,1,Reference Extractor|Knowledge Guide|Reasoning Expert|Decision Maker,2
175,DS-MVTec/bottle/image/broken_small/020.png,Defect Analysis,There is a defect in the object. How does the defect contrast with the rest of the bottle's inner surface?,1011,,,,,1,0,1,1,Reference Extractor|Reasoning Expert|Decision Maker,2
176,DS-MVTec/bottle/image/broken_small/021.png,Anomaly Detection,Is there any defect in the object?,1001,,,,,1,0,0,1,Reference Extractor|Decision Maker,2
177,DS-MVTec/bottle/image/broken_small/021.png,Defect Classification,There is a defect in the object. What is the type of the defect?,1101,,,,,1,1,0,1,Reference Extractor|Knowledge Guide|Decision Maker,2
178,DS-MVTec/bottle/image/broken_small/021.png,Defect Localization,There is a defect in the object. Where is the defect?,0001,,,,,0,0,0,1,Decision Maker,1
179,DS-MVTec/bottle/image/broken_small/021.png,Defect Description,There is a defect in the object. What is the appearance of the defect?,1111,,,,,1,1,1,1,Reference Extractor|Knowledge Guide|Reasoning Expert|Decision Maker,2
180,DS-MVTec/bottle/image/contamination/000.png,Anomaly Detection,Is there any defect in the object?,1001,,,,,1,0,0,1,Reference Extractor|Decision Maker,2
181,DS-MVTec/bottle/image/contamination/000.png,Defect Classification,There is a defect in the object. What is the type of the defect?,1101,,,,,1,1,0,1,Reference Extractor|Knowledge Guide|Decision Maker,2
182,DS-MVTec/bottle/image/contamination/000.png,Defect Localization,There is a defect in the object. Where is the defect?,0001,,,,,0,0,0,1,Decision Maker,1
183,DS-MVTec/bottle/image/contamination/000.png,Defect Description,There is a defect in the object. What is the appearance of the defect?,1111,,,,,1,1,1,1,Reference Extractor|Knowledge Guide|Reasoning Expert|Decision Maker,2
184,DS-MVTec/bottle/image/contamination/001.png,Anomaly Detection,Is there any defect in the object?,1001,,,,,1,0,0,1,Reference Extractor|Decision Maker,2
185,DS-MVTec/bottle/image/contamination/001.png,Defect Classification,There is a defect in the object. What is the type of the defect?,1101,,,,,1,1,0,1,Reference Extractor|Knowledge Guide|Decision Maker,2
186,DS-MVTec/bottle/image/contamination/001.png,Defect Localization,There is a defect in the object. Where is the defect?,0001,,,,,0,0,0,1,Decision Maker,1
187,DS-MVTec/bottle/image/contamination/001.png,Defect Description,There is a defect in the object. What is the appearance of the defect?,1111,,,,,1,1,1,1,Reference Extractor|Knowledge Guide|Reasoning Expert|Decision Maker,2
188,DS-MVTec/bottle/image/contamination/001.png,Defect Analysis,There is a defect in the object. What does the defect indicate?,1011,,,,,1,0,1,1,Reference Extractor|Reasoning Expert|Decision Maker,2
189,DS-MVTec/bottle/image/contamination/002.png,Anomaly Detection,Is there any defect in the object?,1001,,,,,1,0,0,1,Reference Extractor|Decision Maker,2
190,DS-MVTec/bottle/image/contamination/002.png,Defect Classification,There is a defect in the object. What is the type of the defect?,1101,,,,,1,1,0,1,Reference Extractor|Knowledge Guide|Decision Maker,2
191,DS-MVTec/bottle/image/contamination/002.png,Defect Localization,There is a defect in the object. Where is the defect?,0001,,,,,0,0,0,1,Decision Maker,1
192,DS-MVTec/bottle/image/contamination/002.png,Defect Analysis,There is a defect in the object. What could be the effect of this defect?,1011,,,,,1,0,1,1,Reference Extractor|Reasoning Expert|Decision Maker,2
193,DS-MVTec/bottle/image/contamination/003.png,Anomaly Detection,Is there any defect in the object?,1001,,,,,1,0,0,1,Reference Extractor|Decision Maker,2
194,DS-MVTec/bottle/image/contamination/003.png,Defect Localization,There is a defect in the object. Where is the defect?,0001,,,,,0,0,0,1,Decision Maker,1
195,DS-MVTec/bottle/image/contamination/003.png,Defect Description,There is a defect in the object. What is the appearance of the defect?,1111,,,,,1,1,1,1,Reference Extractor|Knowledge Guide|Reasoning Expert|Decision Maker,2
196,DS-MVTec/bottle/image/contamination/004.png,Anomaly Detection,Is there any defect in the object?,1001,,,,,1,0,0,1,Reference Extractor|Decision Maker,2
197,DS-MVTec/bottle/image/contamination/004.png,Defect Localization,There is a defect in the object. Where is the defect?,0001,,,,,0,0,0,1,Decision Maker,1
198,DS-MVTec/bottle/image/contamination/004.png,Defect Description,There is a defect in the object. What is the appearance of the defect?,1111,,,,,1,1,1,1,Reference Extractor|Knowledge Guide|Reasoning Expert|Decision Maker,2
199,DS-MVTec/bottle/image/contamination/004.png,Defect Analysis,There is a defect in the object. What is the effect of the defect?,1011,,,,,1,0,1,1,Reference Extractor|Reasoning Expert|Decision Maker,2
200,DS-MVTec/bottle/image/contamination/005.png,Anomaly Detection,Is there any defect in the object?,1001,,,,,1,0,0,1,Reference Extractor|Decision Maker,2
201,DS-MVTec/bottle/image/contamination/005.png,Defect Classification,There is a defect in the object. What is the type of the defect?,1101,,,,,1,1,0,1,Reference Extractor|Knowledge Guide|Decision Maker,2
202,DS-MVTec/bottle/image/contamination/005.png,Defect Description,There is a defect in the object. What is the appearance of the defect?,1111,,,,,1,1,1,1,Reference Extractor|Knowledge Guide|Reasoning Expert|Decision Maker,2
203,DS-MVTec/bottle/image/contamination/005.png,Defect Analysis,There is a defect in the object. What is the effect of the defect?,1011,,,,,1,0,1,1,Reference Extractor|Reasoning Expert|Decision Maker,2
204,DS-MVTec/bottle/image/contamination/006.png,Anomaly Detection,Is there any defect in the object?,1001,,,,,1,0,0,1,Reference Extractor|Decision Maker,2
205,DS-MVTec/bottle/image/contamination/006.png,Defect Classification,There is a defect in the object. What is the type of the defect?,1101,,,,,1,1,0,1,Reference Extractor|Knowledge Guide|Decision Maker,2
206,DS-MVTec/bottle/image/contamination/006.png,Defect Localization,There is a defect in the object. Where is the defect?,0001,,,,,0,0,0,1,Decision Maker,1
207,DS-MVTec/bottle/image/contamination/006.png,Defect Description,There is a defect in the object. What is the appearance of the defect?,1111,,,,,1,1,1,1,Reference Extractor|Knowledge Guide|Reasoning Expert|Decision Maker,2
208,DS-MVTec/bottle/image/contamination/006.png,Defect Analysis,There is a defect in the object. What is the effect of the defect?,1011,,,,,1,0,1,1,Reference Extractor|Reasoning Expert|Decision Maker,2
209,DS-MVTec/bottle/image/contamination/007.png,Anomaly Detection,Is there any defect in the object?,1001,,,,,1,0,0,1,Reference Extractor|Decision Maker,2
210,DS-MVTec/bottle/image/contamination/007.png,Defect Classification,There is a defect in the object. What is the type of the defect?,1101,,,,,1,1,0,1,Reference Extractor|Knowledge Guide|Decision Maker,2
211,DS-MVTec/bottle/image/contamination/007.png,Defect Localization,There is a defect in the object. Where is the defect?,0001,,,,,0,0,0,1,Decision Maker,1
212,DS-MVTec/bottle/image/contamination/007.png,Defect Analysis,There is a defect in the object. What is the effect of the defect on the product?,1011,,,,,1,0,1,1,Reference Extractor|Reasoning Expert|Decision Maker,2
213,DS-MVTec/bottle/image/contamination/008.png,Anomaly Detection,Is there any defect in the object?,1001,,,,,1,0,0,1,Reference Extractor|Decision Maker,2
214,DS-MVTec/bottle/image/contamination/008.png,Defect Classification,There is a defect in the object. What is the type of the defect?,1101,,,,,1,1,0,1,Reference Extractor|Knowledge Guide|Decision Maker,2
215,DS-MVTec/bottle/image/contamination/008.png,Defect Localization,There is a defect in the object. Where is the defect?,0001,,,,,0,0,0,1,Decision Maker,1
216,DS-MVTec/bottle/image/contamination/008.png,Defect Description,There is a defect in the object. What is the appearance of the defect?,1111,,,,,1,1,1,1,Reference Extractor|Knowledge Guide|Reasoning Expert|Decision Maker,2
217,DS-MVTec/bottle/image/contamination/008.png,Defect Analysis,There is a defect in the object. What could be the effect of the defect?,1011,,,,,1,0,1,1,Reference Extractor|Reasoning Expert|Decision Maker,2
218,DS-MVTec/bottle/image/contamination/009.png,Anomaly Detection,Is there any defect in the object?,1001,,,,,1,0,0,1,Reference Extractor|Decision Maker,2
219,DS-MVTec/bottle/image/contamination/009.png,Defect Classification,There is a defect in the object. What is the type of the defect?,1101,,,,,1,1,0,1,Reference Extractor|Knowledge Guide|Decision Maker,2
220,DS-MVTec/bottle/image/contamination/009.png,Defect Localization,There is a defect in the object. Where is the defect?,0001,,,,,0,0,0,1,Decision Maker,1
221,DS-MVTec/bottle/image/contamination/009.png,Defect Description,There is a defect in the object. What is the appearance of the defect?,1111,,,,,1,1,1,1,Reference Extractor|Knowledge Guide|Reasoning Expert|Decision Maker,2
222,DS-MVTec/bottle/image/contamination/009.png,Defect Analysis,There is a defect in the object. What effect does the defect have on the object?,1011,,,,,1,0,1,1,Reference Extractor|Reasoning Expert|Decision Maker,2
223,DS-MVTec/bottle/image/contamination/010.png,Anomaly Detection,Is there any defect in the object?,1001,,,,,1,0,0,1,Reference Extractor|Decision Maker,2
224,DS-MVTec/bottle/image/contamination/010.png,Defect Classification,There is a defect in the object. What is the type of the defect?,1101,,,,,1,1,0,1,Reference Extractor|Knowledge Guide|Decision Maker,2
225,DS-MVTec/bottle/image/contamination/010.png,Defect Localization,There is a defect in the object. Where is the defect?,0001,,,,,0,0,0,1,Decision Maker,1
226,DS-MVTec/bottle/image/contamination/010.png,Defect Description,There is a defect in the object. What is the appearance of the defect?,1111,,,,,1,1,1,1,Reference Extractor|Knowledge Guide|Reasoning Expert|Decision Maker,2
227,DS-MVTec/bottle/image/contamination/010.png,Defect Analysis,There is a defect in the object. What is the potential effect of the defect on the bottle?,1011,,,,,1,0,1,1,Reference Extractor|Reasoning Expert|Decision Maker,2
228,DS-MVTec/bottle/image/contamination/011.png,Anomaly Detection,Is there any defect in the object?,1001,,,,,1,0,0,1,Reference Extractor|Decision Maker,2
229,DS-MVTec/bottle/image/contamination/011.png,Defect Classification,There is a defect in the object. What is the type of the defect?,1101,,,,,1,1,0,1,Reference Extractor|Knowledge Guide|Decision Maker,2
230,DS-MVTec/bottle/image/contamination/011.png,Defect Localization,There is a defect in the object. Where is the defect?,0001,,,,,0,0,0,1,Decision Maker,1
231,DS-MVTec/bottle/image/contamination/011.png,Defect Description,There is a defect in the object. What is the appearance of the defect?,1111,,,,,1,1,1,1,Reference Extractor|Knowledge Guide|Reasoning Expert|Decision Maker,2
232,DS-MVTec/bottle/image/contamination/011.png,Defect Analysis,There is a defect in the object. What may be the effect of the defect?,1011,,,,,1,0,1,1,Reference Extractor|Reasoning Expert|Decision Maker,2
233,DS-MVTec/bottle/image/contamination/012.png,Anomaly Detection,Is there any defect in the object?,1001,,,,,1,0,0,1,Reference Extractor|Decision Maker,2
234,DS-MVTec/bottle/image/contamination/012.png,Defect Classification,There is a defect in the object. What is the type of the defect?,1101,,,,,1,1,0,1,Reference Extractor|Knowledge Guide|Decision Maker,2
235,DS-MVTec/bottle/image/contamination/012.png,Defect Localization,There is a defect in the object. Where is the defect?,0001,,,,,0,0,0,1,Decision Maker,1
236,DS-MVTec/bottle/image/contamination/012.png,Defect Description,There is a defect in the object. What is the appearance of the defect?,1111,,,,,1,1,1,1,Reference Extractor|Knowledge Guide|Reasoning Expert|Decision Maker,2
237,DS-MVTec/bottle/image/contamination/012.png,Defect Analysis,There is a defect in the object. What is the effect of the defect?,1011,,,,,1,0,1,1,Reference Extractor|Reasoning Expert|Decision Maker,2
238,DS-MVTec/bottle/image/contamination/013.png,Anomaly Detection,Is there any defect in the object?,1001,,,,,1,0,0,1,Reference Extractor|Decision Maker,2
239,DS-MVTec/bottle/image/contamination/013.png,Defect Classification,There is a defect in the object. What is the type of the defect?,1101,,,,,1,1,0,1,Reference Extractor|Knowledge Guide|Decision Maker,2
240,DS-MVTec/bottle/image/contamination/013.png,Defect Localization,There is a defect in the object. Where is the defect?,0001,,,,,0,0,0,1,Decision Maker,1
241,DS-MVTec/bottle/image/contamination/013.png,Defect Description,There is a defect in the object. What is the appearance of the defect?,1111,,,,,1,1,1,1,Reference Extractor|Knowledge Guide|Reasoning Expert|Decision Maker,2
242,DS-MVTec/bottle/image/contamination/014.png,Anomaly Detection,Is there any defect in the object?,1001,,,,,1,0,0,1,Reference Extractor|Decision Maker,2
243,DS-MVTec/bottle/image/contamination/014.png,Defect Classification,There is a defect in the object. What is the type of the defect?,1101,,,,,1,1,0,1,Reference Extractor|Knowledge Guide|Decision Maker,2
244,DS-MVTec/bottle/image/contamination/014.png,Defect Localization,There is a defect in the object. Where is the defect?,0001,,,,,0,0,0,1,Decision Maker,1
245,DS-MVTec/bottle/image/contamination/014.png,Defect Description,There is a defect in the object. What is the appearance of the defect?,1111,,,,,1,1,1,1,Reference Extractor|Knowledge Guide|Reasoning Expert|Decision Maker,2
246,DS-MVTec/bottle/image/contamination/015.png,Anomaly Detection,Is there any defect in the object?,1001,,,,,1,0,0,1,Reference Extractor|Decision Maker,2
247,DS-MVTec/bottle/image/contamination/015.png,Defect Classification,There is a defect in the object. What is the type of the defect?,1101,,,,,1,1,0,1,Reference Extractor|Knowledge Guide|Decision Maker,2
248,DS-MVTec/bottle/image/contamination/015.png,Defect Localization,There is a defect in the object. Where is the defect?,0001,,,,,0,0,0,1,Decision Maker,1
249,DS-MVTec/bottle/image/contamination/015.png,Defect Description,There is a defect in the object. What is the appearance of the defect?,1111,,,,,1,1,1,1,Reference Extractor|Knowledge Guide|Reasoning Expert|Decision Maker,2
250,DS-MVTec/bottle/image/contamination/015.png,Defect Analysis,There is a defect in the object. What is the likely effect of the defect?,1011,,,,,1,0,1,1,Reference Extractor|Reasoning Expert|Decision Maker,2
251,DS-MVTec/bottle/image/contamination/016.png,Anomaly Detection,Is there any defect in the object?,1001,,,,,1,0,0,1,Reference Extractor|Decision Maker,2
252,DS-MVTec/bottle/image/contamination/016.png,Defect Localization,There is a defect in the object. Where is the defect?,0001,,,,,0,0,0,1,Decision Maker,1
253,DS-MVTec/bottle/image/contamination/016.png,Defect Description,There is a defect in the object. What is the appearance of the defect?,1111,,,,,1,1,1,1,Reference Extractor|Knowledge Guide|Reasoning Expert|Decision Maker,2
254,DS-MVTec/bottle/image/contamination/016.png,Defect Analysis,There is a defect in the object. What is the possible effect of the defect?,1011,,,,,1,0,1,1,Reference Extractor|Reasoning Expert|Decision Maker,2
255,DS-MVTec/bottle/image/contamination/017.png,Anomaly Detection,Is there any defect in the object?,1001,,,,,1,0,0,1,Reference Extractor|Decision Maker,2
256,DS-MVTec/bottle/image/contamination/017.png,Defect Classification,There is a defect in the object. What is the type of the defect?,1101,,,,,1,1,0,1,Reference Extractor|Knowledge Guide|Decision Maker,2
257,DS-MVTec/bottle/image/contamination/017.png,Defect Localization,There is a defect in the object. Where is the defect?,0001,,,,,0,0,0,1,Decision Maker,1
258,DS-MVTec/bottle/image/contamination/017.png,Defect Analysis,There is a defect in the object. What is the effect of the defect?,1011,,,,,1,0,1,1,Reference Extractor|Reasoning Expert|Decision Maker,2
259,DS-MVTec/bottle/image/contamination/018.png,Anomaly Detection,Is there any defect in the object?,1001,,,,,1,0,0,1,Reference Extractor|Decision Maker,2
260,DS-MVTec/bottle/image/contamination/018.png,Defect Classification,There is a defect in the object. What is the type of the defect?,1101,,,,,1,1,0,1,Reference Extractor|Knowledge Guide|Decision Maker,2
261,DS-MVTec/bottle/image/contamination/018.png,Defect Localization,There is a defect in the object. Where is the defect?,0001,,,,,0,0,0,1,Decision Maker,1
262,DS-MVTec/bottle/image/contamination/018.png,Defect Description,There is a defect in the object. What is the appearance of the defect?,1111,,,,,1,1,1,1,Reference Extractor|Knowledge Guide|Reasoning Expert|Decision Maker,2
263,DS-MVTec/bottle/image/contamination/018.png,Defect Analysis,There is a defect in the object. What could be the effect of the defect?,1011,,,,,1,0,1,1,Reference Extractor|Reasoning Expert|Decision Maker,2
264,DS-MVTec/bottle/image/contamination/019.png,Anomaly Detection,Is there any defect in the object?,1001,,,,,1,0,0,1,Reference Extractor|Decision Maker,2
265,DS-MVTec/bottle/image/contamination/019.png,Defect Localization,There is a defect in the object. Where is the defect?,0001,,,,,0,0,0,1,Decision Maker,1
266,DS-MVTec/bottle/image/contamination/019.png,Defect Analysis,There is a defect in the object. What does the defect suggest about its nature?,1011,,,,,1,0,1,1,Reference Extractor|Reasoning Expert|Decision Maker,2
267,DS-MVTec/bottle/image/contamination/020.png,Anomaly Detection,Is there any defect in the object?,1001,,,,,1,0,0,1,Reference Extractor|Decision Maker,2
268,DS-MVTec/bottle/image/contamination/020.png,Defect Classification,There is a defect in the object. What is the type of the defect?,1101,,,,,1,1,0,1,Reference Extractor|Knowledge Guide|Decision Maker,2
269,DS-MVTec/bottle/image/contamination/020.png,Defect Localization,There is a defect in the object. Where is the defect?,0001,,,,,0,0,0,1,Decision Maker,1
270,DS-MVTec/bottle/image/contamination/020.png,Defect Description,There is a defect in the object. What is the appearance of the defect?,1111,,,,,1,1,1,1,Reference Extractor|Knowledge Guide|Reasoning Expert|Decision Maker,2
271,DS-MVTec/bottle/image/contamination/020.png,Defect Analysis,There is a defect in the object. What does the defect suggest?,1011,,,,,1,0,1,1,Reference Extractor|Reasoning Expert|Decision Maker,2
272,DS-MVTec/bottle/image/good/000.png,Anomaly Detection,Is there any defect in the object?,1001,,,,,1,0,0,1,Reference Extractor|Decision Maker,2
273,DS-MVTec/bottle/image/good/001.png,Anomaly Detection,Is there any defect in the object?,1001,,,,,1,0,0,1,Reference Extractor|Decision Maker,2
274,DS-MVTec/bottle/image/good/002.png,Anomaly Detection,Is there any defect in the object?,1001,,,,,1,0,0,1,Reference Extractor|Decision Maker,2
275,DS-MVTec/bottle/image/good/003.png,Anomaly Detection,Is there any defect in the object?,1001,,,,,1,0,0,1,Reference Extractor|Decision Maker,2
276,DS-MVTec/bottle/image/good/004.png,Anomaly Detection,Is there any defect in the object?,1001,,,,,1,0,0,1,Reference Extractor|Decision Maker,2
277,DS-MVTec/bottle/image/good/005.png,Anomaly Detection,Is there any defect in the object?,1001,,,,,1,0,0,1,Reference Extractor|Decision Maker,2
278,DS-MVTec/bottle/image/good/006.png,Anomaly Detection,Is there any defect in the object?,1001,,,,,1,0,0,1,Reference Extractor|Decision Maker,2
279,DS-MVTec/bottle/image/good/007.png,Anomaly Detection,Is there any defect in the object?,1001,,,,,1,0,0,1,Reference Extractor|Decision Maker,2
280,DS-MVTec/bottle/image/good/008.png,Anomaly Detection,Is there any defect in the object?,1001,,,,,1,0,0,1,Reference Extractor|Decision Maker,2
281,DS-MVTec/bottle/image/good/009.png,Anomaly Detection,Is there any defect in the object?,1001,,,,,1,0,0,1,Reference Extractor|Decision Maker,2
282,DS-MVTec/bottle/image/good/010.png,Anomaly Detection,Is there any defect in the object?,1001,,,,,1,0,0,1,Reference Extractor|Decision Maker,2
283,DS-MVTec/bottle/image/good/011.png,Anomaly Detection,Is there any defect in the object?,1001,,,,,1,0,0,1,Reference Extractor|Decision Maker,2
284,DS-MVTec/bottle/image/good/012.png,Anomaly Detection,Is there any defect in the object?,1001,,,,,1,0,0,1,Reference Extractor|Decision Maker,2
285,DS-MVTec/bottle/image/good/013.png,Anomaly Detection,Is there any defect in the object?,1001,,,,,1,0,0,1,Reference Extractor|Decision Maker,2
286,DS-MVTec/bottle/image/good/014.png,Anomaly Detection,Is there any defect in the object?,1001,,,,,1,0,0,1,Reference Extractor|Decision Maker,2
287,DS-MVTec/bottle/image/good/015.png,Anomaly Detection,Is there any defect in the object?,1001,,,,,1,0,0,1,Reference Extractor|Decision Maker,2
288,DS-MVTec/bottle/image/good/016.png,Anomaly Detection,Is there any defect in the object?,1001,,,,,1,0,0,1,Reference Extractor|Decision Maker,2
289,DS-MVTec/bottle/image/good/017.png,Anomaly Detection,Is there any defect in the object?,1001,,,,,1,0,0,1,Reference Extractor|Decision Maker,2
290,DS-MVTec/bottle/image/good/018.png,Anomaly Detection,Is there any defect in the object?,1001,,,,,1,0,0,1,Reference Extractor|Decision Maker,2
291,DS-MVTec/bottle/image/good/019.png,Anomaly Detection,Is there any defect in the object?,1001,,,,,1,0,0,1,Reference Extractor|Decision Maker,2
292,DS-MVTec/cable/image/bent_wire/000.png,Anomaly Detection,Is there any defect in the object?,1001,,,,,1,0,0,1,Reference Extractor|Decision Maker,2
293,DS-MVTec/cable/image/bent_wire/000.png,Defect Classification,There is a defect in the object. What is the type of the defect?,1101,,,,,1,1,0,1,Reference Extractor|Knowledge Guide|Decision Maker,2
294,DS-MVTec/cable/image/bent_wire/000.png,Defect Localization,There is a defect in the object. Where is the defect?,0001,,,,,0,0,0,1,Decision Maker,1
295,DS-MVTec/cable/image/bent_wire/000.png,Defect Description,There is a defect in the object. What is the appearance of the defect?,1111,,,,,1,1,1,1,Reference Extractor|Knowledge Guide|Reasoning Expert|Decision Maker,2
296,DS-MVTec/cable/image/bent_wire/000.png,Defect Analysis,There is a defect in the object. What could be the effect of the defect?,1011,,,,,1,0,1,1,Reference Extractor|Reasoning Expert|Decision Maker,2
297,DS-MVTec/cable/image/bent_wire/001.png,Anomaly Detection,Is there any defect in the object?,1001,,,,,1,0,0,1,Reference Extractor|Decision Maker,2
298,DS-MVTec/cable/image/bent_wire/001.png,Defect Classification,There is a defect in the object. What is the type of the defect?,1101,,,,,1,1,0,1,Reference Extractor|Knowledge Guide|Decision Maker,2
299,DS-MVTec/cable/image/bent_wire/001.png,Defect Description,There is a defect in the object. What is the appearance of the defect?,1111,,,,,1,1,1,1,Reference Extractor|Knowledge Guide|Reasoning Expert|Decision Maker,2
300,DS-MVTec/cable/image/bent_wire/001.png,Defect Analysis,There is a defect in the object. What is the effect of the defect on the object?,1011,,,,,1,0,1,1,Reference Extractor|Reasoning Expert|Decision Maker,2
301,DS-MVTec/cable/image/bent_wire/002.png,Anomaly Detection,Is there any defect in the object?,1001,,,,,1,0,0,1,Reference Extractor|Decision Maker,2
302,DS-MVTec/cable/image/bent_wire/002.png,Defect Classification,There is a defect in the object. What is the type of the defect?,1101,,,,,1,1,0,1,Reference Extractor|Knowledge Guide|Decision Maker,2
303,DS-MVTec/cable/image/bent_wire/002.png,Defect Localization,There is a defect in the object. Where is the defect?,0001,,,,,0,0,0,1,Decision Maker,1
304,DS-MVTec/cable/image/bent_wire/002.png,Defect Description,There is a defect in the object. What is the appearance of the defect?,1111,,,,,1,1,1,1,Reference Extractor|Knowledge Guide|Reasoning Expert|Decision Maker,2
305,DS-MVTec/cable/image/bent_wire/002.png,Defect Analysis,There is a defect in the object. What potential effect could the defect have?,1011,,,,,1,0,1,1,Reference Extractor|Reasoning Expert|Decision Maker,2
306,DS-MVTec/cable/image/bent_wire/003.png,Anomaly Detection,Is there any defect in the object?,1001,,,,,1,0,0,1,Reference Extractor|Decision Maker,2
307,DS-MVTec/cable/image/bent_wire/003.png,Defect Classification,There is a defect in the object. What is the type of the defect?,1101,,,,,1,1,0,1,Reference Extractor|Knowledge Guide|Decision Maker,2
308,DS-MVTec/cable/image/bent_wire/003.png,Defect Description,There is a defect in the object. What is the appearance of the defect?,1111,,,,,1,1,1,1,Reference Extractor|Knowledge Guide|Reasoning Expert|Decision Maker,2
309,DS-MVTec/cable/image/bent_wire/003.png,Defect Analysis,There is a defect in the object. What additional information is provided about another defect in the cable?,1011,,,,,1,0,1,1,Reference Extractor|Reasoning Expert|Decision Maker,2
310,DS-MVTec/cable/image/bent_wire/004.png,Anomaly Detection,Is there any defect in the object?,1001,,,,,1,0,0,1,Reference Extractor|Decision Maker,2
311,DS-MVTec/cable/image/bent_wire/004.png,Defect Localization,There is a defect in the object. Where is the defect located?,0001,,,,,0,0,0,1,Decision Maker,1
312,DS-MVTec/cable/image/bent_wire/004.png,Defect Description,There is a defect in the object. What is the appearance of the defect?,1111,,,,,1,1,1,1,Reference Extractor|Knowledge Guide|Reasoning Expert|Decision Maker,2
313,DS-MVTec/cable/image/bent_wire/004.png,Defect Analysis,There is a defect in the object. What is the potential effect of the defect?,1011,,,,,1,0,1,1,Reference Extractor|Reasoning Expert|Decision Maker,2
314,DS-MVTec/cable/image/bent_wire/005.png,Anomaly Detection,Is there any defect in the object?,1001,,,,,1,0,0,1,Reference Extractor|Decision Maker,2
315,DS-MVTec/cable/image/bent_wire/005.png,Defect Classification,There is a defect in the object. What is the type of the defect?,1101,,,,,1,1,0,1,Reference Extractor|Knowledge Guide|Decision Maker,2
316,DS-MVTec/cable/image/bent_wire/005.png,Defect Localization,There is a defect in the object. Where is the defect?,0001,,,,,0,0,0,1,Decision Maker,1
317,DS-MVTec/cable/image/bent_wire/005.png,Defect Description,There is a defect in the object. What is the appearance of the defect?,1111,,,,,1,1,1,1,Reference Extractor|Knowledge Guide|Reasoning Expert|Decision Maker,2
318,DS-MVTec/cable/image/bent_wire/005.png,Defect Analysis,There is a defect in the object. What is the effect of the defect?,1011,,,,,1,0,1,1,Reference Extractor|Reasoning Expert|Decision Maker,2
319,DS-MVTec/cable/image/bent_wire/006.png,Anomaly Detection,Is there any defect in the object?,1001,,,,,1,0,0,1,Reference Extractor|Decision Maker,2
320,DS-MVTec/cable/image/bent_wire/006.png,Defect Classification,There is a defect in the object. What is the type of the defect?,1101,,,,,1,1,0,1,Reference Extractor|Knowledge Guide|Decision Maker,2
321,DS-MVTec/cable/image/bent_wire/006.png,Defect Description,There is a defect in the object. What is the appearance of the defect?,1111,,,,,1,1,1,1,Reference Extractor|Knowledge Guide|Reasoning Expert|Decision Maker,2
322,DS-MVTec/cable/image/bent_wire/006.png,Defect Analysis,There is a defect in the object. What is the effect of the defect?,1011,,,,,1,0,1,1,Reference Extractor|Reasoning Expert|Decision Maker,2
323,DS-MVTec/cable/image/bent_wire/007.png,Anomaly Detection,Is there any defect in the object?,1001,,,,,1,0,0,1,Reference Extractor|Decision Maker,2
324,DS-MVTec/cable/image/bent_wire/007.png,Defect Classification,There are some defects in the object. How many types of defects are present in the cable?,1101,,,,,1,1,0,1,Reference Extractor|Knowledge Guide|Decision Maker,2
325,DS-MVTec/cable/image/bent_wire/007.png,Defect Localization,There are some defects in the object. Where are the defects located within the cable?,0001,,,,,0,0,0,1,Decision Maker,1
326,DS-MVTec/cable/image/bent_wire/007.png,Defect Description,There are some defects in the object. What is the appearance of the defects?,1111,,,,,1,1,1,1,Reference Extractor|Knowledge Guide|Reasoning Expert|Decision Maker,2
327,DS-MVTec/cable/image/bent_wire/008.png,Anomaly Detection,Is there any defect in the object?,1001,,,,,1,0,0,1,Reference Extractor|Decision Maker,2
328,DS-MVTec/cable/image/bent_wire/008.png,Defect Classification,There is a defect in the object. What is the type of the defect?,1101,,,,,1,1,0,1,Reference Extractor|Knowledge Guide|Decision Maker,2
329,DS-MVTec/cable/image/bent_wire/008.png,Defect Localization,There is a defect in the object. Where is the defect?,0001,,,,,0,0,0,1,Decision Maker,1
330,DS-MVTec/cable/image/bent_wire/008.png,Defect Description,There is a defect in the object. What is the appearance of the defect?,1111,,,,,1,1,1,1,Reference Extractor|Knowledge Guide|Reasoning Expert|Decision Maker,2
331,DS-MVTec/cable/image/bent_wire/008.png,Defect Analysis,There is a defect in the object. How does the defect affect the cable?,1011,,,,,1,0,1,1,Reference Extractor|Reasoning Expert|Decision Maker,2
332,DS-MVTec/cable/image/bent_wire/009.png,Anomaly Detection,Is there any defect in the object?,1001,,,,,1,0,0,1,Reference Extractor|Decision Maker,2
333,DS-MVTec/cable/image/bent_wire/009.png,Defect Classification,There is a defect in the object. What is the type of the defect?,1101,,,,,1,1,0,1,Reference Extractor|Knowledge Guide|Decision Maker,2
334,DS-MVTec/cable/image/bent_wire/009.png,Defect Localization,There is a defect in the object. Where is the defect?,0001,,,,,0,0,0,1,Decision Maker,1
335,DS-MVTec/cable/image/bent_wire/009.png,Defect Description,There is a defect in the object. What is the appearance of the defect?,1111,,,,,1,1,1,1,Reference Extractor|Knowledge Guide|Reasoning Expert|Decision Maker,2
336,DS-MVTec/cable/image/bent_wire/009.png,Defect Analysis,There is a defect in the object. Within which section of insulation is the defect present?,1011,,,,,1,0,1,1,Reference Extractor|Reasoning Expert|Decision Maker,2
337,DS-MVTec/cable/image/bent_wire/010.png,Anomaly Detection,Is there any defect in the object?,1001,,,,,1,0,0,1,Reference Extractor|Decision Maker,2
338,DS-MVTec/cable/image/bent_wire/010.png,Defect Localization,There is a defect in the object. Where is the primary defect located?,0001,,,,,0,0,0,1,Decision Maker,1
339,DS-MVTec/cable/image/bent_wire/010.png,Defect Description,There is a defect in the object. What is the appearance of the primary defect?,1111,,,,,1,1,1,1,Reference Extractor|Knowledge Guide|Reasoning Expert|Decision Maker,2
340,DS-MVTec/cable/image/bent_wire/010.png,Defect Analysis,There is a defect in the object. What is the effect of the secondary defect on the cable's functionality?,1011,,,,,1,0,1,1,Reference Extractor|Reasoning Expert|Decision Maker,2
341,DS-MVTec/cable/image/bent_wire/011.png,Anomaly Detection,Is there any defect in the object?,1001,,,,,1,0,0,1,Reference Extractor|Decision Maker,2
342,DS-MVTec/cable/image/bent_wire/011.png,Defect Classification,There are some defects in the object. How many types of defects are present in the cable?,1101,,,,,1,1,0,1,Reference Extractor|Knowledge Guide|Decision Maker,2
343,DS-MVTec/cable/image/bent_wire/011.png,Defect Description,There are some defects in the object. What is the appearance of the defects?,1111,,,,,1,1,1,1,Reference Extractor|Knowledge Guide|Reasoning Expert|Decision Maker,2
344,DS-MVTec/cable/image/bent_wire/011.png,Defect Analysis,There are some defects in the object. What is the likely effect of these defects on the cable's performance?,1011,,,,,1,0,1,1,Reference Extractor|Reasoning Expert|Decision Maker,2
345,DS-MVTec/cable/image/bent_wire/012.png,Anomaly Detection,Is there any defect in the object?,1001,,,,,1,0,0,1,Reference Extractor|Decision Maker,2
346,DS-MVTec/cable/image/bent_wire/012.png,Defect Classification,There is a defect in the object. What is the type of the defect?,1101,,,,,1,1,0,1,Reference Extractor|Knowledge Guide|Decision Maker,2
347,DS-MVTec/cable/image/bent_wire/012.png,Defect Localization,There is a defect in the object. Where is the defect?,0001,,,,,0,0,0,1,Decision Maker,1
348,DS-MVTec/cable/image/bent_wire/012.png,Defect Description,There is a defect in the object. What is the appearance of the defect?,1111,,,,,1,1,1,1,Reference Extractor|Knowledge Guide|Reasoning Expert|Decision Maker,2
349,DS-MVTec/cable/image/bent_wire/012.png,Defect Analysis,There is a defect in the object. What is the effect of the defect?,1011,,,,,1,0,1,1,Reference Extractor|Reasoning Expert|Decision Maker,2
350,DS-MVTec/cable/image/cable_swap/000.png,Anomaly Detection,Is there any defect in the object?,1001,,,,,1,0,0,1,Reference Extractor|Decision Maker,2
351,DS-MVTec/cable/image/cable_swap/000.png,Defect Classification,There is a defect in the object. What is the type of the defect?,1101,,,,,1,1,0,1,Reference Extractor|Knowledge Guide|Decision Maker,2
352,DS-MVTec/cable/image/cable_swap/000.png,Defect Localization,There is a defect in the object. Where is the defect?,0001,,,,,0,0,0,1,Decision Maker,1
353,DS-MVTec/cable/image/cable_swap/000.png,Defect Description,There is a defect in the object. What is the appearance of the defect?,1111,,,,,1,1,1,1,Reference Extractor|Knowledge Guide|Reasoning Expert|Decision Maker,2
354,DS-MVTec/cable/image/cable_swap/000.png,Defect Analysis,There is a defect in the object. What is the effect of the defect?,1011,,,,,1,0,1,1,Reference Extractor|Reasoning Expert|Decision Maker,2
355,DS-MVTec/cable/image/cable_swap/001.png,Anomaly Detection,Is there any defect in the object?,1001,,,,,1,0,0,1,Reference Extractor|Decision Maker,2
356,DS-MVTec/cable/image/cable_swap/001.png,Defect Localization,There is a defect in the object. Where is the defect?,0001,,,,,0,0,0,1,Decision Maker,1
357,DS-MVTec/cable/image/cable_swap/001.png,Defect Description,There is a defect in the object. What is the appearance of the defect?,1111,,,,,1,1,1,1,Reference Extractor|Knowledge Guide|Reasoning Expert|Decision Maker,2
358,DS-MVTec/cable/image/cable_swap/001.png,Defect Analysis,There is a defect in the object. Is there an additional defect?,1011,,,,,1,0,1,1,Reference Extractor|Reasoning Expert|Decision Maker,2
359,DS-MVTec/cable/image/cable_swap/002.png,Anomaly Detection,Is there any defect in the object?,1001,,,,,1,0,0,1,Reference Extractor|Decision Maker,2
360,DS-MVTec/cable/image/cable_swap/002.png,Defect Classification,There is a defect in the object. What is the type of the defect?,1101,,,,,1,1,0,1,Reference Extractor|Knowledge Guide|Decision Maker,2
361,DS-MVTec/cable/image/cable_swap/002.png,Defect Description,There is a defect in the object. What is the appearance of the defect?,1111,,,,,1,1,1,1,Reference Extractor|Knowledge Guide|Reasoning Expert|Decision Maker,2
362,DS-MVTec/cable/image/cable_swap/002.png,Defect Analysis,There is a defect in the object. What is a potential effect of the defect?,1011,,,,,1,0,1,1,Reference Extractor|Reasoning Expert|Decision Maker,2
363,DS-MVTec/cable/image/cable_swap/003.png,Anomaly Detection,Is there any defect in the object?,1001,,,,,1,0,0,1,Reference Extractor|Decision Maker,2
364,DS-MVTec/cable/image/cable_swap/003.png,Defect Classification,There is a defect in the object. What is the type of the defect?,1101,,,,,1,1,0,1,Reference Extractor|Knowledge Guide|Decision Maker,2
365,DS-MVTec/cable/image/cable_swap/003.png,Defect Localization,There is a defect in the object. Where is the defect?,0001,,,,,0,0,0,1,Decision Maker,1
366,DS-MVTec/cable/image/cable_swap/003.png,Defect Description,There is a defect in the object. What is the appearance of the defect?,1111,,,,,1,1,1,1,Reference Extractor|Knowledge Guide|Reasoning Expert|Decision Maker,2
367,DS-MVTec/cable/image/cable_swap/003.png,Defect Analysis,There is a defect in the object. What is the effect of the defect?,1011,,,,,1,0,1,1,Reference Extractor|Reasoning Expert|Decision Maker,2
368,DS-MVTec/cable/image/cable_swap/004.png,Anomaly Detection,Is there any defect in the object?,1001,,,,,1,0,0,1,Reference Extractor|Decision Maker,2
369,DS-MVTec/cable/image/cable_swap/004.png,Defect Localization,There is a defect in the object. Where is the defect?,0001,,,,,0,0,0,1,Decision Maker,1
370,DS-MVTec/cable/image/cable_swap/004.png,Defect Description,There is a defect in the object. What is the appearance of the defect?,1111,,,,,1,1,1,1,Reference Extractor|Knowledge Guide|Reasoning Expert|Decision Maker,2
371,DS-MVTec/cable/image/cable_swap/004.png,Defect Analysis,There is a defect in the object. What is the effect of the defect?,1011,,,,,1,0,1,1,Reference Extractor|Reasoning Expert|Decision Maker,2
372,DS-MVTec/cable/image/cable_swap/005.png,Anomaly Detection,Is there any defect in the object?,1001,,,,,1,0,0,1,Reference Extractor|Decision Maker,2
373,DS-MVTec/cable/image/cable_swap/005.png,Defect Classification,There is a defect in the object. What is the type of the defect?,1101,,,,,1,1,0,1,Reference Extractor|Knowledge Guide|Decision Maker,2
374,DS-MVTec/cable/image/cable_swap/005.png,Defect Description,There is a defect in the object. What is the appearance of the defect?,1111,,,,,1,1,1,1,Reference Extractor|Knowledge Guide|Reasoning Expert|Decision Maker,2
375,DS-MVTec/cable/image/cable_swap/005.png,Defect Analysis,There is a defect in the object. What additional detail is observed about the defect?,1011,,,,,1,0,1,1,Reference Extractor|Reasoning Expert|Decision Maker,2
376,DS-MVTec/cable/image/cable_swap/006.png,Anomaly Detection,Is there any defect in the object?,1001,,,,,1,0,0,1,Reference Extractor|Decision Maker,2
377,DS-MVTec/cable/image/cable_swap/006.png,Defect Classification,There is a defect in the object. What is the type of the defect?,1101,,,,,1,1,0,1,Reference Extractor|Knowledge Guide|Decision Maker,2
378,DS-MVTec/cable/image/cable_swap/006.png,Defect Localization,There is a defect in the object. Where is the defect?,0001,,,,,0,0,0,1,Decision Maker,1
379,DS-MVTec/cable/image/cable_swap/006.png,Defect Description,There is a defect in the object. What is the appearance of the defect?,1111,,,,,1,1,1,1,Reference Extractor|Knowledge Guide|Reasoning Expert|Decision Maker,2
380,DS-MVTec/cable/image/cable_swap/006.png,Defect Analysis,There is a defect in the object. What is the effect of the defect?,1011,,,,,1,0,1,1,Reference Extractor|Reasoning Expert|Decision Maker,2
381,DS-MVTec/cable/image/cable_swap/007.png,Anomaly Detection,Is there any defect in the object?,1001,,,,,1,0,0,1,Reference Extractor|Decision Maker,2
382,DS-MVTec/cable/image/cable_swap/007.png,Defect Classification,There is a defect in the object. What is the type of the defect?,1101,,,,,1,1,0,1,Reference Extractor|Knowledge Guide|Decision Maker,2
383,DS-MVTec/cable/image/cable_swap/007.png,Defect Description,There is a defect in the object. What is the appearance of the defect?,1111,,,,,1,1,1,1,Reference Extractor|Knowledge Guide|Reasoning Expert|Decision Maker,2
384,DS-MVTec/cable/image/cable_swap/008.png,Anomaly Detection,Is there any defect in the object?,1001,,,,,1,0,0,1,Reference Extractor|Decision Maker,2
385,DS-MVTec/cable/image/cable_swap/008.png,Defect Classification,There is a defect in the object. What is the type of defect?,1101,,,,,1,1,0,1,Reference Extractor|Knowledge Guide|Decision Maker,2
386,DS-MVTec/cable/image/cable_swap/008.png,Defect Localization,There is a defect in the object. Where is the defect?,0001,,,,,0,0,0,1,Decision Maker,1
387,DS-MVTec/cable/image/cable_swap/008.png,Defect Description,There is a defect in the object. What is the appearance of the defect?,1111,,,,,1,1,1,1,Reference Extractor|Knowledge Guide|Reasoning Expert|Decision Maker,2
388,DS-MVTec/cable/image/cable_swap/008.png,Defect Analysis,There is a defect in the object. What additional information is provided about the defect?,1011,,,,,1,0,1,1,Reference Extractor|Reasoning Expert|Decision Maker,2
389,DS-MVTec/cable/image/cable_swap/009.png,Anomaly Detection,Is there any defect in the object?,1001,,,,,1,0,0,1,Reference Extractor|Decision Maker,2
390,DS-MVTec/cable/image/cable_swap/009.png,Defect Classification,There is a defect in the object. What is the type of the defect?,1101,,,,,1,1,0,1,Reference Extractor|Knowledge Guide|Decision Maker,2
391,DS-MVTec/cable/image/cable_swap/009.png,Defect Localization,There is a defect in the object. Where is the defect?,0001,,,,,0,0,0,1,Decision Maker,1
392,DS-MVTec/cable/image/cable_swap/009.png,Defect Description,There is a defect in the object. What is the appearance of the defect?,1111,,,,,1,1,1,1,Reference Extractor|Knowledge Guide|Reasoning Expert|Decision Maker,2
393,DS-MVTec/cable/image/cable_swap/009.png,Defect Analysis,There is a defect in the object. What is the potential effect of the defect?,1011,,,,,1,0,1,1,Reference Extractor|Reasoning Expert|Decision Maker,2
394,DS-MVTec/cable/image/cable_swap/010.png,Anomaly Detection,Is there any defect in the object?,1001,,,,,1,0,0,1,Reference Extractor|Decision Maker,2
395,DS-MVTec/cable/image/cable_swap/010.png,Defect Classification,There is a defect in the object. What is the type of the defect?,1101,,,,,1,1,0,1,Reference Extractor|Knowledge Guide|Decision Maker,2
396,DS-MVTec/cable/image/cable_swap/010.png,Defect Localization,There is a defect in the object. Where is the defect?,0001,,,,,0,0,0,1,Decision Maker,1
397,DS-MVTec/cable/image/cable_swap/010.png,Defect Description,There is a defect in the object. What is the appearance of the defect?,1111,,,,,1,1,1,1,Reference Extractor|Knowledge Guide|Reasoning Expert|Decision Maker,2
398,DS-MVTec/cable/image/cable_swap/010.png,Defect Analysis,There is a defect in the object. What could be the effect of the defect?,1011,,,,,1,0,1,1,Reference Extractor|Reasoning Expert|Decision Maker,2
399,DS-MVTec/cable/image/cable_swap/011.png,Anomaly Detection,Is there any defect in the object?,1001,,,,,1,0,0,1,Reference Extractor|Decision Maker,2
400,DS-MVTec/cable/image/cable_swap/011.png,Defect Classification,There is a defect in the object. What is the type of the defect?,1101,,,,,1,1,0,1,Reference Extractor|Knowledge Guide|Decision Maker,2
401,DS-MVTec/cable/image/cable_swap/011.png,Defect Localization,There is a defect in the object. Where is the defect?,0001,,,,,0,0,0,1,Decision Maker,1
402,DS-MVTec/cable/image/cable_swap/011.png,Defect Analysis,"There is a defect in the object. What is the additional effect of the ""missing wire"" defect?",1011,,,,,1,0,1,1,Reference Extractor|Reasoning Expert|Decision Maker,2
403,DS-MVTec/cable/image/combined/000.png,Anomaly Detection,Is there any defect in the object?,1001,,,,,1,0,0,1,Reference Extractor|Decision Maker,2
404,DS-MVTec/cable/image/combined/000.png,Defect Localization,There are some defects in the object. Where are these defects located in the picture?,0001,,,,,0,0,0,1,Decision Maker,1
405,DS-MVTec/cable/image/combined/000.png,Defect Description,There are some defects in the object. What is the appearance of the defects?,1111,,,,,1,1,1,1,Reference Extractor|Knowledge Guide|Reasoning Expert|Decision Maker,2
406,DS-MVTec/cable/image/combined/000.png,Defect Analysis,There are some defects in the object. What could be the potential effect of these defects?,1011,,,,,1,0,1,1,Reference Extractor|Reasoning Expert|Decision Maker,2
407,DS-MVTec/cable/image/combined/001.png,Anomaly Detection,Is there any defect in the object?,1001,,,,,1,0,0,1,Reference Extractor|Decision Maker,2
408,DS-MVTec/cable/image/combined/001.png,Defect Classification,There are some defects in the object. What are the types of the defects?,1101,,,,,1,1,0,1,Reference Extractor|Knowledge Guide|Decision Maker,2
409,DS-MVTec/cable/image/combined/001.png,Defect Localization,There are some defects in the object. Where are these defects located in the picture?,0001,,,,,0,0,0,1,Decision Maker,1
410,DS-MVTec/cable/image/combined/001.png,Defect Description,There are some defects in the object. What is the appearance of the defects?,1111,,,,,1,1,1,1,Reference Extractor|Knowledge Guide|Reasoning Expert|Decision Maker,2
411,DS-MVTec/cable/image/combined/001.png,Defect Analysis,There are some defects in the object. What could be the effect of these defects?,1011,,,,,1,0,1,1,Reference Extractor|Reasoning Expert|Decision Maker,2
412,DS-MVTec/cable/image/combined/002.png,Anomaly Detection,Is there any defect in the object?,1001,,,,,1,0,0,1,Reference Extractor|Decision Maker,2
413,DS-MVTec/cable/image/combined/002.png,Defect Classification,There are some defects in the object. What are the types of the defects?,1101,,,,,1,1,0,1,Reference Extractor|Knowledge Guide|Decision Maker,2
414,DS-MVTec/cable/image/combined/002.png,Defect Localization,There are some defects in the object. Where are these defects in the picture?,0001,,,,,0,0,0,1,Decision Maker,1
415,DS-MVTec/cable/image/combined/002.png,Defect Description,There are some defects in the object. What is the appearance of the defects?,1111,,,,,1,1,1,1,Reference Extractor|Knowledge Guide|Reasoning Expert|Decision Maker,2
416,DS-MVTec/cable/image/combined/002.png,Defect Analysis,There are some defects in the object. What could be the potential effect of these defects?,1011,,,,,1,0,1,1,Reference Extractor|Reasoning Expert|Decision Maker,2
417,DS-MVTec/cable/image/combined/003.png,Anomaly Detection,Is there any defect in the object?,1001,,,,,1,0,0,1,Reference Extractor|Decision Maker,2
418,DS-MVTec/cable/image/combined/003.png,Defect Classification,There are some defects in the object. What are the types of the defects?,1101,,,,,1,1,0,1,Reference Extractor|Knowledge Guide|Decision Maker,2
419,DS-MVTec/cable/image/combined/003.png,Defect Localization,There are some defects in the object. Where are these defects located in the picture?,0001,,,,,0,0,0,1,Decision Maker,1
420,DS-MVTec/cable/image/combined/003.png,Defect Description,There are some defects in the object. What is the appearance of the defect in the grounding conductor?,1111,,,,,1,1,1,1,Reference Extractor|Knowledge Guide|Reasoning Expert|Decision Maker,2
421,DS-MVTec/cable/image/combined/003.png,Defect Analysis,There are some defects in the object. What could be the potential effect of these defects?,1011,,,,,1,0,1,1,Reference Extractor|Reasoning Expert|Decision Maker,2
422,DS-MVTec/cable/image/combined/004.png,Anomaly Detection,Is there any defect in the object?,1001,,,,,1,0,0,1,Reference Extractor|Decision Maker,2
423,DS-MVTec/cable/image/combined/004.png,Defect Classification,There is a defect in the object. What is the type of the defect?,1101,,,,,1,1,0,1,Reference Extractor|Knowledge Guide|Decision Maker,2
424,DS-MVTec/cable/image/combined/004.png,Defect Description,There is a defect in the object. What is the appearance of the defect?,1111,,,,,1,1,1,1,Reference Extractor|Knowledge Guide|Reasoning Expert|Decision Maker,2
425,DS-MVTec/cable/image/combined/004.png,Defect Analysis,There are some defects in the object. What are the potential effects of these defects?,1011,,,,,1,0,1,1,Reference Extractor|Reasoning Expert|Decision Maker,2
426,DS-MVTec/cable/image/combined/005.png,Anomaly Detection,Is there any defect in the object?,1001,,,,,1,0,0,1,Reference Extractor|Decision Maker,2
427,DS-MVTec/cable/image/combined/005.png,Defect Classification,There are some defects in the object. What type of defects are present?,1101,,,,,1,1,0,1,Reference Extractor|Knowledge Guide|Decision Maker,2
428,DS-MVTec/cable/image/combined/005.png,Defect Description,There are some defects in the object. What is the appearance of the defects?,1111,,,,,1,1,1,1,Reference Extractor|Knowledge Guide|Reasoning Expert|Decision Maker,2
429,DS-MVTec/cable/image/combined/005.png,Defect Analysis,There are some defects in the object. What are the potential effects of these defects?,1011,,,,,1,0,1,1,Reference Extractor|Reasoning Expert|Decision Maker,2
430,DS-MVTec/cable/image/combined/006.png,Anomaly Detection,Is there any defect in the object?,1001,,,,,1,0,0,1,Reference Extractor|Decision Maker,2
431,DS-MVTec/cable/image/combined/006.png,Defect Classification,There are some defects in the object. What types of defects are present?,1101,,,,,1,1,0,1,Reference Extractor|Knowledge Guide|Decision Maker,2
432,DS-MVTec/cable/image/combined/006.png,Defect Localization,There are some defects in the object. Where are these defects located in the picture?,0001,,,,,0,0,0,1,Decision Maker,1
433,DS-MVTec/cable/image/combined/006.png,Defect Description,There are some defects in the object. What is the appearance of the defects?,1111,,,,,1,1,1,1,Reference Extractor|Knowledge Guide|Reasoning Expert|Decision Maker,2
434,DS-MVTec/cable/image/combined/006.png,Defect Analysis,There are some defects in the object. What are the potential effects of these defects?,1011,,,,,1,0,1,1,Reference Extractor|Reasoning Expert|Decision Maker,2
435,DS-MVTec/cable/image/combined/007.png,Anomaly Detection,Is there any defect in the object?,1001,,,,,1,0,0,1,Reference Extractor|Decision Maker,2
436,DS-MVTec/cable/image/combined/007.png,Defect Classification,There is a defect in the object. What is the type of the defect?,1101,,,,,1,1,0,1,Reference Extractor|Knowledge Guide|Decision Maker,2
437,DS-MVTec/cable/image/combined/007.png,Defect Description,There are some defects in the object. What is the appearance of the defects?,1111,,,,,1,1,1,1,Reference Extractor|Knowledge Guide|Reasoning Expert|Decision Maker,2
438,DS-MVTec/cable/image/combined/007.png,Defect Analysis,There are some defects in the object. What could be the effect of these defects?,1011,,,,,1,0,1,1,Reference Extractor|Reasoning Expert|Decision Maker,2
439,DS-MVTec/cable/image/combined/008.png,Anomaly Detection,Is there any defect in the object?,1001,,,,,1,0,0,1,Reference Extractor|Decision Maker,2
440,DS-MVTec/cable/image/combined/008.png,Defect Classification,There are some defects in the object. What are the types of the defects?,1101,,,,,1,1,0,1,Reference Extractor|Knowledge Guide|Decision Maker,2
441,DS-MVTec/cable/image/combined/008.png,Defect Localization,There are some defects in the object. Where are these defects in the picture?,0001,,,,,0,0,0,1,Decision Maker,1
442,DS-MVTec/cable/image/combined/008.png,Defect Description,There are some defects in the object. What is the appearance of the defects?,1111,,,,,1,1,1,1,Reference Extractor|Knowledge Guide|Reasoning Expert|Decision Maker,2
443,DS-MVTec/cable/image/combined/008.png,Defect Analysis,There are some defects in the object. What are the potential effects of these defects?,1011,,,,,1,0,1,1,Reference Extractor|Reasoning Expert|Decision Maker,2
444,DS-MVTec/cable/image/combined/009.png,Anomaly Detection,Is there any defect in the object?,1001,,,,,1,0,0,1,Reference Extractor|Decision Maker,2
445,DS-MVTec/cable/image/combined/009.png,Defect Classification,There is a defect in the object. What is the type of the defect?,1101,,,,,1,1,0,1,Reference Extractor|Knowledge Guide|Decision Maker,2
446,DS-MVTec/cable/image/combined/009.png,Defect Description,There is a defect in the object. What is the appearance of the defect?,1111,,,,,1,1,1,1,Reference Extractor|Knowledge Guide|Reasoning Expert|Decision Maker,2
447,DS-MVTec/cable/image/combined/009.png,Defect Analysis,There are some defects in the object. What are the potential effects of these defects?,1011,,,,,1,0,1,1,Reference Extractor|Reasoning Expert|Decision Maker,2
448,DS-MVTec/cable/image/combined/010.png,Anomaly Detection,Is there any defect in the object?,1001,,,,,1,0,0,1,Reference Extractor|Decision Maker,2
449,DS-MVTec/cable/image/combined/010.png,Defect Localization,There is a defect in the object. Where is the defect?,0001,,,,,0,0,0,1,Decision Maker,1
450,DS-MVTec/cable/image/combined/010.png,Defect Analysis,There is a defect in the object. What is the effect of the defect?,1011,,,,,1,0,1,1,Reference Extractor|Reasoning Expert|Decision Maker,2
451,DS-MVTec/cable/image/cut_inner_insulation/000.png,Anomaly Detection,Is there any defect in the object?,1001,,,,,1,0,0,1,Reference Extractor|Decision Maker,2
452,DS-MVTec/cable/image/cut_inner_insulation/000.png,Defect Classification,There is a defect in the object. What is the type of the defect?,1101,,,,,1,1,0,1,Reference Extractor|Knowledge Guide|Decision Maker,2
453,DS-MVTec/cable/image/cut_inner_insulation/000.png,Defect Description,There is a defect in the object. What is the appearance of the defect?,1111,,,,,1,1,1,1,Reference Extractor|Knowledge Guide|Reasoning Expert|Decision Maker,2
454,DS-MVTec/cable/image/cut_inner_insulation/000.png,Defect Analysis,There is a defect in the object. What effect does the defect have on the cable?,1011,,,,,1,0,1,1,Reference Extractor|Reasoning Expert|Decision Maker,2
455,DS-MVTec/cable/image/cut_inner_insulation/001.png,Anomaly Detection,Is there any defect in the object?,1001,,,,,1,0,0,1,Reference Extractor|Decision Maker,2
456,DS-MVTec/cable/image/cut_inner_insulation/001.png,Defect Classification,There is a defect in the object. What is the type of the defect?,1101,,,,,1,1,0,1,Reference Extractor|Knowledge Guide|Decision Maker,2
457,DS-MVTec/cable/image/cut_inner_insulation/001.png,Defect Localization,There is a defect in the object. Where is the defect?,0001,,,,,0,0,0,1,Decision Maker,1
458,DS-MVTec/cable/image/cut_inner_insulation/001.png,Defect Analysis,There is a defect in the object. What could potentially be the effect of the defect?,1011,,,,,1,0,1,1,Reference Extractor|Reasoning Expert|Decision Maker,2
459,DS-MVTec/cable/image/cut_inner_insulation/002.png,Anomaly Detection,Is there any defect in the object?,1001,,,,,1,0,0,1,Reference Extractor|Decision Maker,2
460,DS-MVTec/cable/image/cut_inner_insulation/002.png,Defect Classification,There is a defect in the object. What is the type of the defect?,1101,,,,,1,1,0,1,Reference Extractor|Knowledge Guide|Decision Maker,2
461,DS-MVTec/cable/image/cut_inner_insulation/002.png,Defect Localization,There is a defect in the object. Where is the defect?,0001,,,,,0,0,0,1,Decision Maker,1
462,DS-MVTec/cable/image/cut_inner_insulation/002.png,Defect Description,There is a defect in the object. What is the appearance of the defect?,1111,,,,,1,1,1,1,Reference Extractor|Knowledge Guide|Reasoning Expert|Decision Maker,2
463,DS-MVTec/cable/image/cut_inner_insulation/002.png,Defect Analysis,There is a defect in the object. How could the defect potentially affect the cable?,1011,,,,,1,0,1,1,Reference Extractor|Reasoning Expert|Decision Maker,2
464,DS-MVTec/cable/image/cut_inner_insulation/003.png,Anomaly Detection,Is there any defect in the object?,1001,,,,,1,0,0,1,Reference Extractor|Decision Maker,2
465,DS-MVTec/cable/image/cut_inner_insulation/003.png,Defect Classification,There is a defect in the object. What is the type of the defect?,1101,,,,,1,1,0,1,Reference Extractor|Knowledge Guide|Decision Maker,2
466,DS-MVTec/cable/image/cut_inner_insulation/003.png,Defect Description,There is a defect in the object. What is the appearance of the defect?,1111,,,,,1,1,1,1,Reference Extractor|Knowledge Guide|Reasoning Expert|Decision Maker,2
467,DS-MVTec/cable/image/cut_inner_insulation/003.png,Defect Analysis,There is a defect in the object. What could be the effect of the defect?,1011,,,,,1,0,1,1,Reference Extractor|Reasoning Expert|Decision Maker,2
468,DS-MVTec/cable/image/cut_inner_insulation/004.png,Anomaly Detection,Is there any defect in the object?,1001,,,,,1,0,0,1,Reference Extractor|Decision Maker,2
469,DS-MVTec/cable/image/cut_inner_insulation/004.png,Defect Classification,There is a defect in the object. What is the type of the defect?,1101,,,,,1,1,0,1,Reference Extractor|Knowledge Guide|Decision Maker,2
470,DS-MVTec/cable/image/cut_inner_insulation/004.png,Defect Description,There is a defect in the object. What is the appearance of the defect?,1111,,,,,1,1,1,1,Reference Extractor|Knowledge Guide|Reasoning Expert|Decision Maker,2
471,DS-MVTec/cable/image/cut_inner_insulation/004.png,Defect Analysis,There is a defect in the object. What is the potential effect of the defect?,1011,,,,,1,0,1,1,Reference Extractor|Reasoning Expert|Decision Maker,2
472,DS-MVTec/cable/image/cut_inner_insulation/005.png,Anomaly Detection,Is there any defect in the object?,1001,,,,,1,0,0,1,Reference Extractor|Decision Maker,2
473,DS-MVTec/cable/image/cut_inner_insulation/005.png,Defect Localization,There is a defect in the object. Where is the defect?,0001,,,,,0,0,0,1,Decision Maker,1
474,DS-MVTec/cable/image/cut_inner_insulation/005.png,Defect Description,There is a defect in the object. What is the appearance of the defect?,1111,,,,,1,1,1,1,Reference Extractor|Knowledge Guide|Reasoning Expert|Decision Maker,2
475,DS-MVTec/cable/image/cut_inner_insulation/005.png,Defect Analysis,There is a defect in the object. What is another issue present in the image relating to the defect?,1011,,,,,1,0,1,1,Reference Extractor|Reasoning Expert|Decision Maker,2
476,DS-MVTec/cable/image/cut_inner_insulation/006.png,Anomaly Detection,Is there any defect in the object?,1001,,,,,1,0,0,1,Reference Extractor|Decision Maker,2
477,DS-MVTec/cable/image/cut_inner_insulation/006.png,Defect Classification,There is a defect in the object. What is the type of the defect on the blue-insulated section of the cable?,1101,,,,,1,1,0,1,Reference Extractor|Knowledge Guide|Decision Maker,2
478,DS-MVTec/cable/image/cut_inner_insulation/006.png,Defect Localization,There is a defect in the object. Where is the defect on the blue-insulated section?,0001,,,,,0,0,0,1,Decision Maker,1
479,DS-MVTec/cable/image/cut_inner_insulation/006.png,Defect Description,There is a defect in the object. What is the appearance of the defect on the blue-insulated section?,1111,,,,,1,1,1,1,Reference Extractor|Knowledge Guide|Reasoning Expert|Decision Maker,2
480,DS-MVTec/cable/image/cut_inner_insulation/006.png,Defect Analysis,There is a defect in the object. What additional defect appears to be present in the cable?,1011,,,,,1,0,1,1,Reference Extractor|Reasoning Expert|Decision Maker,2
481,DS-MVTec/cable/image/cut_inner_insulation/007.png,Anomaly Detection,Is there any defect in the object?,1001,,,,,1,0,0,1,Reference Extractor|Decision Maker,2
482,DS-MVTec/cable/image/cut_inner_insulation/007.png,Defect Classification,There is a defect in the object. What is the type of the defect?,1101,,,,,1,1,0,1,Reference Extractor|Knowledge Guide|Decision Maker,2
483,DS-MVTec/cable/image/cut_inner_insulation/007.png,Defect Localization,There is a defect in the object. Where is the defect?,0001,,,,,0,0,0,1,Decision Maker,1
484,DS-MVTec/cable/image/cut_inner_insulation/007.png,Defect Description,There is a defect in the object. What is the appearance of the defect?,1111,,,,,1,1,1,1,Reference Extractor|Knowledge Guide|Reasoning Expert|Decision Maker,2
485,DS-MVTec/cable/image/cut_inner_insulation/007.png,Defect Analysis,There is a defect in the object. What could be the effect of this defect?,1011,,,,,1,0,1,1,Reference Extractor|Reasoning Expert|Decision Maker,2
486,DS-MVTec/cable/image/cut_inner_insulation/008.png,Anomaly Detection,Is there any defect in the object?,1001,,,,,1,0,0,1,Reference Extractor|Decision Maker,2
487,DS-MVTec/cable/image/cut_inner_insulation/008.png,Defect Classification,There is a defect in the object. What is the type of the defect?,1101,,,,,1,1,0,1,Reference Extractor|Knowledge Guide|Decision Maker,2
488,DS-MVTec/cable/image/cut_inner_insulation/008.png,Defect Description,There is a defect in the object. What is the appearance of the defect?,1111,,,,,1,1,1,1,Reference Extractor|Knowledge Guide|Reasoning Expert|Decision Maker,2
489,DS-MVTec/cable/image/cut_inner_insulation/008.png,Defect Analysis,There is a defect in the object. What could be the potential effect of the defect?,1011,,,,,1,0,1,1,Reference Extractor|Reasoning Expert|Decision Maker,2
490,DS-MVTec/cable/image/cut_inner_insulation/009.png,Anomaly Detection,Is there any defect in the object?,1001,,,,,1,0,0,1,Reference Extractor|Decision Maker,2
491,DS-MVTec/cable/image/cut_inner_insulation/009.png,Defect Classification,There is a defect in the object. What is the type of the defect?,1101,,,,,1,1,0,1,Reference Extractor|Knowledge Guide|Decision Maker,2
492,DS-MVTec/cable/image/cut_inner_insulation/009.png,Defect Description,There is a defect in the object. What is the appearance of the defect?,1111,,,,,1,1,1,1,Reference Extractor|Knowledge Guide|Reasoning Expert|Decision Maker,2
493,DS-MVTec/cable/image/cut_inner_insulation/009.png,Defect Analysis,There is a defect in the object. What is the effect of the defect?,1011,,,,,1,0,1,1,Reference Extractor|Reasoning Expert|Decision Maker,2
494,DS-MVTec/cable/image/cut_inner_insulation/010.png,Anomaly Detection,Is there any defect in the object?,1001,,,,,1,0,0,1,Reference Extractor|Decision Maker,2
495,DS-MVTec/cable/image/cut_inner_insulation/010.png,Defect Classification,There is a defect in the object. What is the type of the defect?,1101,,,,,1,1,0,1,Reference Extractor|Knowledge Guide|Decision Maker,2
496,DS-MVTec/cable/image/cut_inner_insulation/010.png,Defect Localization,There is a defect in the object. Where is the defect?,0001,,,,,0,0,0,1,Decision Maker,1
497,DS-MVTec/cable/image/cut_inner_insulation/010.png,Defect Description,There is a defect in the object. What is the appearance of the defect?,1111,,,,,1,1,1,1,Reference Extractor|Knowledge Guide|Reasoning Expert|Decision Maker,2
498,DS-MVTec/cable/image/cut_inner_insulation/010.png,Defect Analysis,There is a defect in the object. What is the effect of the defect?,1011,,,,,1,0,1,1,Reference Extractor|Reasoning Expert|Decision Maker,2
499,DS-MVTec/cable/image/cut_inner_insulation/011.png,Anomaly Detection,Is there any defect in the object?,1001,,,,,1,0,0,1,Reference Extractor|Decision Maker,2
500,DS-MVTec/cable/image/cut_inner_insulation/011.png,Defect Classification,There is a defect in the object. What is the type of the defect?,1101,,,,,1,1,0,1,Reference Extractor|Knowledge Guide|Decision Maker,2
501,DS-MVTec/cable/image/cut_inner_insulation/011.png,Defect Localization,There is a defect in the object. Where is the defect?,0001,,,,,0,0,0,1,Decision Maker,1
502,DS-MVTec/cable/image/cut_inner_insulation/011.png,Defect Description,There is a defect in the object. What is the appearance of the defect?,1111,,,,,1,1,1,1,Reference Extractor|Knowledge Guide|Reasoning Expert|Decision Maker,2
503,DS-MVTec/cable/image/cut_inner_insulation/011.png,Defect Analysis,There is a defect in the object. What is the potential effect of the defect?,1011,,,,,1,0,1,1,Reference Extractor|Reasoning Expert|Decision Maker,2
504,DS-MVTec/cable/image/cut_inner_insulation/012.png,Anomaly Detection,Is there any defect in the object?,1001,,,,,1,0,0,1,Reference Extractor|Decision Maker,2
505,DS-MVTec/cable/image/cut_inner_insulation/012.png,Defect Classification,There is a defect in the object. What is the type of the defect?,1101,,,,,1,1,0,1,Reference Extractor|Knowledge Guide|Decision Maker,2
506,DS-MVTec/cable/image/cut_inner_insulation/012.png,Defect Description,There is a defect in the object. What is the appearance of the defect?,1111,,,,,1,1,1,1,Reference Extractor|Knowledge Guide|Reasoning Expert|Decision Maker,2
507,DS-MVTec/cable/image/cut_inner_insulation/012.png,Defect Analysis,There is a defect in the object. What might be the effect of the defect on the cable's performance and safety?,1011,,,,,1,0,1,1,Reference Extractor|Reasoning Expert|Decision Maker,2
508,DS-MVTec/cable/image/cut_inner_insulation/013.png,Anomaly Detection,Is there any defect in the object?,1001,,,,,1,0,0,1,Reference Extractor|Decision Maker,2
509,DS-MVTec/cable/image/cut_inner_insulation/013.png,Defect Classification,There is a defect in the object. What is the type of the defect?,1101,,,,,1,1,0,1,Reference Extractor|Knowledge Guide|Decision Maker,2
510,DS-MVTec/cable/image/cut_inner_insulation/013.png,Defect Localization,There is a defect in the object. Where is the defect?,0001,,,,,0,0,0,1,Decision Maker,1
511,DS-MVTec/cable/image/cut_inner_insulation/013.png,Defect Description,There is a defect in the object. What is the appearance of the defect?,1111,,,,,1,1,1,1,Reference Extractor|Knowledge Guide|Reasoning Expert|Decision Maker,2
512,DS-MVTec/cable/image/cut_inner_insulation/013.png,Defect Analysis,There is a defect in the object. What additional anomaly is present near the center of the image?,1011,,,,,1,0,1,1,Reference Extractor|Reasoning Expert|Decision Maker,2
513,DS-MVTec/cable/image/cut_outer_insulation/000.png,Anomaly Detection,Is there any defect in the object?,1001,,,,,1,0,0,1,Reference Extractor|Decision Maker,2
514,DS-MVTec/cable/image/cut_outer_insulation/000.png,Defect Classification,There is a defect in the object. What is the type of the defect?,1101,,,,,1,1,0,1,Reference Extractor|Knowledge Guide|Decision Maker,2
515,DS-MVTec/cable/image/cut_outer_insulation/000.png,Defect Localization,There is a defect in the object. Where is the defect?,0001,,,,,0,0,0,1,Decision Maker,1
516,DS-MVTec/cable/image/cut_outer_insulation/000.png,Defect Description,There is a defect in the object. What is the appearance of the defect?,1111,,,,,1,1,1,1,Reference Extractor|Knowledge Guide|Reasoning Expert|Decision Maker,2
517,DS-MVTec/cable/image/cut_outer_insulation/000.png,Defect Analysis,There is a defect in the object. What is the additional defect observed at the center of the cable?,1011,,,,,1,0,1,1,Reference Extractor|Reasoning Expert|Decision Maker,2
518,DS-MVTec/cable/image/cut_outer_insulation/001.png,Anomaly Detection,Is there any defect in the object?,1001,,,,,1,0,0,1,Reference Extractor|Decision Maker,2
519,DS-MVTec/cable/image/cut_outer_insulation/001.png,Defect Classification,There is a defect in the object. What is the type of the defect?,1101,,,,,1,1,0,1,Reference Extractor|Knowledge Guide|Decision Maker,2
520,DS-MVTec/cable/image/cut_outer_insulation/001.png,Defect Localization,There is a defect in the object. Where is the defect?,0001,,,,,0,0,0,1,Decision Maker,1
521,DS-MVTec/cable/image/cut_outer_insulation/001.png,Defect Description,There is a defect in the object. What is the appearance of the defect?,1111,,,,,1,1,1,1,Reference Extractor|Knowledge Guide|Reasoning Expert|Decision Maker,2
522,DS-MVTec/cable/image/cut_outer_insulation/001.png,Defect Analysis,There is a defect in the object. What is the effect of the defect?,1011,,,,,1,0,1,1,Reference Extractor|Reasoning Expert|Decision Maker,2
523,DS-MVTec/cable/image/cut_outer_insulation/002.png,Anomaly Detection,Is there any defect in the object?,1001,,,,,1,0,0,1,Reference Extractor|Decision Maker,2
524,DS-MVTec/cable/image/cut_outer_insulation/002.png,Defect Classification,There is a defect in the object. What is the type of the defect?,1101,,,,,1,1,0,1,Reference Extractor|Knowledge Guide|Decision Maker,2
525,DS-MVTec/cable/image/cut_outer_insulation/002.png,Defect Localization,There is a defect in the object. Where is the defect?,0001,,,,,0,0,0,1,Decision Maker,1
526,DS-MVTec/cable/image/cut_outer_insulation/002.png,Defect Description,There is a defect in the object. What is the appearance of the defect?,1111,,,,,1,1,1,1,Reference Extractor|Knowledge Guide|Reasoning Expert|Decision Maker,2
527,DS-MVTec/cable/image/cut_outer_insulation/002.png,Defect Analysis,There is a defect in the object. What does the defect expose?,1011,,,,,1,0,1,1,Reference Extractor|Reasoning Expert|Decision Maker,2
528,DS-MVTec/cable/image/cut_outer_insulation/003.png,Anomaly Detection,Is there any defect in the object?,1001,,,,,1,0,0,1,Reference Extractor|Decision Maker,2
529,DS-MVTec/cable/image/cut_outer_insulation/003.png,Defect Classification,There is a defect in the object. What is the type of the defect?,1101,,,,,1,1,0,1,Reference Extractor|Knowledge Guide|Decision Maker,2
530,DS-MVTec/cable/image/cut_outer_insulation/003.png,Defect Description,There is a defect in the object. What is the appearance of the defect?,1111,,,,,1,1,1,1,Reference Extractor|Knowledge Guide|Reasoning Expert|Decision Maker,2
531,DS-MVTec/cable/image/cut_outer_insulation/003.png,Defect Analysis,There is a defect in the object. What additional defect can be identified within the brown insulated section?,1011,,,,,1,0,1,1,Reference Extractor|Reasoning Expert|Decision Maker,2
532,DS-MVTec/cable/image/cut_outer_insulation/004.png,Anomaly Detection,Is there any defect in the object?,1001,,,,,1,0,0,1,Reference Extractor|Decision Maker,2
533,DS-MVTec/cable/image/cut_outer_insulation/004.png,Defect Classification,There is a defect in the object. What is the type of the defect?,1101,,,,,1,1,0,1,Reference Extractor|Knowledge Guide|Decision Maker,2
534,DS-MVTec/cable/image/cut_outer_insulation/004.png,Defect Localization,There is a defect in the object. Where is the defect?,0001,,,,,0,0,0,1,Decision Maker,1
535,DS-MVTec/cable/image/cut_outer_insulation/004.png,Defect Description,There is a defect in the object. What is the appearance of the defect?,1111,,,,,1,1,1,1,Reference Extractor|Knowledge Guide|Reasoning Expert|Decision Maker,2
536,DS-MVTec/cable/image/cut_outer_insulation/004.png,Defect Analysis,There is a defect in the object. What is the effect of the defect?,1011,,,,,1,0,1,1,Reference Extractor|Reasoning Expert|Decision Maker,2
537,DS-MVTec/cable/image/cut_outer_insulation/005.png,Anomaly Detection,Is there any defect in the object?,1001,,,,,1,0,0,1,Reference Extractor|Decision Maker,2
538,DS-MVTec/cable/image/cut_outer_insulation/005.png,Defect Classification,There is a defect in the object. What is the type of the defect?,1101,,,,,1,1,0,1,Reference Extractor|Knowledge Guide|Decision Maker,2
539,DS-MVTec/cable/image/cut_outer_insulation/005.png,Defect Localization,There is a defect in the object. Where is the defect?,0001,,,,,0,0,0,1,Decision Maker,1
540,DS-MVTec/cable/image/cut_outer_insulation/005.png,Defect Description,There is a defect in the object. What is the appearance of the defect?,1111,,,,,1,1,1,1,Reference Extractor|Knowledge Guide|Reasoning Expert|Decision Maker,2
541,DS-MVTec/cable/image/cut_outer_insulation/005.png,Defect Analysis,There is a defect in the object. What additional defect is present in the cable?,1011,,,,,1,0,1,1,Reference Extractor|Reasoning Expert|Decision Maker,2
542,DS-MVTec/cable/image/cut_outer_insulation/006.png,Anomaly Detection,Is there any defect in the object?,1001,,,,,1,0,0,1,Reference Extractor|Decision Maker,2
543,DS-MVTec/cable/image/cut_outer_insulation/006.png,Defect Classification,There is a defect in the object. What is the type of the defect?,1101,,,,,1,1,0,1,Reference Extractor|Knowledge Guide|Decision Maker,2
544,DS-MVTec/cable/image/cut_outer_insulation/006.png,Defect Localization,There is a defect in the object. Where is the defect?,0001,,,,,0,0,0,1,Decision Maker,1
545,DS-MVTec/cable/image/cut_outer_insulation/006.png,Defect Description,There is a defect in the object. What is the appearance of the defect?,1111,,,,,1,1,1,1,Reference Extractor|Knowledge Guide|Reasoning Expert|Decision Maker,2
546,DS-MVTec/cable/image/cut_outer_insulation/006.png,Defect Analysis,There is a defect in the object. Is there an additional defect observed in the cable?,1011,,,,,1,0,1,1,Reference Extractor|Reasoning Expert|Decision Maker,2
547,DS-MVTec/cable/image/cut_outer_insulation/007.png,Anomaly Detection,Is there any defect in the object?,1001,,,,,1,0,0,1,Reference Extractor|Decision Maker,2
548,DS-MVTec/cable/image/cut_outer_insulation/007.png,Defect Classification,There is a defect in the object. What is the type of the defect?,1101,,,,,1,1,0,1,Reference Extractor|Knowledge Guide|Decision Maker,2
549,DS-MVTec/cable/image/cut_outer_insulation/007.png,Defect Localization,There is a defect in the object. Where is the defect?,0001,,,,,0,0,0,1,Decision Maker,1
550,DS-MVTec/cable/image/cut_outer_insulation/007.png,Defect Description,There is a defect in the object. What is the appearance of the defect?,1111,,,,,1,1,1,1,Reference Extractor|Knowledge Guide|Reasoning Expert|Decision Maker,2
551,DS-MVTec/cable/image/cut_outer_insulation/007.png,Defect Analysis,There is a defect in the object. What is the potential effect of the defect on the cable's integrity and function?,1011,,,,,1,0,1,1,Reference Extractor|Reasoning Expert|Decision Maker,2
552,DS-MVTec/cable/image/cut_outer_insulation/008.png,Anomaly Detection,Is there any defect in the object?,1001,,,,,1,0,0,1,Reference Extractor|Decision Maker,2
553,DS-MVTec/cable/image/cut_outer_insulation/008.png,Defect Classification,There is a defect in the object. What is the type of the defect?,1101,,,,,1,1,0,1,Reference Extractor|Knowledge Guide|Decision Maker,2
554,DS-MVTec/cable/image/cut_outer_insulation/008.png,Defect Localization,There is a defect in the object. Where is the defect?,0001,,,,,0,0,0,1,Decision Maker,1
555,DS-MVTec/cable/image/cut_outer_insulation/008.png,Defect Description,There is a defect in the object. What is the appearance of the defect?,1111,,,,,1,1,1,1,Reference Extractor|Knowledge Guide|Reasoning Expert|Decision Maker,2
556,DS-MVTec/cable/image/cut_outer_insulation/008.png,Defect Analysis,There is a defect in the object. What is the effect of the defect on the cable?,1011,,,,,1,0,1,1,Reference Extractor|Reasoning Expert|Decision Maker,2
557,DS-MVTec/cable/image/cut_outer_insulation/009.png,Anomaly Detection,Is there any defect in the object?,1001,,,,,1,0,0,1,Reference Extractor|Decision Maker,2
558,DS-MVTec/cable/image/cut_outer_insulation/009.png,Defect Classification,There is a defect in the object. What is the type of the defect?,1101,,,,,1,1,0,1,Reference Extractor|Knowledge Guide|Decision Maker,2
559,DS-MVTec/cable/image/cut_outer_insulation/009.png,Defect Localization,There is a defect in the object. Where is the defect?,0001,,,,,0,0,0,1,Decision Maker,1
560,DS-MVTec/cable/image/cut_outer_insulation/009.png,Defect Description,There is a defect in the object. What is the appearance of the defect?,1111,,,,,1,1,1,1,Reference Extractor|Knowledge Guide|Reasoning Expert|Decision Maker,2
561,DS-MVTec/cable/image/cut_outer_insulation/009.png,Defect Analysis,There is a defect in the object. What is the likely effect of the defect on the cable?,1011,,,,,1,0,1,1,Reference Extractor|Reasoning Expert|Decision Maker,2
562,DS-MVTec/cable/image/good/000.png,Anomaly Detection,Is there any defect in the object?,1001,,,,,1,0,0,1,Reference Extractor|Decision Maker,2
563,DS-MVTec/cable/image/good/001.png,Anomaly Detection,Is there any defect in the object?,1001,,,,,1,0,0,1,Reference Extractor|Decision Maker,2
564,DS-MVTec/cable/image/good/002.png,Anomaly Detection,Is there any defect in the object?,1001,,,,,1,0,0,1,Reference Extractor|Decision Maker,2
565,DS-MVTec/cable/image/good/003.png,Anomaly Detection,Is there any defect in the object?,1001,,,,,1,0,0,1,Reference Extractor|Decision Maker,2
566,DS-MVTec/cable/image/good/004.png,Anomaly Detection,Is there any defect in the object?,1001,,,,,1,0,0,1,Reference Extractor|Decision Maker,2
567,DS-MVTec/cable/image/good/005.png,Anomaly Detection,Is there any defect in the object?,1001,,,,,1,0,0,1,Reference Extractor|Decision Maker,2
568,DS-MVTec/cable/image/good/006.png,Anomaly Detection,Is there any defect in the object?,1001,,,,,1,0,0,1,Reference Extractor|Decision Maker,2
569,DS-MVTec/cable/image/good/007.png,Anomaly Detection,Is there any defect in the object?,1001,,,,,1,0,0,1,Reference Extractor|Decision Maker,2
570,DS-MVTec/cable/image/good/008.png,Anomaly Detection,Is there any defect in the object?,1001,,,,,1,0,0,1,Reference Extractor|Decision Maker,2
571,DS-MVTec/cable/image/good/009.png,Anomaly Detection,Is there any defect in the object?,1001,,,,,1,0,0,1,Reference Extractor|Decision Maker,2
572,DS-MVTec/cable/image/good/010.png,Anomaly Detection,Is there any defect in the object?,1001,,,,,1,0,0,1,Reference Extractor|Decision Maker,2
573,DS-MVTec/cable/image/good/011.png,Anomaly Detection,Is there any defect in the object?,1001,,,,,1,0,0,1,Reference Extractor|Decision Maker,2
574,DS-MVTec/cable/image/good/012.png,Anomaly Detection,Is there any defect in the object?,1001,,,,,1,0,0,1,Reference Extractor|Decision Maker,2
575,DS-MVTec/cable/image/good/013.png,Anomaly Detection,Is there any defect in the object?,1001,,,,,1,0,0,1,Reference Extractor|Decision Maker,2
576,DS-MVTec/cable/image/good/014.png,Anomaly Detection,Is there any defect in the object?,1001,,,,,1,0,0,1,Reference Extractor|Decision Maker,2
577,DS-MVTec/cable/image/good/015.png,Anomaly Detection,Is there any defect in the object?,1001,,,,,1,0,0,1,Reference Extractor|Decision Maker,2
578,DS-MVTec/cable/image/good/016.png,Anomaly Detection,Is there any defect in the object?,1001,,,,,1,0,0,1,Reference Extractor|Decision Maker,2
579,DS-MVTec/cable/image/good/017.png,Anomaly Detection,Is there any defect in the object?,1001,,,,,1,0,0,1,Reference Extractor|Decision Maker,2
580,DS-MVTec/cable/image/good/018.png,Anomaly Detection,Is there any defect in the object?,1001,,,,,1,0,0,1,Reference Extractor|Decision Maker,2
581,DS-MVTec/cable/image/good/019.png,Anomaly Detection,Is there any defect in the object?,1001,,,,,1,0,0,1,Reference Extractor|Decision Maker,2
582,DS-MVTec/cable/image/good/020.png,Anomaly Detection,Is there any defect in the object?,1001,,,,,1,0,0,1,Reference Extractor|Decision Maker,2
583,DS-MVTec/cable/image/good/021.png,Anomaly Detection,Is there any defect in the object?,1001,,,,,1,0,0,1,Reference Extractor|Decision Maker,2
584,DS-MVTec/cable/image/good/022.png,Anomaly Detection,Is there any defect in the object?,1001,,,,,1,0,0,1,Reference Extractor|Decision Maker,2
585,DS-MVTec/cable/image/good/023.png,Anomaly Detection,Is there any defect in the object?,1001,,,,,1,0,0,1,Reference Extractor|Decision Maker,2
586,DS-MVTec/cable/image/good/024.png,Anomaly Detection,Is there any defect in the object?,1001,,,,,1,0,0,1,Reference Extractor|Decision Maker,2
587,DS-MVTec/cable/image/good/025.png,Anomaly Detection,Is there any defect in the object?,1001,,,,,1,0,0,1,Reference Extractor|Decision Maker,2
588,DS-MVTec/cable/image/good/026.png,Anomaly Detection,Is there any defect in the object?,1001,,,,,1,0,0,1,Reference Extractor|Decision Maker,2
589,DS-MVTec/cable/image/good/027.png,Anomaly Detection,Is there any defect in the object?,1001,,,,,1,0,0,1,Reference Extractor|Decision Maker,2
590,DS-MVTec/cable/image/good/028.png,Anomaly Detection,Is there any defect in the object?,1001,,,,,1,0,0,1,Reference Extractor|Decision Maker,2
591,DS-MVTec/cable/image/good/029.png,Anomaly Detection,Is there any defect in the object?,1001,,,,,1,0,0,1,Reference Extractor|Decision Maker,2
592,DS-MVTec/cable/image/good/030.png,Anomaly Detection,Is there any defect in the object?,1001,,,,,1,0,0,1,Reference Extractor|Decision Maker,2
593,DS-MVTec/cable/image/good/031.png,Anomaly Detection,Is there any defect in the object?,1001,,,,,1,0,0,1,Reference Extractor|Decision Maker,2
594,DS-MVTec/cable/image/good/032.png,Anomaly Detection,Is there any defect in the object?,1001,,,,,1,0,0,1,Reference Extractor|Decision Maker,2
595,DS-MVTec/cable/image/good/033.png,Anomaly Detection,Is there any defect in the object?,1001,,,,,1,0,0,1,Reference Extractor|Decision Maker,2
596,DS-MVTec/cable/image/good/034.png,Anomaly Detection,Is there any defect in the object?,1001,,,,,1,0,0,1,Reference Extractor|Decision Maker,2
597,DS-MVTec/cable/image/good/035.png,Anomaly Detection,Is there any defect in the object?,1001,,,,,1,0,0,1,Reference Extractor|Decision Maker,2
598,DS-MVTec/cable/image/good/036.png,Anomaly Detection,Is there any defect in the object?,1001,,,,,1,0,0,1,Reference Extractor|Decision Maker,2
599,DS-MVTec/cable/image/good/037.png,Anomaly Detection,Is there any defect in the object?,1001,,,,,1,0,0,1,Reference Extractor|Decision Maker,2
600,DS-MVTec/cable/image/good/038.png,Anomaly Detection,Is there any defect in the object?,1001,,,,,1,0,0,1,Reference Extractor|Decision Maker,2
601,DS-MVTec/cable/image/good/039.png,Anomaly Detection,Is there any defect in the object?,1001,,,,,1,0,0,1,Reference Extractor|Decision Maker,2
602,DS-MVTec/cable/image/good/040.png,Anomaly Detection,Is there any defect in the object?,1001,,,,,1,0,0,1,Reference Extractor|Decision Maker,2
603,DS-MVTec/cable/image/good/041.png,Anomaly Detection,Is there any defect in the object?,1001,,,,,1,0,0,1,Reference Extractor|Decision Maker,2
604,DS-MVTec/cable/image/good/042.png,Anomaly Detection,Is there any defect in the object?,1001,,,,,1,0,0,1,Reference Extractor|Decision Maker,2
605,DS-MVTec/cable/image/good/043.png,Anomaly Detection,Is there any defect in the object?,1001,,,,,1,0,0,1,Reference Extractor|Decision Maker,2
606,DS-MVTec/cable/image/good/044.png,Anomaly Detection,Is there any defect in the object?,1001,,,,,1,0,0,1,Reference Extractor|Decision Maker,2
607,DS-MVTec/cable/image/good/045.png,Anomaly Detection,Is there any defect in the object?,1001,,,,,1,0,0,1,Reference Extractor|Decision Maker,2
608,DS-MVTec/cable/image/good/046.png,Anomaly Detection,Is there any defect in the object?,1001,,,,,1,0,0,1,Reference Extractor|Decision Maker,2
609,DS-MVTec/cable/image/good/047.png,Anomaly Detection,Is there any defect in the object?,1001,,,,,1,0,0,1,Reference Extractor|Decision Maker,2
610,DS-MVTec/cable/image/good/048.png,Anomaly Detection,Is there any defect in the object?,1001,,,,,1,0,0,1,Reference Extractor|Decision Maker,2
611,DS-MVTec/cable/image/good/049.png,Anomaly Detection,Is there any defect in the object?,1001,,,,,1,0,0,1,Reference Extractor|Decision Maker,2
612,DS-MVTec/cable/image/good/050.png,Anomaly Detection,Is there any defect in the object?,1001,,,,,1,0,0,1,Reference Extractor|Decision Maker,2
613,DS-MVTec/cable/image/good/051.png,Anomaly Detection,Is there any defect in the object?,1001,,,,,1,0,0,1,Reference Extractor|Decision Maker,2
614,DS-MVTec/cable/image/good/052.png,Anomaly Detection,Is there any defect in the object?,1001,,,,,1,0,0,1,Reference Extractor|Decision Maker,2
615,DS-MVTec/cable/image/good/053.png,Anomaly Detection,Is there any defect in the object?,1001,,,,,1,0,0,1,Reference Extractor|Decision Maker,2
616,DS-MVTec/cable/image/good/054.png,Anomaly Detection,Is there any defect in the object?,1001,,,,,1,0,0,1,Reference Extractor|Decision Maker,2
617,DS-MVTec/cable/image/good/055.png,Anomaly Detection,Is there any defect in the object?,1001,,,,,1,0,0,1,Reference Extractor|Decision Maker,2
618,DS-MVTec/cable/image/good/056.png,Anomaly Detection,Is there any defect in the object?,1001,,,,,1,0,0,1,Reference Extractor|Decision Maker,2
619,DS-MVTec/cable/image/good/057.png,Anomaly Detection,Is there any defect in the object?,1001,,,,,1,0,0,1,Reference Extractor|Decision Maker,2
620,DS-MVTec/cable/image/missing_cable/000.png,Anomaly Detection,Is there any defect in the object?,1001,,,,,1,0,0,1,Reference Extractor|Decision Maker,2
621,DS-MVTec/cable/image/missing_cable/000.png,Defect Classification,There is a defect in the object. What is the type of the defect?,1101,,,,,1,1,0,1,Reference Extractor|Knowledge Guide|Decision Maker,2
622,DS-MVTec/cable/image/missing_cable/000.png,Defect Localization,There is a defect in the object. Where is the defect?,0001,,,,,0,0,0,1,Decision Maker,1
623,DS-MVTec/cable/image/missing_cable/000.png,Defect Description,There is a defect in the object. What is the appearance of the defect?,1111,,,,,1,1,1,1,Reference Extractor|Knowledge Guide|Reasoning Expert|Decision Maker,2
624,DS-MVTec/cable/image/missing_cable/000.png,Defect Analysis,There is a defect in the object. What is the effect of the defect?,1011,,,,,1,0,1,1,Reference Extractor|Reasoning Expert|Decision Maker,2
625,DS-MVTec/cable/image/missing_cable/001.png,Anomaly Detection,Is there any defect in the object?,1001,,,,,1,0,0,1,Reference Extractor|Decision Maker,2
626,DS-MVTec/cable/image/missing_cable/001.png,Defect Classification,There is a defect in the object. What is the type of the defect?,1101,,,,,1,1,0,1,Reference Extractor|Knowledge Guide|Decision Maker,2
627,DS-MVTec/cable/image/missing_cable/001.png,Defect Localization,There is a defect in the object. Where is the defect?,0001,,,,,0,0,0,1,Decision Maker,1
628,DS-MVTec/cable/image/missing_cable/001.png,Defect Description,There is a defect in the object. What is the appearance of the defect?,1111,,,,,1,1,1,1,Reference Extractor|Knowledge Guide|Reasoning Expert|Decision Maker,2
629,DS-MVTec/cable/image/missing_cable/001.png,Defect Analysis,There is a defect in the object. What is the effect of the defect?,1011,,,,,1,0,1,1,Reference Extractor|Reasoning Expert|Decision Maker,2
630,DS-MVTec/cable/image/missing_cable/002.png,Anomaly Detection,Is there any defect in the object?,1001,,,,,1,0,0,1,Reference Extractor|Decision Maker,2
631,DS-MVTec/cable/image/missing_cable/002.png,Defect Classification,There is a defect in the object. What is the type of the defect?,1101,,,,,1,1,0,1,Reference Extractor|Knowledge Guide|Decision Maker,2
632,DS-MVTec/cable/image/missing_cable/002.png,Defect Localization,There is a defect in the object. Where is the defect?,0001,,,,,0,0,0,1,Decision Maker,1
633,DS-MVTec/cable/image/missing_cable/002.png,Defect Description,There is a defect in the object. What is the appearance of the defect?,1111,,,,,1,1,1,1,Reference Extractor|Knowledge Guide|Reasoning Expert|Decision Maker,2
634,DS-MVTec/cable/image/missing_cable/002.png,Defect Analysis,There is a defect in the object. What effect does the defect have on the object?,1011,,,,,1,0,1,1,Reference Extractor|Reasoning Expert|Decision Maker,2
635,DS-MVTec/cable/image/missing_cable/003.png,Anomaly Detection,Is there any defect in the object?,1001,,,,,1,0,0,1,Reference Extractor|Decision Maker,2
636,DS-MVTec/cable/image/missing_cable/003.png,Defect Classification,There is a defect in the object. What is the type of the defect?,1101,,,,,1,1,0,1,Reference Extractor|Knowledge Guide|Decision Maker,2
637,DS-MVTec/cable/image/missing_cable/003.png,Defect Localization,There is a defect in the object. Where is the defect?,0001,,,,,0,0,0,1,Decision Maker,1
638,DS-MVTec/cable/image/missing_cable/003.png,Defect Description,There is a defect in the object. What is the appearance of the defect?,1111,,,,,1,1,1,1,Reference Extractor|Knowledge Guide|Reasoning Expert|Decision Maker,2
639,DS-MVTec/cable/image/missing_cable/003.png,Defect Analysis,There is a defect in the object. What is the likely effect of the defect on the cable's functionality?,1011,,,,,1,0,1,1,Reference Extractor|Reasoning Expert|Decision Maker,2
640,DS-MVTec/cable/image/missing_cable/004.png,Anomaly Detection,Is there any defect in the object?,1001,,,,,1,0,0,1,Reference Extractor|Decision Maker,2
641,DS-MVTec/cable/image/missing_cable/004.png,Defect Classification,There is a defect in the object. What is the type of the defect?,1101,,,,,1,1,0,1,Reference Extractor|Knowledge Guide|Decision Maker,2
642,DS-MVTec/cable/image/missing_cable/004.png,Defect Localization,There is a defect in the object. Where is the defect?,0001,,,,,0,0,0,1,Decision Maker,1
643,DS-MVTec/cable/image/missing_cable/004.png,Defect Description,There is a defect in the object. What is the appearance of the defect?,1111,,,,,1,1,1,1,Reference Extractor|Knowledge Guide|Reasoning Expert|Decision Maker,2
644,DS-MVTec/cable/image/missing_cable/004.png,Defect Analysis,There is a defect in the object. What effect does the defect have on the object?,1011,,,,,1,0,1,1,Reference Extractor|Reasoning Expert|Decision Maker,2
645,DS-MVTec/cable/image/missing_cable/005.png,Anomaly Detection,Is there any defect in the object?,1001,,,,,1,0,0,1,Reference Extractor|Decision Maker,2
646,DS-MVTec/cable/image/missing_cable/005.png,Defect Classification,There is a defect in the object. What is the type of the defect?,1101,,,,,1,1,0,1,Reference Extractor|Knowledge Guide|Decision Maker,2
647,DS-MVTec/cable/image/missing_cable/005.png,Defect Localization,There is a defect in the object. Where is the defect?,0001,,,,,0,0,0,1,Decision Maker,1
648,DS-MVTec/cable/image/missing_cable/005.png,Defect Description,There is a defect in the object. What is the appearance of the defect?,1111,,,,,1,1,1,1,Reference Extractor|Knowledge Guide|Reasoning Expert|Decision Maker,2
649,DS-MVTec/cable/image/missing_cable/005.png,Defect Analysis,There is a defect in the object. What is the effect of the defect?,1011,,,,,1,0,1,1,Reference Extractor|Reasoning Expert|Decision Maker,2
650,DS-MVTec/cable/image/missing_cable/006.png,Anomaly Detection,Is there any defect in the object?,1001,,,,,1,0,0,1,Reference Extractor|Decision Maker,2
651,DS-MVTec/cable/image/missing_cable/006.png,Defect Classification,There is a defect in the object. What is the type of the defect?,1101,,,,,1,1,0,1,Reference Extractor|Knowledge Guide|Decision Maker,2
652,DS-MVTec/cable/image/missing_cable/006.png,Defect Localization,There is a defect in the object. Where is the defect?,0001,,,,,0,0,0,1,Decision Maker,1
653,DS-MVTec/cable/image/missing_cable/006.png,Defect Description,There is a defect in the object. What is the appearance of the defect?,1111,,,,,1,1,1,1,Reference Extractor|Knowledge Guide|Reasoning Expert|Decision Maker,2
654,DS-MVTec/cable/image/missing_cable/006.png,Defect Analysis,There is a defect in the object. What is the effect of the defect?,1011,,,,,1,0,1,1,Reference Extractor|Reasoning Expert|Decision Maker,2
655,DS-MVTec/cable/image/missing_cable/007.png,Anomaly Detection,Is there any defect in the object?,1001,,,,,1,0,0,1,Reference Extractor|Decision Maker,2
656,DS-MVTec/cable/image/missing_cable/007.png,Defect Classification,There is a defect in the object. What is the type of the defect?,1101,,,,,1,1,0,1,Reference Extractor|Knowledge Guide|Decision Maker,2
657,DS-MVTec/cable/image/missing_cable/007.png,Defect Localization,There is a defect in the object. Where is the defect?,0001,,,,,0,0,0,1,Decision Maker,1
658,DS-MVTec/cable/image/missing_cable/007.png,Defect Description,There is a defect in the object. What is the appearance of the defect?,1111,,,,,1,1,1,1,Reference Extractor|Knowledge Guide|Reasoning Expert|Decision Maker,2
659,DS-MVTec/cable/image/missing_cable/007.png,Defect Analysis,There is a defect in the object. What is the effect of the defect?,1011,,,,,1,0,1,1,Reference Extractor|Reasoning Expert|Decision Maker,2
660,DS-MVTec/cable/image/missing_cable/008.png,Anomaly Detection,Is there any defect in the object?,1001,,,,,1,0,0,1,Reference Extractor|Decision Maker,2
661,DS-MVTec/cable/image/missing_cable/008.png,Defect Classification,There is a defect in the object. What is the type of the defect?,1101,,,,,1,1,0,1,Reference Extractor|Knowledge Guide|Decision Maker,2
662,DS-MVTec/cable/image/missing_cable/008.png,Defect Localization,There is a defect in the object. Where is the defect?,0001,,,,,0,0,0,1,Decision Maker,1
663,DS-MVTec/cable/image/missing_cable/008.png,Defect Description,There is a defect in the object. What is the appearance of the defect?,1111,,,,,1,1,1,1,Reference Extractor|Knowledge Guide|Reasoning Expert|Decision Maker,2
664,DS-MVTec/cable/image/missing_cable/008.png,Defect Analysis,There is a defect in the object. What is the effect of the defect?,1011,,,,,1,0,1,1,Reference Extractor|Reasoning Expert|Decision Maker,2
665,DS-MVTec/cable/image/missing_cable/009.png,Anomaly Detection,Is there any defect in the object?,1001,,,,,1,0,0,1,Reference Extractor|Decision Maker,2
666,DS-MVTec/cable/image/missing_cable/009.png,Defect Classification,There is a defect in the object. What is the type of the defect?,1101,,,,,1,1,0,1,Reference Extractor|Knowledge Guide|Decision Maker,2
667,DS-MVTec/cable/image/missing_cable/009.png,Defect Localization,There is a defect in the object. Where is the defect?,0001,,,,,0,0,0,1,Decision Maker,1
668,DS-MVTec/cable/image/missing_cable/009.png,Defect Description,There is a defect in the object. What is the appearance of the defect?,1111,,,,,1,1,1,1,Reference Extractor|Knowledge Guide|Reasoning Expert|Decision Maker,2
669,DS-MVTec/cable/image/missing_cable/009.png,Defect Analysis,There is a defect in the object. What is the effect of the defect?,1011,,,,,1,0,1,1,Reference Extractor|Reasoning Expert|Decision Maker,2
670,DS-MVTec/cable/image/missing_cable/010.png,Anomaly Detection,Is there any defect in the object?,1001,,,,,1,0,0,1,Reference Extractor|Decision Maker,2
671,DS-MVTec/cable/image/missing_cable/010.png,Defect Classification,There is a defect in the object. What is the type of the defect?,1101,,,,,1,1,0,1,Reference Extractor|Knowledge Guide|Decision Maker,2
672,DS-MVTec/cable/image/missing_cable/010.png,Defect Localization,There is a defect in the object. Where is the defect?,0001,,,,,0,0,0,1,Decision Maker,1
673,DS-MVTec/cable/image/missing_cable/010.png,Defect Description,There is a defect in the object. What is the appearance of the defect?,1111,,,,,1,1,1,1,Reference Extractor|Knowledge Guide|Reasoning Expert|Decision Maker,2
674,DS-MVTec/cable/image/missing_cable/010.png,Defect Analysis,There is a defect in the object. What effect does the defect have on the cable?,1011,,,,,1,0,1,1,Reference Extractor|Reasoning Expert|Decision Maker,2
675,DS-MVTec/cable/image/missing_cable/011.png,Anomaly Detection,Is there any defect in the object?,1001,,,,,1,0,0,1,Reference Extractor|Decision Maker,2
676,DS-MVTec/cable/image/missing_cable/011.png,Defect Classification,There is a defect in the object. What are the types of the defect?,1101,,,,,1,1,0,1,Reference Extractor|Knowledge Guide|Decision Maker,2
677,DS-MVTec/cable/image/missing_cable/011.png,Defect Localization,There are some defects in the object. Where are the defects?,0001,,,,,0,0,0,1,Decision Maker,1
678,DS-MVTec/cable/image/missing_cable/011.png,Defect Description,There are some defects in the object. What is the appearance of the defects?,1111,,,,,1,1,1,1,Reference Extractor|Knowledge Guide|Reasoning Expert|Decision Maker,2
679,DS-MVTec/cable/image/missing_cable/011.png,Defect Analysis,There are some defects in the object. What could be the effect of these defects?,1011,,,,,1,0,1,1,Reference Extractor|Reasoning Expert|Decision Maker,2
680,DS-MVTec/cable/image/missing_wire/000.png,Anomaly Detection,Is there any defect in the object?,1001,,,,,1,0,0,1,Reference Extractor|Decision Maker,2
681,DS-MVTec/cable/image/missing_wire/000.png,Defect Classification,There is a defect in the object. What is the type of the defect?,1101,,,,,1,1,0,1,Reference Extractor|Knowledge Guide|Decision Maker,2
682,DS-MVTec/cable/image/missing_wire/000.png,Defect Localization,There is a defect in the object. Where is the defect?,0001,,,,,0,0,0,1,Decision Maker,1
683,DS-MVTec/cable/image/missing_wire/000.png,Defect Description,There is a defect in the object. What is the appearance of the defect?,1111,,,,,1,1,1,1,Reference Extractor|Knowledge Guide|Reasoning Expert|Decision Maker,2
684,DS-MVTec/cable/image/missing_wire/000.png,Defect Analysis,There is a defect in the object. What is the effect of the defect?,1011,,,,,1,0,1,1,Reference Extractor|Reasoning Expert|Decision Maker,2
685,DS-MVTec/cable/image/missing_wire/001.png,Anomaly Detection,Is there any defect in the object?,1001,,,,,1,0,0,1,Reference Extractor|Decision Maker,2
686,DS-MVTec/cable/image/missing_wire/001.png,Defect Classification,There is a defect in the object. What is the type of the defect?,1101,,,,,1,1,0,1,Reference Extractor|Knowledge Guide|Decision Maker,2
687,DS-MVTec/cable/image/missing_wire/001.png,Defect Localization,There is a defect in the object. Where is the defect?,0001,,,,,0,0,0,1,Decision Maker,1
688,DS-MVTec/cable/image/missing_wire/001.png,Defect Description,There is a defect in the object. What is the appearance of the defect?,1111,,,,,1,1,1,1,Reference Extractor|Knowledge Guide|Reasoning Expert|Decision Maker,2
689,DS-MVTec/cable/image/missing_wire/001.png,Defect Analysis,There is a defect in the object. What is the effect of the defect?,1011,,,,,1,0,1,1,Reference Extractor|Reasoning Expert|Decision Maker,2
690,DS-MVTec/cable/image/missing_wire/002.png,Anomaly Detection,Is there any defect in the object?,1001,,,,,1,0,0,1,Reference Extractor|Decision Maker,2
691,DS-MVTec/cable/image/missing_wire/002.png,Defect Classification,There is a defect in the object. What is the type of the defect?,1101,,,,,1,1,0,1,Reference Extractor|Knowledge Guide|Decision Maker,2
692,DS-MVTec/cable/image/missing_wire/002.png,Defect Localization,There is a defect in the object. Where is the defect?,0001,,,,,0,0,0,1,Decision Maker,1
693,DS-MVTec/cable/image/missing_wire/002.png,Defect Description,There is a defect in the object. What is the appearance of the defect?,1111,,,,,1,1,1,1,Reference Extractor|Knowledge Guide|Reasoning Expert|Decision Maker,2
694,DS-MVTec/cable/image/missing_wire/002.png,Defect Analysis,There is a defect in the object. What is the effect of the defect on the cable?,1011,,,,,1,0,1,1,Reference Extractor|Reasoning Expert|Decision Maker,2
695,DS-MVTec/cable/image/missing_wire/003.png,Anomaly Detection,Is there any defect in the object?,1001,,,,,1,0,0,1,Reference Extractor|Decision Maker,2
696,DS-MVTec/cable/image/missing_wire/003.png,Defect Classification,There is a defect in the object. What is the type of the defect?,1101,,,,,1,1,0,1,Reference Extractor|Knowledge Guide|Decision Maker,2
697,DS-MVTec/cable/image/missing_wire/003.png,Defect Localization,There is a defect in the object. Where is the defect?,0001,,,,,0,0,0,1,Decision Maker,1
698,DS-MVTec/cable/image/missing_wire/003.png,Defect Description,There is a defect in the object. What is the appearance of the defect?,1111,,,,,1,1,1,1,Reference Extractor|Knowledge Guide|Reasoning Expert|Decision Maker,2
699,DS-MVTec/cable/image/missing_wire/003.png,Defect Analysis,There is a defect in the object. What is the effect of the defect?,1011,,,,,1,0,1,1,Reference Extractor|Reasoning Expert|Decision Maker,2
700,DS-MVTec/cable/image/missing_wire/004.png,Anomaly Detection,Is there any defect in the object?,1001,,,,,1,0,0,1,Reference Extractor|Decision Maker,2
701,DS-MVTec/cable/image/missing_wire/004.png,Defect Classification,There is a defect in the object. What is the type of the defect?,1101,,,,,1,1,0,1,Reference Extractor|Knowledge Guide|Decision Maker,2
702,DS-MVTec/cable/image/missing_wire/004.png,Defect Localization,There is a defect in the object. Where is the defect?,0001,,,,,0,0,0,1,Decision Maker,1
703,DS-MVTec/cable/image/missing_wire/004.png,Defect Description,There is a defect in the object. What is the appearance of the defect?,1111,,,,,1,1,1,1,Reference Extractor|Knowledge Guide|Reasoning Expert|Decision Maker,2
704,DS-MVTec/cable/image/missing_wire/004.png,Defect Analysis,There is a defect in the object. What might be the effect of the defect?,1011,,,,,1,0,1,1,Reference Extractor|Reasoning Expert|Decision Maker,2
705,DS-MVTec/cable/image/missing_wire/005.png,Anomaly Detection,Is there any defect in the object?,1001,,,,,1,0,0,1,Reference Extractor|Decision Maker,2
706,DS-MVTec/cable/image/missing_wire/005.png,Defect Classification,There is a defect in the object. What is the type of the defect?,1101,,,,,1,1,0,1,Reference Extractor|Knowledge Guide|Decision Maker,2
707,DS-MVTec/cable/image/missing_wire/005.png,Defect Localization,There is a defect in the object. Where is the defect?,0001,,,,,0,0,0,1,Decision Maker,1
708,DS-MVTec/cable/image/missing_wire/005.png,Defect Description,There is a defect in the object. What is the appearance of the defect?,1111,,,,,1,1,1,1,Reference Extractor|Knowledge Guide|Reasoning Expert|Decision Maker,2
709,DS-MVTec/cable/image/missing_wire/005.png,Defect Analysis,There is a defect in the object. What is the effect of the defect on the cable?,1011,,,,,1,0,1,1,Reference Extractor|Reasoning Expert|Decision Maker,2
710,DS-MVTec/cable/image/missing_wire/006.png,Anomaly Detection,Is there any defect in the object?,1001,,,,,1,0,0,1,Reference Extractor|Decision Maker,2
711,DS-MVTec/cable/image/missing_wire/006.png,Defect Classification,There is a defect in the object. What is the type of the defect?,1101,,,,,1,1,0,1,Reference Extractor|Knowledge Guide|Decision Maker,2
712,DS-MVTec/cable/image/missing_wire/006.png,Defect Localization,There is a defect in the object. Where is the defect?,0001,,,,,0,0,0,1,Decision Maker,1
713,DS-MVTec/cable/image/missing_wire/006.png,Defect Description,There is a defect in the object. What is the appearance of the defect?,1111,,,,,1,1,1,1,Reference Extractor|Knowledge Guide|Reasoning Expert|Decision Maker,2
714,DS-MVTec/cable/image/missing_wire/006.png,Defect Analysis,There is a defect in the object. How does the defect affect the wire?,1011,,,,,1,0,1,1,Reference Extractor|Reasoning Expert|Decision Maker,2
715,DS-MVTec/cable/image/missing_wire/007.png,Anomaly Detection,Is there any defect in the object?,1001,,,,,1,0,0,1,Reference Extractor|Decision Maker,2
716,DS-MVTec/cable/image/missing_wire/007.png,Defect Classification,There is a defect in the object. What is the type of the defect?,1101,,,,,1,1,0,1,Reference Extractor|Knowledge Guide|Decision Maker,2
717,DS-MVTec/cable/image/missing_wire/007.png,Defect Localization,There is a defect in the object. Where is the defect?,0001,,,,,0,0,0,1,Decision Maker,1
718,DS-MVTec/cable/image/missing_wire/007.png,Defect Description,There is a defect in the object. What is the appearance of the defect?,1111,,,,,1,1,1,1,Reference Extractor|Knowledge Guide|Reasoning Expert|Decision Maker,2
719,DS-MVTec/cable/image/missing_wire/007.png,Defect Analysis,There is a defect in the object. What could be the effect of the defect?,1011,,,,,1,0,1,1,Reference Extractor|Reasoning Expert|Decision Maker,2
720,DS-MVTec/cable/image/missing_wire/008.png,Anomaly Detection,Is there any defect in the object?,1001,,,,,1,0,0,1,Reference Extractor|Decision Maker,2
721,DS-MVTec/cable/image/missing_wire/008.png,Defect Classification,There is a defect in the object. What is the type of the defect?,1101,,,,,1,1,0,1,Reference Extractor|Knowledge Guide|Decision Maker,2
722,DS-MVTec/cable/image/missing_wire/008.png,Defect Localization,There is a defect in the object. Where is the defect?,0001,,,,,0,0,0,1,Decision Maker,1
723,DS-MVTec/cable/image/missing_wire/008.png,Defect Description,There is a defect in the object. What is the appearance of the defect?,1111,,,,,1,1,1,1,Reference Extractor|Knowledge Guide|Reasoning Expert|Decision Maker,2
724,DS-MVTec/cable/image/missing_wire/008.png,Defect Analysis,There is a defect in the object. How might the defect affect the cable?,1011,,,,,1,0,1,1,Reference Extractor|Reasoning Expert|Decision Maker,2
725,DS-MVTec/cable/image/missing_wire/009.png,Anomaly Detection,Is there any defect in the object?,1001,,,,,1,0,0,1,Reference Extractor|Decision Maker,2
726,DS-MVTec/cable/image/missing_wire/009.png,Defect Classification,There is a defect in the object. What is the type of the defect?,1101,,,,,1,1,0,1,Reference Extractor|Knowledge Guide|Decision Maker,2
727,DS-MVTec/cable/image/missing_wire/009.png,Defect Localization,There is a defect in the object. Where is the defect?,0001,,,,,0,0,0,1,Decision Maker,1
728,DS-MVTec/cable/image/missing_wire/009.png,Defect Description,There is a defect in the object. What is the appearance of the defect?,1111,,,,,1,1,1,1,Reference Extractor|Knowledge Guide|Reasoning Expert|Decision Maker,2
729,DS-MVTec/cable/image/missing_wire/009.png,Defect Analysis,There is a defect in the object. What could the effect of the defect be?,1011,,,,,1,0,1,1,Reference Extractor|Reasoning Expert|Decision Maker,2
730,DS-MVTec/cable/image/poke_insulation/000.png,Anomaly Detection,Is there any defect in the object?,1001,,,,,1,0,0,1,Reference Extractor|Decision Maker,2
731,DS-MVTec/cable/image/poke_insulation/000.png,Defect Classification,There is a defect in the object. What is the type of the defect?,1101,,,,,1,1,0,1,Reference Extractor|Knowledge Guide|Decision Maker,2
732,DS-MVTec/cable/image/poke_insulation/000.png,Defect Localization,There is a defect in the object. Where is the defect?,0001,,,,,0,0,0,1,Decision Maker,1
733,DS-MVTec/cable/image/poke_insulation/000.png,Defect Description,There is a defect in the object. What is the appearance of the defect?,1111,,,,,1,1,1,1,Reference Extractor|Knowledge Guide|Reasoning Expert|Decision Maker,2
734,DS-MVTec/cable/image/poke_insulation/000.png,Defect Analysis,There is a defect in the object. What is the potential effect of the defect?,1011,,,,,1,0,1,1,Reference Extractor|Reasoning Expert|Decision Maker,2
735,DS-MVTec/cable/image/poke_insulation/001.png,Anomaly Detection,Is there any defect in the object?,1001,,,,,1,0,0,1,Reference Extractor|Decision Maker,2
736,DS-MVTec/cable/image/poke_insulation/001.png,Defect Classification,There is a defect in the object. What is the type of the defect?,1101,,,,,1,1,0,1,Reference Extractor|Knowledge Guide|Decision Maker,2
737,DS-MVTec/cable/image/poke_insulation/001.png,Defect Localization,There is a defect in the object. Where is the defect?,0001,,,,,0,0,0,1,Decision Maker,1
738,DS-MVTec/cable/image/poke_insulation/001.png,Defect Description,There is a defect in the object. What is the appearance of the defect?,1111,,,,,1,1,1,1,Reference Extractor|Knowledge Guide|Reasoning Expert|Decision Maker,2
739,DS-MVTec/cable/image/poke_insulation/001.png,Defect Analysis,There is a defect in the object. What is the effect of the defect?,1011,,,,,1,0,1,1,Reference Extractor|Reasoning Expert|Decision Maker,2
740,DS-MVTec/cable/image/poke_insulation/002.png,Anomaly Detection,Is there any defect in the object?,1001,,,,,1,0,0,1,Reference Extractor|Decision Maker,2
741,DS-MVTec/cable/image/poke_insulation/002.png,Defect Classification,There is a defect in the object. What is the type of the defect?,1101,,,,,1,1,0,1,Reference Extractor|Knowledge Guide|Decision Maker,2
742,DS-MVTec/cable/image/poke_insulation/002.png,Defect Description,There is a defect in the object. What is the appearance of the defect?,1111,,,,,1,1,1,1,Reference Extractor|Knowledge Guide|Reasoning Expert|Decision Maker,2
743,DS-MVTec/cable/image/poke_insulation/003.png,Anomaly Detection,Is there any defect in the object?,1001,,,,,1,0,0,1,Reference Extractor|Decision Maker,2
744,DS-MVTec/cable/image/poke_insulation/003.png,Defect Classification,There is a defect in the object. What is the type of the defect?,1101,,,,,1,1,0,1,Reference Extractor|Knowledge Guide|Decision Maker,2
745,DS-MVTec/cable/image/poke_insulation/003.png,Defect Localization,There is a defect in the object. Where is the defect?,0001,,,,,0,0,0,1,Decision Maker,1
746,DS-MVTec/cable/image/poke_insulation/003.png,Defect Description,There is a defect in the object. What is the appearance of the defect?,1111,,,,,1,1,1,1,Reference Extractor|Knowledge Guide|Reasoning Expert|Decision Maker,2
747,DS-MVTec/cable/image/poke_insulation/003.png,Defect Analysis,There is a defect in the object. What is the effect of the defect?,1011,,,,,1,0,1,1,Reference Extractor|Reasoning Expert|Decision Maker,2
748,DS-MVTec/cable/image/poke_insulation/004.png,Anomaly Detection,Is there any defect in the object?,1001,,,,,1,0,0,1,Reference Extractor|Decision Maker,2
749,DS-MVTec/cable/image/poke_insulation/004.png,Defect Classification,There is a defect in the object. What is the type of the defect?,1101,,,,,1,1,0,1,Reference Extractor|Knowledge Guide|Decision Maker,2
750,DS-MVTec/cable/image/poke_insulation/004.png,Defect Localization,There is a defect in the object. Where is the defect?,0001,,,,,0,0,0,1,Decision Maker,1
751,DS-MVTec/cable/image/poke_insulation/004.png,Defect Description,There is a defect in the object. What is the appearance of the defect?,1111,,,,,1,1,1,1,Reference Extractor|Knowledge Guide|Reasoning Expert|Decision Maker,2
752,DS-MVTec/cable/image/poke_insulation/004.png,Defect Analysis,There is a defect in the object. Is there an additional anomaly present in the cable?,1011,,,,,1,0,1,1,Reference Extractor|Reasoning Expert|Decision Maker,2
753,DS-MVTec/cable/image/poke_insulation/005.png,Anomaly Detection,Is there any defect in the object?,1001,,,,,1,0,0,1,Reference Extractor|Decision Maker,2
754,DS-MVTec/cable/image/poke_insulation/005.png,Defect Classification,There are some defects in the object. How many different defects are observed in the object?,1101,,,,,1,1,0,1,Reference Extractor|Knowledge Guide|Decision Maker,2
755,DS-MVTec/cable/image/poke_insulation/005.png,Defect Localization,There is a defect in the object. Where is the defect on the blue conductor located?,0001,,,,,0,0,0,1,Decision Maker,1
756,DS-MVTec/cable/image/poke_insulation/005.png,Defect Description,There is a defect in the object. What is the appearance of the defect on the green and yellow conductor?,1111,,,,,1,1,1,1,Reference Extractor|Knowledge Guide|Reasoning Expert|Decision Maker,2
757,DS-MVTec/cable/image/poke_insulation/005.png,Defect Analysis,There are some defects in the object. What is the potential impact of the defects on the cable's functionality?,1011,,,,,1,0,1,1,Reference Extractor|Reasoning Expert|Decision Maker,2
758,DS-MVTec/cable/image/poke_insulation/006.png,Anomaly Detection,Is there any defect in the object?,1001,,,,,1,0,0,1,Reference Extractor|Decision Maker,2
759,DS-MVTec/cable/image/poke_insulation/006.png,Defect Classification,There is a defect in the object. What is the type of the defect?,1101,,,,,1,1,0,1,Reference Extractor|Knowledge Guide|Decision Maker,2
760,DS-MVTec/cable/image/poke_insulation/006.png,Defect Localization,There is a defect in the object. Where is the defect?,0001,,,,,0,0,0,1,Decision Maker,1
761,DS-MVTec/cable/image/poke_insulation/006.png,Defect Description,There is a defect in the object. What is the appearance of the defect?,1111,,,,,1,1,1,1,Reference Extractor|Knowledge Guide|Reasoning Expert|Decision Maker,2
762,DS-MVTec/cable/image/poke_insulation/006.png,Defect Analysis,There is a defect in the object. What is the potential effect of the defect?,1011,,,,,1,0,1,1,Reference Extractor|Reasoning Expert|Decision Maker,2
763,DS-MVTec/cable/image/poke_insulation/007.png,Anomaly Detection,Is there any defect in the object?,1001,,,,,1,0,0,1,Reference Extractor|Decision Maker,2
764,DS-MVTec/cable/image/poke_insulation/007.png,Defect Classification,There is a defect in the object. What is the type of the defect?,1101,,,,,1,1,0,1,Reference Extractor|Knowledge Guide|Decision Maker,2
765,DS-MVTec/cable/image/poke_insulation/007.png,Defect Localization,There is a defect in the object. Where is the defect?,0001,,,,,0,0,0,1,Decision Maker,1
766,DS-MVTec/cable/image/poke_insulation/007.png,Defect Description,There is a defect in the object. What is the appearance of the defect?,1111,,,,,1,1,1,1,Reference Extractor|Knowledge Guide|Reasoning Expert|Decision Maker,2
767,DS-MVTec/cable/image/poke_insulation/007.png,Defect Analysis,There is a defect in the object. What could be the effect of the defect?,1011,,,,,1,0,1,1,Reference Extractor|Reasoning Expert|Decision Maker,2
768,DS-MVTec/cable/image/poke_insulation/008.png,Anomaly Detection,Is there any defect in the object?,1001,,,,,1,0,0,1,Reference Extractor|Decision Maker,2
769,DS-MVTec/cable/image/poke_insulation/008.png,Defect Classification,There is a defect in the object. What is the type of the defect?,1101,,,,,1,1,0,1,Reference Extractor|Knowledge Guide|Decision Maker,2
770,DS-MVTec/cable/image/poke_insulation/008.png,Defect Localization,There is a defect in the object. Where is the defect?,0001,,,,,0,0,0,1,Decision Maker,1
771,DS-MVTec/cable/image/poke_insulation/008.png,Defect Description,There is a defect in the object. What is the appearance of the defect?,1111,,,,,1,1,1,1,Reference Extractor|Knowledge Guide|Reasoning Expert|Decision Maker,2
772,DS-MVTec/cable/image/poke_insulation/008.png,Defect Analysis,There are some defects in the object. What could be the effect of these defects?,1011,,,,,1,0,1,1,Reference Extractor|Reasoning Expert|Decision Maker,2
773,DS-MVTec/cable/image/poke_insulation/009.png,Anomaly Detection,Is there any defect in the object?,1001,,,,,1,0,0,1,Reference Extractor|Decision Maker,2
774,DS-MVTec/cable/image/poke_insulation/009.png,Defect Classification,There is a defect in the object. What is the type of the first defect?,1101,,,,,1,1,0,1,Reference Extractor|Knowledge Guide|Decision Maker,2
775,DS-MVTec/cable/image/poke_insulation/009.png,Defect Localization,There is a defect in the object. Where is the missing wire defect located?,0001,,,,,0,0,0,1,Decision Maker,1
776,DS-MVTec/cable/image/poke_insulation/009.png,Defect Description,There is a defect in the object. What is the appearance of the second defect?,1111,,,,,1,1,1,1,Reference Extractor|Knowledge Guide|Reasoning Expert|Decision Maker,2
777,DS-MVTec/cable/image/poke_insulation/009.png,Defect Analysis,There are some defects in the object. What impact might the defects have?,1011,,,,,1,0,1,1,Reference Extractor|Reasoning Expert|Decision Maker,2
778,DS-MVTec/capsule/image/crack/000.png,Anomaly Detection,Is there any defect in the object?,1001,,,,,1,0,0,1,Reference Extractor|Decision Maker,2
779,DS-MVTec/capsule/image/crack/000.png,Defect Classification,There is a defect in the object. What is the type of the defect?,1101,,,,,1,1,0,1,Reference Extractor|Knowledge Guide|Decision Maker,2
780,DS-MVTec/capsule/image/crack/000.png,Defect Localization,There is a defect in the object. Where is the defect?,0001,,,,,0,0,0,1,Decision Maker,1
781,DS-MVTec/capsule/image/crack/000.png,Defect Analysis,There is a defect in the object. What is the effect of the defect?,1011,,,,,1,0,1,1,Reference Extractor|Reasoning Expert|Decision Maker,2
782,DS-MVTec/capsule/image/crack/001.png,Anomaly Detection,Is there any defect in the object?,1001,,,,,1,0,0,1,Reference Extractor|Decision Maker,2
783,DS-MVTec/capsule/image/crack/001.png,Defect Classification,There is a defect in the object. What is the type of the defect?,1101,,,,,1,1,0,1,Reference Extractor|Knowledge Guide|Decision Maker,2
784,DS-MVTec/capsule/image/crack/001.png,Defect Localization,There is a defect in the object. Where is the defect?,0001,,,,,0,0,0,1,Decision Maker,1
785,DS-MVTec/capsule/image/crack/001.png,Defect Description,There is a defect in the object. What is the appearance of the defect?,1111,,,,,1,1,1,1,Reference Extractor|Knowledge Guide|Reasoning Expert|Decision Maker,2
786,DS-MVTec/capsule/image/crack/001.png,Defect Analysis,There is a defect in the object. What additional information can be observed about the defect?,1011,,,,,1,0,1,1,Reference Extractor|Reasoning Expert|Decision Maker,2
787,DS-MVTec/capsule/image/crack/002.png,Anomaly Detection,Is there any defect in the object?,1001,,,,,1,0,0,1,Reference Extractor|Decision Maker,2
788,DS-MVTec/capsule/image/crack/002.png,Defect Classification,There is a defect in the object. What is the type of the defect?,1101,,,,,1,1,0,1,Reference Extractor|Knowledge Guide|Decision Maker,2
789,DS-MVTec/capsule/image/crack/002.png,Defect Localization,There is a defect in the object. Where is the defect?,0001,,,,,0,0,0,1,Decision Maker,1
790,DS-MVTec/capsule/image/crack/002.png,Defect Description,There is a defect in the object. What is the appearance of the defect?,1111,,,,,1,1,1,1,Reference Extractor|Knowledge Guide|Reasoning Expert|Decision Maker,2
791,DS-MVTec/capsule/image/crack/002.png,Defect Analysis,There is a defect in the object. Where on the black half is the defect more pronounced?,1011,,,,,1,0,1,1,Reference Extractor|Reasoning Expert|Decision Maker,2
792,DS-MVTec/capsule/image/crack/003.png,Anomaly Detection,Is there any defect in the object?,1001,,,,,1,0,0,1,Reference Extractor|Decision Maker,2
793,DS-MVTec/capsule/image/crack/003.png,Defect Classification,There is a defect in the object. What is the type of the defect?,1101,,,,,1,1,0,1,Reference Extractor|Knowledge Guide|Decision Maker,2
794,DS-MVTec/capsule/image/crack/003.png,Defect Localization,There is a defect in the object. Where is the defect?,0001,,,,,0,0,0,1,Decision Maker,1
795,DS-MVTec/capsule/image/crack/003.png,Defect Description,There is a defect in the object. What is the appearance of the defect?,1111,,,,,1,1,1,1,Reference Extractor|Knowledge Guide|Reasoning Expert|Decision Maker,2
796,DS-MVTec/capsule/image/crack/003.png,Defect Analysis,There is a defect in the object. What is the effect of the defect on the capsule?,1011,,,,,1,0,1,1,Reference Extractor|Reasoning Expert|Decision Maker,2
797,DS-MVTec/capsule/image/crack/004.png,Anomaly Detection,Is there any defect in the object?,1001,,,,,1,0,0,1,Reference Extractor|Decision Maker,2
798,DS-MVTec/capsule/image/crack/004.png,Defect Classification,There is a defect in the object. What is the type of the defect?,1101,,,,,1,1,0,1,Reference Extractor|Knowledge Guide|Decision Maker,2
799,DS-MVTec/capsule/image/crack/004.png,Defect Localization,There is a defect in the object. Where is the defect?,0001,,,,,0,0,0,1,Decision Maker,1
800,DS-MVTec/capsule/image/crack/004.png,Defect Description,There is a defect in the object. What is the appearance of the defect?,1111,,,,,1,1,1,1,Reference Extractor|Knowledge Guide|Reasoning Expert|Decision Maker,2
801,DS-MVTec/capsule/image/crack/004.png,Defect Analysis,There is a defect in the object. What is the effect of the defect on the object?,1011,,,,,1,0,1,1,Reference Extractor|Reasoning Expert|Decision Maker,2
802,DS-MVTec/capsule/image/crack/005.png,Anomaly Detection,Is there any defect in the object?,1001,,,,,1,0,0,1,Reference Extractor|Decision Maker,2
803,DS-MVTec/capsule/image/crack/005.png,Defect Classification,There is a defect in the object. What is the type of the defect?,1101,,,,,1,1,0,1,Reference Extractor|Knowledge Guide|Decision Maker,2
804,DS-MVTec/capsule/image/crack/005.png,Defect Localization,There is a defect in the object. Where is the defect?,0001,,,,,0,0,0,1,Decision Maker,1
805,DS-MVTec/capsule/image/crack/005.png,Defect Description,There is a defect in the object. What is the appearance of the defect?,1111,,,,,1,1,1,1,Reference Extractor|Knowledge Guide|Reasoning Expert|Decision Maker,2
806,DS-MVTec/capsule/image/crack/005.png,Defect Analysis,There is a defect in the object. What part of the capsule does the defect affect?,1011,,,,,1,0,1,1,Reference Extractor|Reasoning Expert|Decision Maker,2
807,DS-MVTec/capsule/image/crack/006.png,Anomaly Detection,Is there any defect in the object?,1001,,,,,1,0,0,1,Reference Extractor|Decision Maker,2
808,DS-MVTec/capsule/image/crack/006.png,Defect Classification,There is a defect in the object. What is the type of the defect?,1101,,,,,1,1,0,1,Reference Extractor|Knowledge Guide|Decision Maker,2
809,DS-MVTec/capsule/image/crack/006.png,Defect Localization,There is a defect in the object. Where is the defect?,0001,,,,,0,0,0,1,Decision Maker,1
810,DS-MVTec/capsule/image/crack/006.png,Defect Description,There is a defect in the object. What is the appearance of the defect?,1111,,,,,1,1,1,1,Reference Extractor|Knowledge Guide|Reasoning Expert|Decision Maker,2
811,DS-MVTec/capsule/image/crack/006.png,Defect Analysis,There is a defect in the object. What is the effect of the defect?,1011,,,,,1,0,1,1,Reference Extractor|Reasoning Expert|Decision Maker,2
812,DS-MVTec/capsule/image/crack/007.png,Anomaly Detection,Is there any defect in the object?,1001,,,,,1,0,0,1,Reference Extractor|Decision Maker,2
813,DS-MVTec/capsule/image/crack/007.png,Defect Classification,There is a defect in the object. What is the type of the defect?,1101,,,,,1,1,0,1,Reference Extractor|Knowledge Guide|Decision Maker,2
814,DS-MVTec/capsule/image/crack/007.png,Defect Localization,There is a defect in the object. Where is the defect?,0001,,,,,0,0,0,1,Decision Maker,1
815,DS-MVTec/capsule/image/crack/007.png,Defect Description,There is a defect in the object. What is the appearance of the defect?,1111,,,,,1,1,1,1,Reference Extractor|Knowledge Guide|Reasoning Expert|Decision Maker,2
816,DS-MVTec/capsule/image/crack/007.png,Defect Analysis,There is a defect in the object. What is the potential effect of the defect?,1011,,,,,1,0,1,1,Reference Extractor|Reasoning Expert|Decision Maker,2
817,DS-MVTec/capsule/image/crack/008.png,Anomaly Detection,Is there any defect in the object?,1001,,,,,1,0,0,1,Reference Extractor|Decision Maker,2
818,DS-MVTec/capsule/image/crack/008.png,Defect Classification,There is a defect in the object. What is the type of the defect?,1101,,,,,1,1,0,1,Reference Extractor|Knowledge Guide|Decision Maker,2
819,DS-MVTec/capsule/image/crack/008.png,Defect Localization,There is a defect in the object. Where is the defect?,0001,,,,,0,0,0,1,Decision Maker,1
820,DS-MVTec/capsule/image/crack/008.png,Defect Description,There is a defect in the object. What is the appearance of the defect?,1111,,,,,1,1,1,1,Reference Extractor|Knowledge Guide|Reasoning Expert|Decision Maker,2
821,DS-MVTec/capsule/image/crack/008.png,Defect Analysis,There is a defect in the object. Is there an additional defect on the capsule?,1011,,,,,1,0,1,1,Reference Extractor|Reasoning Expert|Decision Maker,2
822,DS-MVTec/capsule/image/crack/009.png,Anomaly Detection,Is there any defect in the object?,1001,,,,,1,0,0,1,Reference Extractor|Decision Maker,2
823,DS-MVTec/capsule/image/crack/009.png,Defect Classification,There is a defect in the object. What is the type of the defect?,1101,,,,,1,1,0,1,Reference Extractor|Knowledge Guide|Decision Maker,2
824,DS-MVTec/capsule/image/crack/009.png,Defect Localization,There is a defect in the object. Where is the defect?,0001,,,,,0,0,0,1,Decision Maker,1
825,DS-MVTec/capsule/image/crack/009.png,Defect Description,There is a defect in the object. What is the appearance of the defect?,1111,,,,,1,1,1,1,Reference Extractor|Knowledge Guide|Reasoning Expert|Decision Maker,2
826,DS-MVTec/capsule/image/crack/009.png,Defect Analysis,There is a defect in the object. What is the potential effect of the defect?,1011,,,,,1,0,1,1,Reference Extractor|Reasoning Expert|Decision Maker,2
827,DS-MVTec/capsule/image/crack/010.png,Anomaly Detection,Is there any defect in the object?,1001,,,,,1,0,0,1,Reference Extractor|Decision Maker,2
828,DS-MVTec/capsule/image/crack/010.png,Defect Classification,There is a defect in the object. What is the type of the defect?,1101,,,,,1,1,0,1,Reference Extractor|Knowledge Guide|Decision Maker,2
829,DS-MVTec/capsule/image/crack/010.png,Defect Localization,There is a defect in the object. Where is the defect?,0001,,,,,0,0,0,1,Decision Maker,1
830,DS-MVTec/capsule/image/crack/010.png,Defect Description,There is a defect in the object. What is the appearance of the defect?,1111,,,,,1,1,1,1,Reference Extractor|Knowledge Guide|Reasoning Expert|Decision Maker,2
831,DS-MVTec/capsule/image/crack/010.png,Defect Analysis,There is a defect in the object. What effect does the defect have on the capsule?,1011,,,,,1,0,1,1,Reference Extractor|Reasoning Expert|Decision Maker,2
832,DS-MVTec/capsule/image/crack/011.png,Anomaly Detection,Is there any defect in the object?,1001,,,,,1,0,0,1,Reference Extractor|Decision Maker,2
833,DS-MVTec/capsule/image/crack/011.png,Defect Classification,There is a defect in the object. What is the type of the defect?,1101,,,,,1,1,0,1,Reference Extractor|Knowledge Guide|Decision Maker,2
834,DS-MVTec/capsule/image/crack/011.png,Defect Localization,There is a defect in the object. Where is the defect?,0001,,,,,0,0,0,1,Decision Maker,1
835,DS-MVTec/capsule/image/crack/011.png,Defect Description,There is a defect in the object. What is the appearance of the defect?,1111,,,,,1,1,1,1,Reference Extractor|Knowledge Guide|Reasoning Expert|Decision Maker,2
836,DS-MVTec/capsule/image/crack/011.png,Defect Analysis,There is a defect in the object. What is the potential effect of the defect?,1011,,,,,1,0,1,1,Reference Extractor|Reasoning Expert|Decision Maker,2
837,DS-MVTec/capsule/image/crack/012.png,Anomaly Detection,Is there any defect in the object?,1001,,,,,1,0,0,1,Reference Extractor|Decision Maker,2
838,DS-MVTec/capsule/image/crack/012.png,Defect Classification,There is a defect in the object. What is the type of the defect?,1101,,,,,1,1,0,1,Reference Extractor|Knowledge Guide|Decision Maker,2
839,DS-MVTec/capsule/image/crack/012.png,Defect Localization,There is a defect in the object. Where is the defect?,0001,,,,,0,0,0,1,Decision Maker,1
840,DS-MVTec/capsule/image/crack/012.png,Defect Description,There is a defect in the object. What is the appearance of the defect?,1111,,,,,1,1,1,1,Reference Extractor|Knowledge Guide|Reasoning Expert|Decision Maker,2
841,DS-MVTec/capsule/image/crack/012.png,Defect Analysis,There is a defect in the object. What is the effect of the defect?,1011,,,,,1,0,1,1,Reference Extractor|Reasoning Expert|Decision Maker,2
842,DS-MVTec/capsule/image/crack/013.png,Anomaly Detection,Is there any defect in the object?,1001,,,,,1,0,0,1,Reference Extractor|Decision Maker,2
843,DS-MVTec/capsule/image/crack/013.png,Defect Classification,There is a defect in the object. What is the type of the defect?,1101,,,,,1,1,0,1,Reference Extractor|Knowledge Guide|Decision Maker,2
844,DS-MVTec/capsule/image/crack/013.png,Defect Localization,There is a defect in the object. Where is the defect?,0001,,,,,0,0,0,1,Decision Maker,1
845,DS-MVTec/capsule/image/crack/013.png,Defect Description,There is a defect in the object. What is the appearance of the defect?,1111,,,,,1,1,1,1,Reference Extractor|Knowledge Guide|Reasoning Expert|Decision Maker,2
846,DS-MVTec/capsule/image/crack/013.png,Defect Analysis,There is a defect in the object. What is the effect of the defect on the capsule?,1011,,,,,1,0,1,1,Reference Extractor|Reasoning Expert|Decision Maker,2
847,DS-MVTec/capsule/image/crack/014.png,Anomaly Detection,Is there any defect in the object?,1001,,,,,1,0,0,1,Reference Extractor|Decision Maker,2
848,DS-MVTec/capsule/image/crack/014.png,Defect Classification,There is a defect in the object. What is the type of the defect?,1101,,,,,1,1,0,1,Reference Extractor|Knowledge Guide|Decision Maker,2
849,DS-MVTec/capsule/image/crack/014.png,Defect Localization,There is a defect in the object. Where is the defect?,0001,,,,,0,0,0,1,Decision Maker,1
850,DS-MVTec/capsule/image/crack/014.png,Defect Description,There is a defect in the object. What is the appearance of the defect?,1111,,,,,1,1,1,1,Reference Extractor|Knowledge Guide|Reasoning Expert|Decision Maker,2
851,DS-MVTec/capsule/image/crack/014.png,Defect Analysis,There is a defect in the object. How does the defect extend on the lighter-colored half of the capsule?,1011,,,,,1,0,1,1,Reference Extractor|Reasoning Expert|Decision Maker,2
852,DS-MVTec/capsule/image/crack/015.png,Anomaly Detection,Is there any defect in the object?,1001,,,,,1,0,0,1,Reference Extractor|Decision Maker,2
853,DS-MVTec/capsule/image/crack/015.png,Defect Classification,There is a defect in the object. What is the type of the defect?,1101,,,,,1,1,0,1,Reference Extractor|Knowledge Guide|Decision Maker,2
854,DS-MVTec/capsule/image/crack/015.png,Defect Localization,There is a defect in the object. Where is the defect?,0001,,,,,0,0,0,1,Decision Maker,1
855,DS-MVTec/capsule/image/crack/015.png,Defect Description,There is a defect in the object. What is the appearance of the defect?,1111,,,,,1,1,1,1,Reference Extractor|Knowledge Guide|Reasoning Expert|Decision Maker,2
856,DS-MVTec/capsule/image/crack/015.png,Defect Analysis,There is a defect in the object. What is a potential effect of the defect?,1011,,,,,1,0,1,1,Reference Extractor|Reasoning Expert|Decision Maker,2
857,DS-MVTec/capsule/image/crack/016.png,Anomaly Detection,Is there any defect in the object?,1001,,,,,1,0,0,1,Reference Extractor|Decision Maker,2
858,DS-MVTec/capsule/image/crack/016.png,Defect Classification,There is a defect in the object. What is the type of the defect?,1101,,,,,1,1,0,1,Reference Extractor|Knowledge Guide|Decision Maker,2
859,DS-MVTec/capsule/image/crack/016.png,Defect Localization,There is a defect in the object. Where is the defect?,0001,,,,,0,0,0,1,Decision Maker,1
860,DS-MVTec/capsule/image/crack/016.png,Defect Description,There is a defect in the object. What is the appearance of the defect?,1111,,,,,1,1,1,1,Reference Extractor|Knowledge Guide|Reasoning Expert|Decision Maker,2
861,DS-MVTec/capsule/image/crack/016.png,Defect Analysis,There is a defect in the object. What additional information can be provided about the defect?,1011,,,,,1,0,1,1,Reference Extractor|Reasoning Expert|Decision Maker,2
862,DS-MVTec/capsule/image/crack/017.png,Anomaly Detection,Is there any defect in the object?,1001,,,,,1,0,0,1,Reference Extractor|Decision Maker,2
863,DS-MVTec/capsule/image/crack/017.png,Defect Classification,There is a defect in the object. What is the type of the defect?,1101,,,,,1,1,0,1,Reference Extractor|Knowledge Guide|Decision Maker,2
864,DS-MVTec/capsule/image/crack/017.png,Defect Localization,There is a defect in the object. Where is the defect?,0001,,,,,0,0,0,1,Decision Maker,1
865,DS-MVTec/capsule/image/crack/017.png,Defect Description,There is a defect in the object. What is the appearance of the defect?,1111,,,,,1,1,1,1,Reference Extractor|Knowledge Guide|Reasoning Expert|Decision Maker,2
866,DS-MVTec/capsule/image/crack/017.png,Defect Analysis,There is a defect in the object. What is the effect of the defect?,1011,,,,,1,0,1,1,Reference Extractor|Reasoning Expert|Decision Maker,2
867,DS-MVTec/capsule/image/crack/018.png,Anomaly Detection,Is there any defect in the object?,1001,,,,,1,0,0,1,Reference Extractor|Decision Maker,2
868,DS-MVTec/capsule/image/crack/018.png,Defect Classification,There is a defect in the object. What is the type of the defect?,1101,,,,,1,1,0,1,Reference Extractor|Knowledge Guide|Decision Maker,2
869,DS-MVTec/capsule/image/crack/018.png,Defect Localization,There is a defect in the object. Where is the defect?,0001,,,,,0,0,0,1,Decision Maker,1
870,DS-MVTec/capsule/image/crack/018.png,Defect Description,There is a defect in the object. What is the appearance of the defect?,1111,,,,,1,1,1,1,Reference Extractor|Knowledge Guide|Reasoning Expert|Decision Maker,2
871,DS-MVTec/capsule/image/crack/018.png,Defect Analysis,There is a defect in the object. What additional information can be provided about the defect?,1011,,,,,1,0,1,1,Reference Extractor|Reasoning Expert|Decision Maker,2
872,DS-MVTec/capsule/image/crack/019.png,Anomaly Detection,Is there any defect in the object?,1001,,,,,1,0,0,1,Reference Extractor|Decision Maker,2
873,DS-MVTec/capsule/image/crack/019.png,Defect Classification,There is a defect in the object. What is the type of the defect?,1101,,,,,1,1,0,1,Reference Extractor|Knowledge Guide|Decision Maker,2
874,DS-MVTec/capsule/image/crack/019.png,Defect Localization,There is a defect in the object. Where is the defect?,0001,,,,,0,0,0,1,Decision Maker,1
875,DS-MVTec/capsule/image/crack/019.png,Defect Description,There is a defect in the object. What is the appearance of the defect?,1111,,,,,1,1,1,1,Reference Extractor|Knowledge Guide|Reasoning Expert|Decision Maker,2
876,DS-MVTec/capsule/image/crack/019.png,Defect Analysis,There is a defect in the object. What effect does the defect have on the capsule?,1011,,,,,1,0,1,1,Reference Extractor|Reasoning Expert|Decision Maker,2
877,DS-MVTec/capsule/image/crack/020.png,Anomaly Detection,Is there any defect in the object?,1001,,,,,1,0,0,1,Reference Extractor|Decision Maker,2
878,DS-MVTec/capsule/image/crack/020.png,Defect Classification,There is a defect in the object. What is the type of the defect?,1101,,,,,1,1,0,1,Reference Extractor|Knowledge Guide|Decision Maker,2
879,DS-MVTec/capsule/image/crack/020.png,Defect Localization,There is a defect in the object. Where is the defect?,0001,,,,,0,0,0,1,Decision Maker,1
880,DS-MVTec/capsule/image/crack/020.png,Defect Description,There is a defect in the object. What is the appearance of the defect?,1111,,,,,1,1,1,1,Reference Extractor|Knowledge Guide|Reasoning Expert|Decision Maker,2
881,DS-MVTec/capsule/image/crack/020.png,Defect Analysis,There is a defect in the object. What is the effect of the defect?,1011,,,,,1,0,1,1,Reference Extractor|Reasoning Expert|Decision Maker,2
882,DS-MVTec/capsule/image/crack/021.png,Anomaly Detection,Is there any defect in the object?,1001,,,,,1,0,0,1,Reference Extractor|Decision Maker,2
883,DS-MVTec/capsule/image/crack/021.png,Defect Classification,There is a defect in the object. What is the type of the defect?,1101,,,,,1,1,0,1,Reference Extractor|Knowledge Guide|Decision Maker,2
884,DS-MVTec/capsule/image/crack/021.png,Defect Localization,There is a defect in the object. Where is the defect?,0001,,,,,0,0,0,1,Decision Maker,1
885,DS-MVTec/capsule/image/crack/021.png,Defect Description,There is a defect in the object. What is the appearance of the defect?,1111,,,,,1,1,1,1,Reference Extractor|Knowledge Guide|Reasoning Expert|Decision Maker,2
886,DS-MVTec/capsule/image/crack/021.png,Defect Analysis,There is a defect in the object. What is the potential effect of the defect on the capsule?,1011,,,,,1,0,1,1,Reference Extractor|Reasoning Expert|Decision Maker,2
887,DS-MVTec/capsule/image/crack/022.png,Anomaly Detection,Is there any defect in the object?,1001,,,,,1,0,0,1,Reference Extractor|Decision Maker,2
888,DS-MVTec/capsule/image/crack/022.png,Defect Classification,There is a defect in the object. What is the type of the defect?,1101,,,,,1,1,0,1,Reference Extractor|Knowledge Guide|Decision Maker,2
889,DS-MVTec/capsule/image/crack/022.png,Defect Localization,There is a defect in the object. Where is the defect?,0001,,,,,0,0,0,1,Decision Maker,1
890,DS-MVTec/capsule/image/crack/022.png,Defect Description,There is a defect in the object. What is the appearance of the defect?,1111,,,,,1,1,1,1,Reference Extractor|Knowledge Guide|Reasoning Expert|Decision Maker,2
891,DS-MVTec/capsule/image/crack/022.png,Defect Analysis,There is a defect in the object. How could the defect potentially affect the capsule?,1011,,,,,1,0,1,1,Reference Extractor|Reasoning Expert|Decision Maker,2
892,DS-MVTec/capsule/image/faulty_imprint/000.png,Anomaly Detection,Is there any defect in the object?,1001,,,,,1,0,0,1,Reference Extractor|Decision Maker,2
893,DS-MVTec/capsule/image/faulty_imprint/000.png,Defect Classification,There are some defects in the object. What type of defects are present in the object?,1101,,,,,1,1,0,1,Reference Extractor|Knowledge Guide|Decision Maker,2
894,DS-MVTec/capsule/image/faulty_imprint/000.png,Defect Localization,There are some defects in the object. Where are the defects located?,0001,,,,,0,0,0,1,Decision Maker,1
895,DS-MVTec/capsule/image/faulty_imprint/000.png,Defect Description,There are some defects in the object. What is the appearance of the defects?,1111,,,,,1,1,1,1,Reference Extractor|Knowledge Guide|Reasoning Expert|Decision Maker,2
896,DS-MVTec/capsule/image/faulty_imprint/000.png,Defect Analysis,There are some defects in the object. What are the potential effects of these defects?,1011,,,,,1,0,1,1,Reference Extractor|Reasoning Expert|Decision Maker,2
897,DS-MVTec/capsule/image/faulty_imprint/001.png,Anomaly Detection,Is there any defect in the object?,1001,,,,,1,0,0,1,Reference Extractor|Decision Maker,2
898,DS-MVTec/capsule/image/faulty_imprint/001.png,Defect Classification,There is a defect in the object. What is the type of the defect?,1101,,,,,1,1,0,1,Reference Extractor|Knowledge Guide|Decision Maker,2
899,DS-MVTec/capsule/image/faulty_imprint/001.png,Defect Localization,There is a defect in the object. Where is the defect?,0001,,,,,0,0,0,1,Decision Maker,1
900,DS-MVTec/capsule/image/faulty_imprint/001.png,Defect Description,There is a defect in the object. What is the appearance of the defect?,1111,,,,,1,1,1,1,Reference Extractor|Knowledge Guide|Reasoning Expert|Decision Maker,2
901,DS-MVTec/capsule/image/faulty_imprint/001.png,Defect Analysis,There is a defect in the object. What might the effect of this defect be?,1011,,,,,1,0,1,1,Reference Extractor|Reasoning Expert|Decision Maker,2
902,DS-MVTec/capsule/image/faulty_imprint/002.png,Anomaly Detection,Is there any defect in the object?,1001,,,,,1,0,0,1,Reference Extractor|Decision Maker,2
903,DS-MVTec/capsule/image/faulty_imprint/002.png,Defect Classification,There is a defect in the object. What is the type of the defect?,1101,,,,,1,1,0,1,Reference Extractor|Knowledge Guide|Decision Maker,2
904,DS-MVTec/capsule/image/faulty_imprint/002.png,Defect Localization,There is a defect in the object. Where is the defect?,0001,,,,,0,0,0,1,Decision Maker,1
905,DS-MVTec/capsule/image/faulty_imprint/002.png,Defect Description,There is a defect in the object. What is the appearance of the defect?,1111,,,,,1,1,1,1,Reference Extractor|Knowledge Guide|Reasoning Expert|Decision Maker,2
906,DS-MVTec/capsule/image/faulty_imprint/002.png,Defect Analysis,"There is a defect in the object. Compared to a normal sample, how does the defective imprint affect the capsule?",1011,,,,,1,0,1,1,Reference Extractor|Reasoning Expert|Decision Maker,2
907,DS-MVTec/capsule/image/faulty_imprint/003.png,Anomaly Detection,Is there any defect in the object?,1001,,,,,1,0,0,1,Reference Extractor|Decision Maker,2
908,DS-MVTec/capsule/image/faulty_imprint/003.png,Defect Classification,There is a defect in the object. What is the type of the defect?,1101,,,,,1,1,0,1,Reference Extractor|Knowledge Guide|Decision Maker,2
909,DS-MVTec/capsule/image/faulty_imprint/003.png,Defect Localization,There is a defect in the object. Where is the defect?,0001,,,,,0,0,0,1,Decision Maker,1
910,DS-MVTec/capsule/image/faulty_imprint/003.png,Defect Description,There is a defect in the object. What is the appearance of the defect?,1111,,,,,1,1,1,1,Reference Extractor|Knowledge Guide|Reasoning Expert|Decision Maker,2
911,DS-MVTec/capsule/image/faulty_imprint/003.png,Defect Analysis,There is a defect in the object. What is the effect of the defect?,1011,,,,,1,0,1,1,Reference Extractor|Reasoning Expert|Decision Maker,2
912,DS-MVTec/capsule/image/faulty_imprint/004.png,Anomaly Detection,Is there any defect in the object?,1001,,,,,1,0,0,1,Reference Extractor|Decision Maker,2
913,DS-MVTec/capsule/image/faulty_imprint/004.png,Defect Classification,There is a defect in the object. What is the type of the defect?,1101,,,,,1,1,0,1,Reference Extractor|Knowledge Guide|Decision Maker,2
914,DS-MVTec/capsule/image/faulty_imprint/004.png,Defect Localization,There is a defect in the object. Where is the defect?,0001,,,,,0,0,0,1,Decision Maker,1
915,DS-MVTec/capsule/image/faulty_imprint/004.png,Defect Description,There is a defect in the object. What is the appearance of the defect?,1111,,,,,1,1,1,1,Reference Extractor|Knowledge Guide|Reasoning Expert|Decision Maker,2
916,DS-MVTec/capsule/image/faulty_imprint/004.png,Defect Analysis,There is a defect in the object. What is the effect of the defect?,1011,,,,,1,0,1,1,Reference Extractor|Reasoning Expert|Decision Maker,2
917,DS-MVTec/capsule/image/faulty_imprint/005.png,Anomaly Detection,Is there any defect in the object?,1001,,,,,1,0,0,1,Reference Extractor|Decision Maker,2
918,DS-MVTec/capsule/image/faulty_imprint/005.png,Defect Classification,There is a defect in the object. What is the type of the defect?,1101,,,,,1,1,0,1,Reference Extractor|Knowledge Guide|Decision Maker,2
919,DS-MVTec/capsule/image/faulty_imprint/005.png,Defect Localization,There is a defect in the object. Where is the defect?,0001,,,,,0,0,0,1,Decision Maker,1
920,DS-MVTec/capsule/image/faulty_imprint/005.png,Defect Description,There is a defect in the object. What is the appearance of the defect?,1111,,,,,1,1,1,1,Reference Extractor|Knowledge Guide|Reasoning Expert|Decision Maker,2
921,DS-MVTec/capsule/image/faulty_imprint/005.png,Defect Analysis,There is a defect in the object. Is there an additional defect on the capsule?,1011,,,,,1,0,1,1,Reference Extractor|Reasoning Expert|Decision Maker,2
922,DS-MVTec/capsule/image/faulty_imprint/006.png,Anomaly Detection,Is there any defect in the object?,1001,,,,,1,0,0,1,Reference Extractor|Decision Maker,2
923,DS-MVTec/capsule/image/faulty_imprint/006.png,Defect Classification,There is a defect in the object. What is the type of the defect?,1101,,,,,1,1,0,1,Reference Extractor|Knowledge Guide|Decision Maker,2
924,DS-MVTec/capsule/image/faulty_imprint/006.png,Defect Localization,There is a defect in the object. Where is the defect?,0001,,,,,0,0,0,1,Decision Maker,1
925,DS-MVTec/capsule/image/faulty_imprint/006.png,Defect Description,There is a defect in the object. What is the appearance of the defect?,1111,,,,,1,1,1,1,Reference Extractor|Knowledge Guide|Reasoning Expert|Decision Maker,2
926,DS-MVTec/capsule/image/faulty_imprint/006.png,Defect Analysis,There is a defect in the object. Is there a secondary defect present on the capsule?,1011,,,,,1,0,1,1,Reference Extractor|Reasoning Expert|Decision Maker,2
927,DS-MVTec/capsule/image/faulty_imprint/007.png,Anomaly Detection,Is there any defect in the object?,1001,,,,,1,0,0,1,Reference Extractor|Decision Maker,2
928,DS-MVTec/capsule/image/faulty_imprint/007.png,Defect Classification,There is a defect in the object. What is the type of the defect?,1101,,,,,1,1,0,1,Reference Extractor|Knowledge Guide|Decision Maker,2
929,DS-MVTec/capsule/image/faulty_imprint/007.png,Defect Localization,There is a defect in the object. Where is the defect?,0001,,,,,0,0,0,1,Decision Maker,1
930,DS-MVTec/capsule/image/faulty_imprint/007.png,Defect Description,There is a defect in the object. What is the appearance of the defect?,1111,,,,,1,1,1,1,Reference Extractor|Knowledge Guide|Reasoning Expert|Decision Maker,2
931,DS-MVTec/capsule/image/faulty_imprint/007.png,Defect Analysis,There is a defect in the object. What numerical value is not clearly visible on the defective capsule's imprint?,1011,,,,,1,0,1,1,Reference Extractor|Reasoning Expert|Decision Maker,2
932,DS-MVTec/capsule/image/faulty_imprint/008.png,Anomaly Detection,Is there any defect in the object?,1001,,,,,1,0,0,1,Reference Extractor|Decision Maker,2
933,DS-MVTec/capsule/image/faulty_imprint/008.png,Defect Classification,There is a defect in the object. What is the type of the defect?,1101,,,,,1,1,0,1,Reference Extractor|Knowledge Guide|Decision Maker,2
934,DS-MVTec/capsule/image/faulty_imprint/008.png,Defect Localization,There is a defect in the object. Where is the defect?,0001,,,,,0,0,0,1,Decision Maker,1
935,DS-MVTec/capsule/image/faulty_imprint/008.png,Defect Description,There is a defect in the object. What is the appearance of the defect?,1111,,,,,1,1,1,1,Reference Extractor|Knowledge Guide|Reasoning Expert|Decision Maker,2
936,DS-MVTec/capsule/image/faulty_imprint/008.png,Defect Analysis,There is a defect in the object. What is the effect of the defect?,1011,,,,,1,0,1,1,Reference Extractor|Reasoning Expert|Decision Maker,2
937,DS-MVTec/capsule/image/faulty_imprint/009.png,Anomaly Detection,Is there any defect in the object?,1001,,,,,1,0,0,1,Reference Extractor|Decision Maker,2
938,DS-MVTec/capsule/image/faulty_imprint/009.png,Defect Classification,There is a defect in the object. What is the type of the primary defect?,1101,,,,,1,1,0,1,Reference Extractor|Knowledge Guide|Decision Maker,2
939,DS-MVTec/capsule/image/faulty_imprint/009.png,Defect Localization,There is a defect in the object. Where is the primary defect located?,0001,,,,,0,0,0,1,Decision Maker,1
940,DS-MVTec/capsule/image/faulty_imprint/009.png,Defect Description,There is a defect in the object. What is the appearance of the primary defect?,1111,,,,,1,1,1,1,Reference Extractor|Knowledge Guide|Reasoning Expert|Decision Maker,2
941,DS-MVTec/capsule/image/faulty_imprint/009.png,Defect Analysis,There is a defect in the object. What additional defect is present on the capsule?,1011,,,,,1,0,1,1,Reference Extractor|Reasoning Expert|Decision Maker,2
942,DS-MVTec/capsule/image/faulty_imprint/010.png,Anomaly Detection,Is there any defect in the object?,1001,,,,,1,0,0,1,Reference Extractor|Decision Maker,2
943,DS-MVTec/capsule/image/faulty_imprint/010.png,Defect Classification,There is a defect in the object. What is the type of the defect?,1101,,,,,1,1,0,1,Reference Extractor|Knowledge Guide|Decision Maker,2
944,DS-MVTec/capsule/image/faulty_imprint/010.png,Defect Localization,There is a defect in the object. Where is the defect?,0001,,,,,0,0,0,1,Decision Maker,1
945,DS-MVTec/capsule/image/faulty_imprint/010.png,Defect Description,There is a defect in the object. What is the appearance of the defect?,1111,,,,,1,1,1,1,Reference Extractor|Knowledge Guide|Reasoning Expert|Decision Maker,2
946,DS-MVTec/capsule/image/faulty_imprint/010.png,Defect Analysis,There is a defect in the object. What might be the effect of the defect?,1011,,,,,1,0,1,1,Reference Extractor|Reasoning Expert|Decision Maker,2
947,DS-MVTec/capsule/image/faulty_imprint/011.png,Anomaly Detection,Is there any defect in the object?,1001,,,,,1,0,0,1,Reference Extractor|Decision Maker,2
948,DS-MVTec/capsule/image/faulty_imprint/011.png,Defect Classification,There is a defect in the object. What is the type of the defect?,1101,,,,,1,1,0,1,Reference Extractor|Knowledge Guide|Decision Maker,2
949,DS-MVTec/capsule/image/faulty_imprint/011.png,Defect Localization,There is a defect in the object. Where is the defect?,0001,,,,,0,0,0,1,Decision Maker,1
950,DS-MVTec/capsule/image/faulty_imprint/011.png,Defect Description,There is a defect in the object. What is the appearance of the defect?,1111,,,,,1,1,1,1,Reference Extractor|Knowledge Guide|Reasoning Expert|Decision Maker,2
951,DS-MVTec/capsule/image/faulty_imprint/011.png,Defect Analysis,There is a defect in the object. What effect does the defect potentially have on the capsule?,1011,,,,,1,0,1,1,Reference Extractor|Reasoning Expert|Decision Maker,2
952,DS-MVTec/capsule/image/faulty_imprint/012.png,Anomaly Detection,Is there any defect in the object?,1001,,,,,1,0,0,1,Reference Extractor|Decision Maker,2
953,DS-MVTec/capsule/image/faulty_imprint/012.png,Defect Classification,There is a defect in the object. What is the type of the defect?,1101,,,,,1,1,0,1,Reference Extractor|Knowledge Guide|Decision Maker,2
954,DS-MVTec/capsule/image/faulty_imprint/012.png,Defect Localization,There is a defect in the object. Where is the defect?,0001,,,,,0,0,0,1,Decision Maker,1
955,DS-MVTec/capsule/image/faulty_imprint/012.png,Defect Description,There is a defect in the object. What is the appearance of the defect?,1111,,,,,1,1,1,1,Reference Extractor|Knowledge Guide|Reasoning Expert|Decision Maker,2
956,DS-MVTec/capsule/image/faulty_imprint/012.png,Defect Analysis,There is a defect in the object. Is there any additional anomaly besides the imprint defect?,1011,,,,,1,0,1,1,Reference Extractor|Reasoning Expert|Decision Maker,2
957,DS-MVTec/capsule/image/faulty_imprint/013.png,Anomaly Detection,Is there any defect in the object?,1001,,,,,1,0,0,1,Reference Extractor|Decision Maker,2
958,DS-MVTec/capsule/image/faulty_imprint/013.png,Defect Classification,There is a defect in the object. What is the type of the defect?,1101,,,,,1,1,0,1,Reference Extractor|Knowledge Guide|Decision Maker,2
959,DS-MVTec/capsule/image/faulty_imprint/013.png,Defect Localization,There is a defect in the object. Where is the defect?,0001,,,,,0,0,0,1,Decision Maker,1
960,DS-MVTec/capsule/image/faulty_imprint/013.png,Defect Description,There is a defect in the object. What is the appearance of the defect?,1111,,,,,1,1,1,1,Reference Extractor|Knowledge Guide|Reasoning Expert|Decision Maker,2
961,DS-MVTec/capsule/image/faulty_imprint/013.png,Defect Analysis,There is a defect in the object. What is the effect of the defect?,1011,,,,,1,0,1,1,Reference Extractor|Reasoning Expert|Decision Maker,2
962,DS-MVTec/capsule/image/faulty_imprint/014.png,Anomaly Detection,Is there any defect in the object?,1001,,,,,1,0,0,1,Reference Extractor|Decision Maker,2
963,DS-MVTec/capsule/image/faulty_imprint/014.png,Defect Classification,There is a defect in the object. What is the type of the defect?,1101,,,,,1,1,0,1,Reference Extractor|Knowledge Guide|Decision Maker,2
964,DS-MVTec/capsule/image/faulty_imprint/014.png,Defect Localization,There is a defect in the object. Where is the defect?,0001,,,,,0,0,0,1,Decision Maker,1
965,DS-MVTec/capsule/image/faulty_imprint/014.png,Defect Description,There is a defect in the object. What is the appearance of the defect?,1111,,,,,1,1,1,1,Reference Extractor|Knowledge Guide|Reasoning Expert|Decision Maker,2
966,DS-MVTec/capsule/image/faulty_imprint/014.png,Defect Analysis,There is a defect in the object. What does the defective imprint look like?,1011,,,,,1,0,1,1,Reference Extractor|Reasoning Expert|Decision Maker,2
967,DS-MVTec/capsule/image/faulty_imprint/015.png,Anomaly Detection,Is there any defect in the object?,1001,,,,,1,0,0,1,Reference Extractor|Decision Maker,2
968,DS-MVTec/capsule/image/faulty_imprint/015.png,Defect Classification,There is a defect in the object. What is the type of the defect?,1101,,,,,1,1,0,1,Reference Extractor|Knowledge Guide|Decision Maker,2
969,DS-MVTec/capsule/image/faulty_imprint/015.png,Defect Localization,There is a defect in the object. Where is the defect?,0001,,,,,0,0,0,1,Decision Maker,1
970,DS-MVTec/capsule/image/faulty_imprint/015.png,Defect Description,There is a defect in the object. What is the appearance of the defect?,1111,,,,,1,1,1,1,Reference Extractor|Knowledge Guide|Reasoning Expert|Decision Maker,2
971,DS-MVTec/capsule/image/faulty_imprint/015.png,Defect Analysis,There is a defect in the object. What does the defect affect?,1011,,,,,1,0,1,1,Reference Extractor|Reasoning Expert|Decision Maker,2
972,DS-MVTec/capsule/image/faulty_imprint/016.png,Anomaly Detection,Is there any defect in the object?,1001,,,,,1,0,0,1,Reference Extractor|Decision Maker,2
973,DS-MVTec/capsule/image/faulty_imprint/016.png,Defect Classification,There is a defect in the object. What is the type of the defect?,1101,,,,,1,1,0,1,Reference Extractor|Knowledge Guide|Decision Maker,2
974,DS-MVTec/capsule/image/faulty_imprint/016.png,Defect Localization,There is a defect in the object. Where is the defect?,0001,,,,,0,0,0,1,Decision Maker,1
975,DS-MVTec/capsule/image/faulty_imprint/016.png,Defect Description,There is a defect in the object. What is the appearance of the defect?,1111,,,,,1,1,1,1,Reference Extractor|Knowledge Guide|Reasoning Expert|Decision Maker,2
976,DS-MVTec/capsule/image/faulty_imprint/016.png,Defect Analysis,There is a defect in the object. How does the defect affect the capsule?,1011,,,,,1,0,1,1,Reference Extractor|Reasoning Expert|Decision Maker,2
977,DS-MVTec/capsule/image/faulty_imprint/017.png,Anomaly Detection,Is there any defect in the object?,1001,,,,,1,0,0,1,Reference Extractor|Decision Maker,2
978,DS-MVTec/capsule/image/faulty_imprint/017.png,Defect Classification,There is a defect in the object. What is the type of the defect?,1101,,,,,1,1,0,1,Reference Extractor|Knowledge Guide|Decision Maker,2
979,DS-MVTec/capsule/image/faulty_imprint/017.png,Defect Localization,There is a defect in the object. Where is the defect?,0001,,,,,0,0,0,1,Decision Maker,1
980,DS-MVTec/capsule/image/faulty_imprint/017.png,Defect Description,There is a defect in the object. What is the appearance of the defect?,1111,,,,,1,1,1,1,Reference Extractor|Knowledge Guide|Reasoning Expert|Decision Maker,2
981,DS-MVTec/capsule/image/faulty_imprint/017.png,Defect Analysis,There is a defect in the object. How does the defect manifest on the imprint?,1011,,,,,1,0,1,1,Reference Extractor|Reasoning Expert|Decision Maker,2
982,DS-MVTec/capsule/image/faulty_imprint/018.png,Anomaly Detection,Is there any defect in the object?,1001,,,,,1,0,0,1,Reference Extractor|Decision Maker,2
983,DS-MVTec/capsule/image/faulty_imprint/018.png,Defect Classification,There is a defect in the object. What is the type of the defect?,1101,,,,,1,1,0,1,Reference Extractor|Knowledge Guide|Decision Maker,2
984,DS-MVTec/capsule/image/faulty_imprint/018.png,Defect Localization,There is a defect in the object. Where is the defect?,0001,,,,,0,0,0,1,Decision Maker,1
985,DS-MVTec/capsule/image/faulty_imprint/018.png,Defect Description,There is a defect in the object. What is the appearance of the defect?,1111,,,,,1,1,1,1,Reference Extractor|Knowledge Guide|Reasoning Expert|Decision Maker,2
986,DS-MVTec/capsule/image/faulty_imprint/018.png,Defect Analysis,There is a defect in the object. What is the effect of the defect?,1011,,,,,1,0,1,1,Reference Extractor|Reasoning Expert|Decision Maker,2
987,DS-MVTec/capsule/image/faulty_imprint/019.png,Anomaly Detection,Is there any defect in the object?,1001,,,,,1,0,0,1,Reference Extractor|Decision Maker,2
988,DS-MVTec/capsule/image/faulty_imprint/019.png,Defect Classification,There is a defect in the object. What is the type of the defect?,1101,,,,,1,1,0,1,Reference Extractor|Knowledge Guide|Decision Maker,2
989,DS-MVTec/capsule/image/faulty_imprint/019.png,Defect Localization,There is a defect in the object. Where is the defect?,0001,,,,,0,0,0,1,Decision Maker,1
990,DS-MVTec/capsule/image/faulty_imprint/019.png,Defect Description,There is a defect in the object. What is the appearance of the defect?,1111,,,,,1,1,1,1,Reference Extractor|Knowledge Guide|Reasoning Expert|Decision Maker,2
991,DS-MVTec/capsule/image/faulty_imprint/019.png,Defect Analysis,There is a defect in the object. What effect does the defect have?,1011,,,,,1,0,1,1,Reference Extractor|Reasoning Expert|Decision Maker,2
992,DS-MVTec/capsule/image/faulty_imprint/020.png,Anomaly Detection,Is there any defect in the object?,1001,,,,,1,0,0,1,Reference Extractor|Decision Maker,2
993,DS-MVTec/capsule/image/faulty_imprint/020.png,Defect Classification,There is a defect in the object. What is the type of the defect?,1101,,,,,1,1,0,1,Reference Extractor|Knowledge Guide|Decision Maker,2
994,DS-MVTec/capsule/image/faulty_imprint/020.png,Defect Localization,There is a defect in the object. Where is the defect?,0001,,,,,0,0,0,1,Decision Maker,1
995,DS-MVTec/capsule/image/faulty_imprint/020.png,Defect Description,There is a defect in the object. What is the appearance of the defect?,1111,,,,,1,1,1,1,Reference Extractor|Knowledge Guide|Reasoning Expert|Decision Maker,2
996,DS-MVTec/capsule/image/faulty_imprint/020.png,Defect Analysis,There is a defect in the object. What is the likely effect of the defect?,1011,,,,,1,0,1,1,Reference Extractor|Reasoning Expert|Decision Maker,2
997,DS-MVTec/capsule/image/faulty_imprint/021.png,Anomaly Detection,Is there any defect in the object?,1001,,,,,1,0,0,1,Reference Extractor|Decision Maker,2
998,DS-MVTec/capsule/image/faulty_imprint/021.png,Defect Classification,There is a defect in the object. What is the type of the defect?,1101,,,,,1,1,0,1,Reference Extractor|Knowledge Guide|Decision Maker,2
999,DS-MVTec/capsule/image/faulty_imprint/021.png,Defect Localization,There is a defect in the object. Where is the defect?,0001,,,,,0,0,0,1,Decision Maker,1
1000,DS-MVTec/capsule/image/faulty_imprint/021.png,Defect Description,There is a defect in the object. What is the appearance of the defect?,1111,,,,,1,1,1,1,Reference Extractor|Knowledge Guide|Reasoning Expert|Decision Maker,2
1001,DS-MVTec/capsule/image/faulty_imprint/021.png,Defect Analysis,There is a defect in the object. What could be the effect of this defect?,1011,,,,,1,0,1,1,Reference Extractor|Reasoning Expert|Decision Maker,2
1002,DS-MVTec/capsule/image/good/007.png,Anomaly Detection,Is there any defect in the object?,1001,,,,,1,0,0,1,Reference Extractor|Decision Maker,2
1003,DS-MVTec/capsule/image/good/009.png,Anomaly Detection,Is there any defect in the object?,1001,,,,,1,0,0,1,Reference Extractor|Decision Maker,2
1004,DS-MVTec/capsule/image/good/010.png,Anomaly Detection,Is there any defect in the object?,1001,,,,,1,0,0,1,Reference Extractor|Decision Maker,2
1005,DS-MVTec/capsule/image/good/011.png,Anomaly Detection,Is there any defect in the object?,1001,,,,,1,0,0,1,Reference Extractor|Decision Maker,2
1006,DS-MVTec/capsule/image/poke/000.png,Anomaly Detection,Is there any defect in the object?,1001,,,,,1,0,0,1,Reference Extractor|Decision Maker,2
1007,DS-MVTec/capsule/image/poke/000.png,Defect Classification,There is a defect in the object. What is the type of the defect?,1101,,,,,1,1,0,1,Reference Extractor|Knowledge Guide|Decision Maker,2
1008,DS-MVTec/capsule/image/poke/000.png,Defect Localization,There is a defect in the object. Where is the defect?,0001,,,,,0,0,0,1,Decision Maker,1
1009,DS-MVTec/capsule/image/poke/000.png,Defect Description,There is a defect in the object. What is the appearance of the defect?,1111,,,,,1,1,1,1,Reference Extractor|Knowledge Guide|Reasoning Expert|Decision Maker,2
1010,DS-MVTec/capsule/image/poke/000.png,Defect Analysis,There is a defect in the object. What does the appearance of the defect indicate?,1011,,,,,1,0,1,1,Reference Extractor|Reasoning Expert|Decision Maker,2
1011,DS-MVTec/capsule/image/poke/001.png,Anomaly Detection,Is there any defect in the object?,1001,,,,,1,0,0,1,Reference Extractor|Decision Maker,2
1012,DS-MVTec/capsule/image/poke/001.png,Defect Classification,There is a defect in the object. What is the type of the defect?,1101,,,,,1,1,0,1,Reference Extractor|Knowledge Guide|Decision Maker,2
1013,DS-MVTec/capsule/image/poke/001.png,Defect Localization,There is a defect in the object. Where is the defect?,0001,,,,,0,0,0,1,Decision Maker,1
1014,DS-MVTec/capsule/image/poke/001.png,Defect Description,There is a defect in the object. What is the appearance of the defect?,1111,,,,,1,1,1,1,Reference Extractor|Knowledge Guide|Reasoning Expert|Decision Maker,2
1015,DS-MVTec/capsule/image/poke/001.png,Defect Analysis,There is a defect in the object. What can be inferred about the surface around the indentation?,1011,,,,,1,0,1,1,Reference Extractor|Reasoning Expert|Decision Maker,2
1016,DS-MVTec/capsule/image/poke/002.png,Anomaly Detection,Is there any defect in the object?,1001,,,,,1,0,0,1,Reference Extractor|Decision Maker,2
1017,DS-MVTec/capsule/image/poke/002.png,Defect Classification,There is a defect in the object. What is the type of the defect?,1101,,,,,1,1,0,1,Reference Extractor|Knowledge Guide|Decision Maker,2
1018,DS-MVTec/capsule/image/poke/002.png,Defect Localization,There is a defect in the object. Where is the defect?,0001,,,,,0,0,0,1,Decision Maker,1
1019,DS-MVTec/capsule/image/poke/002.png,Defect Description,There is a defect in the object. What is the appearance of the defect?,1111,,,,,1,1,1,1,Reference Extractor|Knowledge Guide|Reasoning Expert|Decision Maker,2
1020,DS-MVTec/capsule/image/poke/002.png,Defect Analysis,There is a defect in the object. What is the effect of the defect on the capsule?,1011,,,,,1,0,1,1,Reference Extractor|Reasoning Expert|Decision Maker,2
1021,DS-MVTec/capsule/image/poke/003.png,Anomaly Detection,Is there any defect in the object?,1001,,,,,1,0,0,1,Reference Extractor|Decision Maker,2
1022,DS-MVTec/capsule/image/poke/003.png,Defect Classification,There is a defect in the object. What is the type of the defect?,1101,,,,,1,1,0,1,Reference Extractor|Knowledge Guide|Decision Maker,2
1023,DS-MVTec/capsule/image/poke/003.png,Defect Localization,There is a defect in the object. Where is the defect?,0001,,,,,0,0,0,1,Decision Maker,1
1024,DS-MVTec/capsule/image/poke/003.png,Defect Description,There is a defect in the object. What is the appearance of the defect?,1111,,,,,1,1,1,1,Reference Extractor|Knowledge Guide|Reasoning Expert|Decision Maker,2
1025,DS-MVTec/capsule/image/poke/003.png,Defect Analysis,"There is a defect in the object. How is the defect positioned in relation to the printed ""500"" on the capsule?",1011,,,,,1,0,1,1,Reference Extractor|Reasoning Expert|Decision Maker,2
1026,DS-MVTec/capsule/image/poke/004.png,Anomaly Detection,Is there any defect in the object?,1001,,,,,1,0,0,1,Reference Extractor|Decision Maker,2
1027,DS-MVTec/capsule/image/poke/004.png,Defect Classification,There is a defect in the object. What is the type of the defect?,1101,,,,,1,1,0,1,Reference Extractor|Knowledge Guide|Decision Maker,2
1028,DS-MVTec/capsule/image/poke/004.png,Defect Localization,There is a defect in the object. Where is the defect?,0001,,,,,0,0,0,1,Decision Maker,1
1029,DS-MVTec/capsule/image/poke/004.png,Defect Description,There is a defect in the object. What is the appearance of the defect?,1111,,,,,1,1,1,1,Reference Extractor|Knowledge Guide|Reasoning Expert|Decision Maker,2
1030,DS-MVTec/capsule/image/poke/004.png,Defect Analysis,There is a defect in the object. What is the likely cause of the defect?,1011,,,,,1,0,1,1,Reference Extractor|Reasoning Expert|Decision Maker,2
1031,DS-MVTec/capsule/image/poke/005.png,Anomaly Detection,Is there any defect in the object?,1001,,,,,1,0,0,1,Reference Extractor|Decision Maker,2
1032,DS-MVTec/capsule/image/poke/005.png,Defect Classification,There is a defect in the object. What is the type of the defect?,1101,,,,,1,1,0,1,Reference Extractor|Knowledge Guide|Decision Maker,2
1033,DS-MVTec/capsule/image/poke/005.png,Defect Localization,There is a defect in the object. Where is the defect?,0001,,,,,0,0,0,1,Decision Maker,1
1034,DS-MVTec/capsule/image/poke/005.png,Defect Description,There is a defect in the object. What is the appearance of the defect?,1111,,,,,1,1,1,1,Reference Extractor|Knowledge Guide|Reasoning Expert|Decision Maker,2
1035,DS-MVTec/capsule/image/poke/005.png,Defect Analysis,There is a defect in the object. Is there an additional defect on the capsule's light lower half?,1011,,,,,1,0,1,1,Reference Extractor|Reasoning Expert|Decision Maker,2
1036,DS-MVTec/capsule/image/poke/006.png,Anomaly Detection,Is there any defect in the object?,1001,,,,,1,0,0,1,Reference Extractor|Decision Maker,2
1037,DS-MVTec/capsule/image/poke/006.png,Defect Classification,There is a defect in the object. What is the type of the defect?,1101,,,,,1,1,0,1,Reference Extractor|Knowledge Guide|Decision Maker,2
1038,DS-MVTec/capsule/image/poke/006.png,Defect Localization,There is a defect in the object. Where is the defect?,0001,,,,,0,0,0,1,Decision Maker,1
1039,DS-MVTec/capsule/image/poke/006.png,Defect Description,There is a defect in the object. What is the appearance of the defect?,1111,,,,,1,1,1,1,Reference Extractor|Knowledge Guide|Reasoning Expert|Decision Maker,2
1040,DS-MVTec/capsule/image/poke/006.png,Defect Analysis,There is a defect in the object. What is the potential effect of the defect?,1011,,,,,1,0,1,1,Reference Extractor|Reasoning Expert|Decision Maker,2
1041,DS-MVTec/capsule/image/poke/007.png,Anomaly Detection,Is there any defect in the object?,1001,,,,,1,0,0,1,Reference Extractor|Decision Maker,2
1042,DS-MVTec/capsule/image/poke/007.png,Defect Classification,There is a defect in the object. What is the type of the defect?,1101,,,,,1,1,0,1,Reference Extractor|Knowledge Guide|Decision Maker,2
1043,DS-MVTec/capsule/image/poke/007.png,Defect Localization,There is a defect in the object. Where is the defect?,0001,,,,,0,0,0,1,Decision Maker,1
1044,DS-MVTec/capsule/image/poke/007.png,Defect Description,There is a defect in the object. What is the appearance of the defect?,1111,,,,,1,1,1,1,Reference Extractor|Knowledge Guide|Reasoning Expert|Decision Maker,2
1045,DS-MVTec/capsule/image/poke/007.png,Defect Analysis,There is a defect in the object. What is the effect of the defect?,1011,,,,,1,0,1,1,Reference Extractor|Reasoning Expert|Decision Maker,2
1046,DS-MVTec/capsule/image/poke/008.png,Anomaly Detection,Is there any defect in the capsule?,1001,,,,,1,0,0,1,Reference Extractor|Decision Maker,2
1047,DS-MVTec/capsule/image/poke/008.png,Defect Classification,There is a defect in the object. What is the type of the defect?,1101,,,,,1,1,0,1,Reference Extractor|Knowledge Guide|Decision Maker,2
1048,DS-MVTec/capsule/image/poke/008.png,Defect Localization,There is a defect in the object. Where is the defect located on the capsule?,0001,,,,,0,0,0,1,Decision Maker,1
1049,DS-MVTec/capsule/image/poke/008.png,Defect Description,There is a defect in the object. What is the appearance of the defect?,1111,,,,,1,1,1,1,Reference Extractor|Knowledge Guide|Reasoning Expert|Decision Maker,2
1050,DS-MVTec/capsule/image/poke/008.png,Defect Analysis,There is a defect in the object. On which half of the capsule does the defect appear?,1011,,,,,1,0,1,1,Reference Extractor|Reasoning Expert|Decision Maker,2
1051,DS-MVTec/capsule/image/poke/009.png,Anomaly Detection,Is there any defect in the object?,1001,,,,,1,0,0,1,Reference Extractor|Decision Maker,2
1052,DS-MVTec/capsule/image/poke/009.png,Defect Classification,There is a defect in the object. What is the type of the defect?,1101,,,,,1,1,0,1,Reference Extractor|Knowledge Guide|Decision Maker,2
1053,DS-MVTec/capsule/image/poke/009.png,Defect Localization,There is a defect in the object. Where is the defect?,0001,,,,,0,0,0,1,Decision Maker,1
1054,DS-MVTec/capsule/image/poke/009.png,Defect Description,There is a defect in the object. What is the appearance of the defect?,1111,,,,,1,1,1,1,Reference Extractor|Knowledge Guide|Reasoning Expert|Decision Maker,2
1055,DS-MVTec/capsule/image/poke/009.png,Defect Analysis,"There is a defect in the object. Considering the defect's appearance, what impact could the puncture on the capsule have?",1011,,,,,1,0,1,1,Reference Extractor|Reasoning Expert|Decision Maker,2
1056,DS-MVTec/capsule/image/poke/010.png,Anomaly Detection,Is there any defect in the object?,1001,,,,,1,0,0,1,Reference Extractor|Decision Maker,2
1057,DS-MVTec/capsule/image/poke/010.png,Defect Classification,There is a defect in the object. What is the type of the defect?,1101,,,,,1,1,0,1,Reference Extractor|Knowledge Guide|Decision Maker,2
1058,DS-MVTec/capsule/image/poke/010.png,Defect Localization,There is a defect in the object. Where is the defect?,0001,,,,,0,0,0,1,Decision Maker,1
1059,DS-MVTec/capsule/image/poke/010.png,Defect Description,There is a defect in the object. What is the appearance of the defect?,1111,,,,,1,1,1,1,Reference Extractor|Knowledge Guide|Reasoning Expert|Decision Maker,2
1060,DS-MVTec/capsule/image/poke/010.png,Defect Analysis,There is a defect in the object. What is the effect of the defect?,1011,,,,,1,0,1,1,Reference Extractor|Reasoning Expert|Decision Maker,2
1061,DS-MVTec/capsule/image/poke/011.png,Anomaly Detection,Is there any defect in the object?,1001,,,,,1,0,0,1,Reference Extractor|Decision Maker,2
1062,DS-MVTec/capsule/image/poke/011.png,Defect Classification,There is a defect in the object. What is the type of the defect?,1101,,,,,1,1,0,1,Reference Extractor|Knowledge Guide|Decision Maker,2
1063,DS-MVTec/capsule/image/poke/011.png,Defect Localization,There is a defect in the object. Where is the defect?,0001,,,,,0,0,0,1,Decision Maker,1
1064,DS-MVTec/capsule/image/poke/011.png,Defect Description,There is a defect in the object. What is the appearance of the defect?,1111,,,,,1,1,1,1,Reference Extractor|Knowledge Guide|Reasoning Expert|Decision Maker,2
1065,DS-MVTec/capsule/image/poke/011.png,Defect Analysis,There is a defect in the object. What can be said about the area surrounding the defect?,1011,,,,,1,0,1,1,Reference Extractor|Reasoning Expert|Decision Maker,2
1066,DS-MVTec/capsule/image/poke/012.png,Anomaly Detection,Is there any defect in the object?,1001,,,,,1,0,0,1,Reference Extractor|Decision Maker,2
1067,DS-MVTec/capsule/image/poke/012.png,Defect Classification,There is a defect in the object. What is the type of the defect?,1101,,,,,1,1,0,1,Reference Extractor|Knowledge Guide|Decision Maker,2
1068,DS-MVTec/capsule/image/poke/012.png,Defect Localization,There is a defect in the object. Where is the defect?,0001,,,,,0,0,0,1,Decision Maker,1
1069,DS-MVTec/capsule/image/poke/012.png,Defect Description,There is a defect in the object. What is the appearance of the defect?,1111,,,,,1,1,1,1,Reference Extractor|Knowledge Guide|Reasoning Expert|Decision Maker,2
1070,DS-MVTec/capsule/image/poke/012.png,Defect Analysis,There is a defect in the object. What is the effect of the defect on the capsule's appearance?,1011,,,,,1,0,1,1,Reference Extractor|Reasoning Expert|Decision Maker,2
1071,DS-MVTec/capsule/image/poke/013.png,Anomaly Detection,Is there any defect in the object?,1001,,,,,1,0,0,1,Reference Extractor|Decision Maker,2
1072,DS-MVTec/capsule/image/poke/013.png,Defect Classification,There is a defect in the object. What is the type of the defect?,1101,,,,,1,1,0,1,Reference Extractor|Knowledge Guide|Decision Maker,2
1073,DS-MVTec/capsule/image/poke/013.png,Defect Localization,There is a defect in the object. Where is the defect?,0001,,,,,0,0,0,1,Decision Maker,1
1074,DS-MVTec/capsule/image/poke/013.png,Defect Description,There is a defect in the object. What is the appearance of the defect?,1111,,,,,1,1,1,1,Reference Extractor|Knowledge Guide|Reasoning Expert|Decision Maker,2
1075,DS-MVTec/capsule/image/poke/013.png,Defect Analysis,There is a defect in the object. What is the potential effect of the defect?,1011,,,,,1,0,1,1,Reference Extractor|Reasoning Expert|Decision Maker,2
1076,DS-MVTec/capsule/image/poke/014.png,Anomaly Detection,Is there any defect in the object?,1001,,,,,1,0,0,1,Reference Extractor|Decision Maker,2
1077,DS-MVTec/capsule/image/poke/014.png,Defect Classification,There is a defect in the object. What is the type of the defect?,1101,,,,,1,1,0,1,Reference Extractor|Knowledge Guide|Decision Maker,2
1078,DS-MVTec/capsule/image/poke/014.png,Defect Localization,There is a defect in the object. Where is the defect?,0001,,,,,0,0,0,1,Decision Maker,1
1079,DS-MVTec/capsule/image/poke/014.png,Defect Description,There is a defect in the object. What is the appearance of the defect?,1111,,,,,1,1,1,1,Reference Extractor|Knowledge Guide|Reasoning Expert|Decision Maker,2
1080,DS-MVTec/capsule/image/poke/014.png,Defect Analysis,There is a defect in the object. How does the defect affect the capsule's appearance?,1011,,,,,1,0,1,1,Reference Extractor|Reasoning Expert|Decision Maker,2
1081,DS-MVTec/capsule/image/poke/015.png,Anomaly Detection,Is there any defect in the object?,1001,,,,,1,0,0,1,Reference Extractor|Decision Maker,2
1082,DS-MVTec/capsule/image/poke/015.png,Defect Classification,There is a defect in the object. What is the type of the defect?,1101,,,,,1,1,0,1,Reference Extractor|Knowledge Guide|Decision Maker,2
1083,DS-MVTec/capsule/image/poke/015.png,Defect Description,There is a defect in the object. What is the appearance of the defect?,1111,,,,,1,1,1,1,Reference Extractor|Knowledge Guide|Reasoning Expert|Decision Maker,2
1084,DS-MVTec/capsule/image/poke/015.png,Defect Analysis,There is a defect in the object. What is the potential effect of the defect on the capsule?,1011,,,,,1,0,1,1,Reference Extractor|Reasoning Expert|Decision Maker,2
1085,DS-MVTec/capsule/image/poke/016.png,Anomaly Detection,Is there any defect in the object?,1001,,,,,1,0,0,1,Reference Extractor|Decision Maker,2
1086,DS-MVTec/capsule/image/poke/016.png,Defect Classification,There is a defect in the object. What is the type of the defect?,1101,,,,,1,1,0,1,Reference Extractor|Knowledge Guide|Decision Maker,2
1087,DS-MVTec/capsule/image/poke/016.png,Defect Localization,There is a defect in the object. Where is the defect?,0001,,,,,0,0,0,1,Decision Maker,1
1088,DS-MVTec/capsule/image/poke/016.png,Defect Description,There is a defect in the object. What is the appearance of the defect?,1111,,,,,1,1,1,1,Reference Extractor|Knowledge Guide|Reasoning Expert|Decision Maker,2
1089,DS-MVTec/capsule/image/poke/016.png,Defect Analysis,There is a defect in the object. What effect does the defect have on the capsule?,1011,,,,,1,0,1,1,Reference Extractor|Reasoning Expert|Decision Maker,2
1090,DS-MVTec/capsule/image/poke/017.png,Anomaly Detection,Is there any defect in the object?,1001,,,,,1,0,0,1,Reference Extractor|Decision Maker,2
1091,DS-MVTec/capsule/image/poke/017.png,Defect Classification,There is a defect in the object. What is the type of the defect?,1101,,,,,1,1,0,1,Reference Extractor|Knowledge Guide|Decision Maker,2
1092,DS-MVTec/capsule/image/poke/017.png,Defect Localization,There is a defect in the object. Where is the defect?,0001,,,,,0,0,0,1,Decision Maker,1
1093,DS-MVTec/capsule/image/poke/017.png,Defect Description,There is a defect in the object. What is the appearance of the defect?,1111,,,,,1,1,1,1,Reference Extractor|Knowledge Guide|Reasoning Expert|Decision Maker,2
1094,DS-MVTec/capsule/image/poke/017.png,Defect Analysis,There is a defect in the object. What is the effect of the defect?,1011,,,,,1,0,1,1,Reference Extractor|Reasoning Expert|Decision Maker,2
