idx,image_key,question,question_type,split,reference_image,logit_Ref,logit_Know,logit_Reason,logit_Decide,p_Ref,p_Know,p_Reason,p_Decide,margin_Ref,margin_Know,margin_Reason,margin_Decide,y_Ref,y_Know,y_Reason,y_Decide,vector,active_experts,prior_vector,match_prior
0,DS-MVTec/bottle/image/broken_large/000.png,Is there any defect in the object?,Anomaly Detection,train,125.png,15.829642,-7.563514,-15.481358,3.224604,1.000000,0.000519,0.000000,0.961750,+0.825000,-0.174481,-0.175000,+0.786750,1,0,0,1,1001,Reference Extractor|Decision Maker,1001,1
1,DS-MVTec/bottle/image/broken_large/000.png,There is a defect in the object. What is the type of the defect?,Defect Classification,train,125.png,13.010135,5.742065,-5.891006,3.864633,0.999998,0.996802,0.002757,0.979460,+0.824998,+0.821802,-0.172243,+0.804460,1,1,0,1,1101,Reference Extractor|Knowledge Guide|Decision Maker,1101,1
2,DS-MVTec/bottle/image/broken_large/000.png,There is a defect in the object. Where is the defect?,Defect Localization,train,125.png,13.748469,-5.800327,-13.012697,2.885969,0.999999,0.003017,0.000002,0.947149,+0.824999,-0.171983,-0.174998,+0.772148,1,0,0,1,1001,Reference Extractor|Decision Maker,1001,1
3,DS-MVTec/bottle/image/broken_large/000.png,There is a defect in the object. What is the appearance of the defect?,Defect Description,train,125.png,5.104302,17.094374,5.651612,3.725711,0.993966,1.000000,0.996500,0.976471,+0.818966,+0.825000,+0.821500,+0.801471,1,1,1,1,1111,Reference Extractor|Knowledge Guide|Reasoning Expert|Decision Maker,1111,1
4,DS-MVTec/bottle/image/broken_large/000.png,There is a defect in the object. What is the effect of the defect?,Defect Analysis,train,125.png,-4.061515,18.592255,10.982799,2.838311,0.016931,1.000000,0.999983,0.944711,-0.158069,+0.825000,+0.824983,+0.769711,0,1,1,1,0111,Knowledge Guide|Reasoning Expert|Decision Maker,0111,1
5,DS-MVTec/bottle/image/broken_large/001.png,Is there any defect in the object?,Anomaly Detection,train,125.png,14.947102,-7.502209,-14.997724,3.116478,1.000000,0.000552,0.000000,0.957567,+0.825000,-0.174448,-0.175000,+0.782567,1,0,0,1,1001,Reference Extractor|Decision Maker,1001,1
6,DS-MVTec/bottle/image/broken_large/001.png,There is a defect in the object. What is the type of the defect?,Defect Classification,train,125.png,12.171530,5.324096,-5.679530,3.716821,0.999995,0.995151,0.003404,0.976266,+0.824995,+0.820151,-0.171596,+0.801266,1,1,0,1,1101,Reference Extractor|Knowledge Guide|Decision Maker,1101,1
7,DS-MVTec/bottle/image/broken_large/001.png,There is a defect in the object. What is the appearance of the defect?,Defect Description,train,125.png,4.287865,16.644236,5.827681,3.579626,0.986452,1.000000,0.997064,0.972870,+0.811452,+0.825000,+0.822064,+0.797870,1,1,1,1,1111,Reference Extractor|Knowledge Guide|Reasoning Expert|Decision Maker,1111,1
8,DS-MVTec/bottle/image/broken_large/002.png,Is there any defect in the object?,Anomaly Detection,train,125.png,16.378927,-7.696781,-15.882385,3.309337,1.000000,0.000454,0.000000,0.964748,+0.825000,-0.174546,-0.175000,+0.789748,1,0,0,1,1001,Reference Extractor|Decision Maker,1001,1
9,DS-MVTec/bottle/image/broken_large/002.png,There is a defect in the object. What is the type of the defect?,Defect Classification,eval,125.png,13.583185,5.654210,-6.284327,3.954492,0.999999,0.996509,0.001862,0.981192,+0.824999,+0.821509,-0.173138,+0.806192,1,1,0,1,1101,Reference Extractor|Knowledge Guide|Decision Maker,1101,1
10,DS-MVTec/bottle/image/broken_large/002.png,There is a defect in the object. Where is the defect?,Defect Localization,train,125.png,14.300355,-5.858487,-13.375448,2.977895,0.999999,0.002847,0.000002,0.951565,+0.824999,-0.172153,-0.174998,+0.776565,1,0,0,1,1001,Reference Extractor|Decision Maker,1001,1
11,DS-MVTec/bottle/image/broken_large/002.png,There is a defect in the object. What is the appearance of the defect?,Defect Description,eval,125.png,5.671834,17.015297,5.268007,3.815113,0.996570,1.000000,0.994873,0.978440,+0.821570,+0.825000,+0.819872,+0.803440,1,1,1,1,1111,Reference Extractor|Knowledge Guide|Reasoning Expert|Decision Maker,1111,1
12,DS-MVTec/bottle/image/broken_large/003.png,Is there any defect in the object?,Anomaly Detection,train,015.png,14.556845,-7.400958,-14.713790,3.058071,1.000000,0.000610,0.000000,0.955130,+0.825000,-0.174390,-0.175000,+0.780130,1,0,0,1,1001,Reference Extractor|Decision Maker,1001,1
13,DS-MVTec/bottle/image/broken_large/003.png,There is a defect in the object. What is the type of the defect?,Defect Classification,eval,015.png,11.581190,5.707617,-5.144522,3.683518,0.999991,0.996690,0.005797,0.975482,+0.824991,+0.821690,-0.169203,+0.800482,1,1,0,1,1101,Reference Extractor|Knowledge Guide|Decision Maker,1101,1
14,DS-MVTec/bottle/image/broken_large/003.png,There is a defect in the object. What is the appearance of the defect?,Defect Description,train,015.png,3.713603,17.003328,6.331181,3.548839,0.976191,1.000000,0.998223,0.972046,+0.801191,+0.825000,+0.823223,+0.797046,1,1,1,1,1111,Reference Extractor|Knowledge Guide|Reasoning Expert|Decision Maker,1111,1
15,DS-MVTec/bottle/image/broken_large/003.png,There is a defect in the object. How does the defect affect the object?,Defect Analysis,train,015.png,-4.007334,13.736393,8.388910,2.284820,0.017857,0.999999,0.999773,0.907612,-0.157143,+0.824999,+0.824773,+0.732612,0,1,1,1,0111,Knowledge Guide|Reasoning Expert|Decision Maker,0111,1
16,DS-MVTec/bottle/image/broken_large/004.png,Is there any defect in the object?,Anomaly Detection,train,073.png,15.920345,-7.574573,-15.536489,3.236469,1.000000,0.000513,0.000000,0.962184,+0.825000,-0.174487,-0.175000,+0.787184,1,0,0,1,1001,Reference Extractor|Decision Maker,1001,1
17,DS-MVTec/bottle/image/broken_large/004.png,There is a defect in the object. Where is the defect?,Defect Localization,train,073.png,13.866796,-5.857049,-13.106795,2.894873,0.999999,0.002852,0.000002,0.947592,+0.824999,-0.172148,-0.174998,+0.772592,1,0,0,1,1001,Reference Extractor|Decision Maker,1001,1
18,DS-MVTec/bottle/image/broken_large/004.png,There is a defect in the object. What is the appearance of the defect?,Defect Description,eval,073.png,5.242047,17.018209,5.534437,3.733915,0.994738,1.000000,0.996067,0.976659,+0.819738,+0.825000,+0.821067,+0.801659,1,1,1,1,1111,Reference Extractor|Knowledge Guide|Reasoning Expert|Decision Maker,1111,1
19,DS-MVTec/bottle/image/broken_large/004.png,There is a defect in the object. What is the effect of the defect on the bottle's mouth?,Defect Analysis,eval,073.png,-6.670453,21.052612,13.462089,3.134711,0.001266,1.000000,0.999999,0.958302,-0.173734,+0.825000,+0.824999,+0.783302,0,1,1,1,0111,Knowledge Guide|Reasoning Expert|Decision Maker,0111,1
20,DS-MVTec/bottle/image/broken_large/005.png,Is there any defect in the object?,Anomaly Detection,train,125.png,15.041416,-7.451388,-15.002260,3.120792,1.000000,0.000580,0.000000,0.957742,+0.825000,-0.174420,-0.175000,+0.782742,1,0,0,1,1001,Reference Extractor|Decision Maker,1001,1
21,DS-MVTec/bottle/image/broken_large/005.png,There is a defect in the object. What is the type of the defect?,Defect Classification,train,125.png,12.177290,5.758726,-5.446172,3.761482,0.999995,0.996855,0.004294,0.977279,+0.824995,+0.821855,-0.170706,+0.802279,1,1,0,1,1101,Reference Extractor|Knowledge Guide|Decision Maker,1101,1
22,DS-MVTec/bottle/image/broken_large/005.png,There is a defect in the object. Where is the defect?,Defect Localization,train,125.png,12.924700,-5.770751,-12.571691,2.782150,0.999998,0.003108,0.000003,0.941704,+0.824998,-0.171892,-0.174997,+0.766704,1,0,0,1,1001,Reference Extractor|Decision Maker,1001,1
23,DS-MVTec/bottle/image/broken_large/005.png,There is a defect in the object. What is the appearance of the defect?,Defect Description,eval,125.png,4.281769,17.096397,6.078023,3.623957,0.986370,1.000000,0.997712,0.974016,+0.811370,+0.825000,+0.822712,+0.799016,1,1,1,1,1111,Reference Extractor|Knowledge Guide|Reasoning Expert|Decision Maker,1111,1
24,DS-MVTec/bottle/image/broken_large/005.png,There is a defect in the object. What is the effect of the defect?,Defect Analysis,train,125.png,-4.724212,18.478413,11.233976,2.757687,0.008800,1.000000,0.999987,0.940346,-0.166200,+0.825000,+0.824987,+0.765346,0,1,1,1,0111,Knowledge Guide|Reasoning Expert|Decision Maker,0111,1
25,DS-MVTec/bottle/image/broken_large/006.png,Is there any defect in the object?,Anomaly Detection,train,125.png,16.232086,-7.560584,-15.669772,3.269108,1.000000,0.000520,0.000000,0.963354,+0.825000,-0.174480,-0.175000,+0.788354,1,0,0,1,1001,Reference Extractor|Decision Maker,1001,1
26,DS-MVTec/bottle/image/broken_large/006.png,There is a defect in the object. What is the type of the defect?,Defect Classification,train,125.png,13.472002,5.792513,-6.096517,3.920124,0.999999,0.996959,0.002246,0.980547,+0.824999,+0.821959,-0.172754,+0.805547,1,1,0,1,1101,Reference Extractor|Knowledge Guide|Decision Maker,1101,1
27,DS-MVTec/bottle/image/broken_large/006.png,There is a defect in the object. What is the appearance of the defect?,Defect Description,train,125.png,5.570382,17.137146,5.438136,3.781493,0.996205,1.000000,0.995671,0.977719,+0.821205,+0.825000,+0.820671,+0.802719,1,1,1,1,1111,Reference Extractor|Knowledge Guide|Reasoning Expert|Decision Maker,1111,1
28,DS-MVTec/bottle/image/broken_large/006.png,There is a defect in the object. What is the effect of the defect?,Defect Analysis,eval,125.png,-3.606347,18.643005,10.789138,2.890406,0.026433,1.000000,0.999979,0.947370,-0.148567,+0.825000,+0.824979,+0.772370,0,1,1,1,0111,Knowledge Guide|Reasoning Expert|Decision Maker,0111,1
29,DS-MVTec/bottle/image/broken_large/007.png,Is there any defect in the object?,Anomaly Detection,eval,091.png,14.688522,-7.539534,-14.928319,3.096722,1.000000,0.000531,0.000000,0.956757,+0.825000,-0.174469,-0.175000,+0.781757,1,0,0,1,1001,Reference Extractor|Decision Maker,1001,1
30,DS-MVTec/bottle/image/broken_large/007.png,There is a defect in the object. What is the type of the defect?,Defect Classification,train,091.png,11.831291,5.091166,-5.679570,3.671090,0.999993,0.993887,0.003403,0.975183,+0.824993,+0.818887,-0.171597,+0.800183,1,1,0,1,1101,Reference Extractor|Knowledge Guide|Decision Maker,1101,1
31,DS-MVTec/bottle/image/broken_large/007.png,There is a defect in the object. Where is the defect?,Defect Localization,train,091.png,12.565475,-6.229955,-12.678626,2.713814,0.999997,0.001966,0.000003,0.937837,+0.824997,-0.173034,-0.174997,+0.762837,1,0,0,1,1001,Reference Extractor|Decision Maker,1001,1
32,DS-MVTec/bottle/image/broken_large/007.png,There is a defect in the object. What is the appearance of the defect?,Defect Description,train,091.png,3.930246,16.442451,5.859725,3.532744,0.980739,1.000000,0.997156,0.971605,+0.805739,+0.825000,+0.822156,+0.796605,1,1,1,1,1111,Reference Extractor|Knowledge Guide|Reasoning Expert|Decision Maker,1111,1
33,DS-MVTec/bottle/image/broken_large/007.png,There is a defect in the object. How does the defect manifest on the bottle?,Defect Analysis,train,091.png,-5.340698,14.653262,9.611844,2.311005,0.004770,1.000000,0.999933,0.909784,-0.170230,+0.825000,+0.824933,+0.734784,0,1,1,1,0111,Knowledge Guide|Reasoning Expert|Decision Maker,0111,1
34,DS-MVTec/bottle/image/broken_large/008.png,Is there any defect in the object?,Anomaly Detection,train,125.png,15.494291,-7.560869,-15.315835,3.187095,1.000000,0.000520,0.000000,0.960346,+0.825000,-0.174480,-0.175000,+0.785346,1,0,0,1,1001,Reference Extractor|Decision Maker,1001,1
35,DS-MVTec/bottle/image/broken_large/008.png,There is a defect in the object. What is the type of the defect?,Defect Classification,eval,125.png,12.591972,5.825556,-5.619523,3.830797,0.999997,0.997058,0.003613,0.978768,+0.824997,+0.822058,-0.171387,+0.803768,1,1,0,1,1101,Reference Extractor|Knowledge Guide|Decision Maker,1101,1
36,DS-MVTec/bottle/image/broken_large/008.png,There is a defect in the object. Where is the defect?,Defect Localization,train,125.png,13.345326,-5.725277,-12.761342,2.850326,0.999998,0.003252,0.000003,0.945336,+0.824998,-0.171748,-0.174997,+0.770336,1,0,0,1,1001,Reference Extractor|Decision Maker,1001,1
37,DS-MVTec/bottle/image/broken_large/008.png,There is a defect in the object. What is the appearance of the defect?,Defect Description,eval,125.png,4.682789,17.181177,5.926847,3.691750,0.990832,1.000000,0.997340,0.975678,+0.815832,+0.825000,+0.822340,+0.800678,1,1,1,1,1111,Reference Extractor|Knowledge Guide|Reasoning Expert|Decision Maker,1111,1
38,DS-MVTec/bottle/image/broken_large/008.png,There is a defect in the object. What distinguishes the damaged area from the rest of the bottle's edge?,Defect Analysis,train,125.png,-6.483382,19.879372,12.796360,2.983958,0.001526,1.000000,0.999997,0.951844,-0.173474,+0.825000,+0.824997,+0.776844,0,1,1,1,0111,Knowledge Guide|Reasoning Expert|Decision Maker,0111,1
39,DS-MVTec/bottle/image/broken_large/009.png,Is there any defect in the object?,Anomaly Detection,train,073.png,14.727481,-7.434130,-14.837782,3.083615,1.000000,0.000590,0.000000,0.956212,+0.825000,-0.174410,-0.175000,+0.781212,1,0,0,1,1001,Reference Extractor|Decision Maker,1001,1
40,DS-MVTec/bottle/image/broken_large/009.png,There is a defect in the object. What is the type of the defect?,Defect Classification,train,073.png,11.770363,5.749594,-5.242358,3.714831,0.999992,0.996826,0.005260,0.976220,+0.824992,+0.821826,-0.169740,+0.801220,1,1,0,1,1101,Reference Extractor|Knowledge Guide|Decision Maker,1101,1
41,DS-MVTec/bottle/image/broken_large/009.png,There is a defect in the object. What is the appearance of the defect?,Defect Description,train,073.png,3.886559,17.074474,6.265033,3.578732,0.979897,1.000000,0.998102,0.972847,+0.804897,+0.825000,+0.823102,+0.797847,1,1,1,1,1111,Reference Extractor|Knowledge Guide|Reasoning Expert|Decision Maker,1111,1
42,DS-MVTec/bottle/image/broken_large/009.png,There is a defect in the object. How does the defect compare to the normal sample?,Defect Analysis,train,073.png,-5.954432,20.918121,13.057739,3.062707,0.002588,1.000000,0.999998,0.955328,-0.172412,+0.825000,+0.824998,+0.780328,0,1,1,1,0111,Knowledge Guide|Reasoning Expert|Decision Maker,0111,1
43,DS-MVTec/bottle/image/broken_large/010.png,Is there any defect in the object?,Anomaly Detection,train,073.png,15.496634,-7.538196,-15.313709,3.186995,1.000000,0.000532,0.000000,0.960342,+0.825000,-0.174468,-0.175000,+0.785342,1,0,0,1,1001,Reference Extractor|Decision Maker,1001,1
44,DS-MVTec/bottle/image/broken_large/010.png,There is a defect in the object. What is the type of the defect?,Defect Classification,train,073.png,12.502770,6.059037,-5.474049,3.850477,0.999996,0.997669,0.004177,0.979173,+0.824996,+0.822669,-0.170823,+0.804173,1,1,0,1,1101,Reference Extractor|Knowledge Guide|Decision Maker,1101,1
45,DS-MVTec/bottle/image/broken_large/010.png,There is a defect in the object. Where is the defect?,Defect Localization,train,073.png,13.272038,-5.519569,-12.639510,2.868188,0.999998,0.003992,0.000003,0.946251,+0.824998,-0.171008,-0.174997,+0.771251,1,0,0,1,1001,Reference Extractor|Decision Maker,1001,1
46,DS-MVTec/bottle/image/broken_large/010.png,There is a defect in the object. What is the appearance of the defect?,Defect Description,train,073.png,4.606557,17.403425,6.056136,3.712889,0.990113,1.000000,0.997662,0.976175,+0.815113,+0.825000,+0.822662,+0.801175,1,1,1,1,1111,Reference Extractor|Knowledge Guide|Reasoning Expert|Decision Maker,1111,1
47,DS-MVTec/bottle/image/broken_large/010.png,There is a defect in the object. What can be inferred about the defect's effect on the bottle?,Defect Analysis,train,073.png,-7.180675,22.200901,14.256587,3.310793,0.000761,1.000000,0.999999,0.964797,-0.174239,+0.825000,+0.824999,+0.789797,0,1,1,1,0111,Knowledge Guide|Reasoning Expert|Decision Maker,0111,1
48,DS-MVTec/bottle/image/broken_large/011.png,Is there any defect in the object?,Anomaly Detection,train,191.png,14.571582,-7.486063,-14.816016,3.074521,1.000000,0.000561,0.000000,0.955830,+0.825000,-0.174439,-0.175000,+0.780829,1,0,0,1,1001,Reference Extractor|Decision Maker,1001,1
49,DS-MVTec/bottle/image/broken_large/011.png,There is a defect in the object. What is the type of the defect?,Defect Classification,train,191.png,11.727680,5.143972,-5.579876,3.653684,0.999992,0.994199,0.003759,0.974758,+0.824992,+0.819199,-0.171241,+0.799758,1,1,0,1,1101,Reference Extractor|Knowledge Guide|Decision Maker,1101,1
50,DS-MVTec/bottle/image/broken_large/011.png,There is a defect in the object. Where is the defect?,Defect Localization,train,191.png,12.451572,-6.160790,-12.563350,2.695897,0.999996,0.002106,0.000003,0.936784,+0.824996,-0.172894,-0.174996,+0.761784,1,0,0,1,1001,Reference Extractor|Decision Maker,1001,1
51,DS-MVTec/bottle/image/broken_large/011.png,There is a defect in the object. What is the appearance of the defect?,Defect Description,eval,191.png,3.826637,16.490990,5.956647,3.515135,0.978682,1.000000,0.997418,0.971115,+0.803682,+0.825000,+0.822418,+0.796115,1,1,1,1,1111,Reference Extractor|Knowledge Guide|Reasoning Expert|Decision Maker,1111,1
52,DS-MVTec/bottle/image/broken_large/011.png,There is a defect in the object. What is the likely cause of the defect?,Defect Analysis,eval,191.png,-1.862275,13.389345,6.995916,2.539668,0.134438,0.999998,0.999085,0.926876,-0.040562,+0.824998,+0.824085,+0.751876,0,1,1,1,0111,Knowledge Guide|Reasoning Expert|Decision Maker,0111,1
53,DS-MVTec/bottle/image/broken_large/012.png,Is there any defect in the object?,Anomaly Detection,eval,125.png,15.201391,-7.431169,-15.056481,3.135219,1.000000,0.000592,0.000000,0.958322,+0.825000,-0.174408,-0.175000,+0.783322,1,0,0,1,1001,Reference Extractor|Decision Maker,1001,1
54,DS-MVTec/bottle/image/broken_large/012.png,There is a defect in the object. What is the type of the defect?,Defect Classification,eval,125.png,12.292278,5.965879,-5.376175,3.792220,0.999995,0.997442,0.004604,0.977952,+0.824995,+0.822442,-0.170396,+0.802952,1,1,0,1,1101,Reference Extractor|Knowledge Guide|Decision Maker,1101,1
55,DS-MVTec/bottle/image/broken_large/012.png,There is a defect in the object. Where is the defect?,Defect Localization,train,125.png,13.042912,-5.576324,-12.511844,2.811544,0.999998,0.003772,0.000004,0.943296,+0.824998,-0.171228,-0.174996,+0.768296,1,0,0,1,1001,Reference Extractor|Decision Maker,1001,1
56,DS-MVTec/bottle/image/broken_large/012.png,There is a defect in the object. What is the appearance of the defect?,Defect Description,train,125.png,4.422100,17.268909,6.106756,3.657365,0.988133,1.000000,0.997777,0.974849,+0.813133,+0.825000,+0.822777,+0.799849,1,1,1,1,1111,Reference Extractor|Knowledge Guide|Reasoning Expert|Decision Maker,1111,1
57,DS-MVTec/bottle/image/broken_large/012.png,There is a defect in the object. How does the defect affect the object?,Defect Analysis,train,125.png,-3.307728,13.998409,8.166946,2.392048,0.035307,0.999999,0.999716,0.916219,-0.139693,+0.824999,+0.824716,+0.741219,0,1,1,1,0111,Knowledge Guide|Reasoning Expert|Decision Maker,0111,1
58,DS-MVTec/bottle/image/broken_large/013.png,Is there any defect in the object?,Anomaly Detection,train,125.png,16.193121,-7.636930,-15.731080,3.277463,1.000000,0.000482,0.000000,0.963647,+0.825000,-0.174518,-0.175000,+0.788647,1,0,0,1,1001,Reference Extractor|Decision Maker,1001,1
59,DS-MVTec/bottle/image/broken_large/013.png,There is a defect in the object. What is the type of the defect?,Defect Classification,eval,125.png,13.439111,5.575660,-6.229576,3.909005,0.999999,0.996225,0.001966,0.980334,+0.824999,+0.821225,-0.173034,+0.805334,1,1,0,1,1101,Reference Extractor|Knowledge Guide|Decision Maker,1101,1
60,DS-MVTec/bottle/image/broken_large/013.png,There is a defect in the object. What is the appearance of the defect?,Defect Description,eval,125.png,5.533573,16.928009,5.312812,3.770137,0.996064,1.000000,0.995096,0.977470,+0.821064,+0.825000,+0.820096,+0.802470,1,1,1,1,1111,Reference Extractor|Knowledge Guide|Reasoning Expert|Decision Maker,1111,1
61,DS-MVTec/bottle/image/broken_large/013.png,There is a defect in the object. What impact does the defect have on the object?,Defect Analysis,train,125.png,-5.363708,17.946531,11.269670,2.675083,0.004662,1.000000,0.999987,0.935540,-0.170338,+0.825000,+0.824987,+0.760540,0,1,1,1,0111,Knowledge Guide|Reasoning Expert|Decision Maker,0111,1
62,DS-MVTec/bottle/image/broken_large/014.png,Is there any defect in the object?,Anomaly Detection,eval,125.png,15.452623,-7.521901,-15.261636,3.176600,1.000000,0.000541,0.000000,0.959944,+0.825000,-0.174459,-0.175000,+0.784944,1,0,0,1,1001,Reference Extractor|Decision Maker,1001,1
63,DS-MVTec/bottle/image/broken_large/014.png,There is a defect in the object. What is the type of the defect?,Defect Classification,train,125.png,12.716925,5.508727,-5.869933,3.803678,0.999997,0.995965,0.002815,0.978197,+0.824997,+0.820965,-0.172185,+0.803197,1,1,0,1,1101,Reference Extractor|Knowledge Guide|Decision Maker,1101,1
64,DS-MVTec/bottle/image/broken_large/014.png,There is a defect in the object. Where is the defect?,Defect Localization,eval,125.png,13.422396,-5.946069,-12.925694,2.829829,0.999999,0.002609,0.000002,0.944267,+0.824999,-0.172391,-0.174998,+0.769267,1,0,0,1,1001,Reference Extractor|Decision Maker,1001,1
65,DS-MVTec/bottle/image/broken_large/014.png,There is a defect in the object. What is the appearance of the defect?,Defect Description,train,125.png,4.828561,16.833336,5.643229,3.666011,0.992065,1.000000,0.996471,0.975060,+0.817065,+0.825000,+0.821471,+0.800060,1,1,1,1,1111,Reference Extractor|Knowledge Guide|Reasoning Expert|Decision Maker,1111,1
66,DS-MVTec/bottle/image/broken_large/015.png,Is there any defect in the object?,Anomaly Detection,eval,125.png,15.123566,-7.416483,-14.992871,3.121897,1.000000,0.000601,0.000000,0.957787,+0.825000,-0.174399,-0.175000,+0.782787,1,0,0,1,1001,Reference Extractor|Decision Maker,1001,1
67,DS-MVTec/bottle/image/broken_large/015.png,There is a defect in the object. What is the type of the defect?,Defect Classification,train,125.png,12.248181,5.938555,-5.339603,3.774204,0.999995,0.997371,0.004775,0.977560,+0.824995,+0.822371,-0.170225,+0.802560,1,1,0,1,1101,Reference Extractor|Knowledge Guide|Decision Maker,1101,1
68,DS-MVTec/bottle/image/broken_large/015.png,There is a defect in the object. Where is the defect?,Defect Localization,train,125.png,12.999461,-5.605687,-12.478068,2.793606,0.999998,0.003663,0.000004,0.942329,+0.824998,-0.171337,-0.174996,+0.767329,1,0,0,1,1001,Reference Extractor|Decision Maker,1001,1
69,DS-MVTec/bottle/image/broken_large/015.png,There is a defect in the object. What is the appearance of the defect?,Defect Description,train,125.png,4.371291,17.247879,6.148772,3.639570,0.987523,1.000000,0.997868,0.974409,+0.812523,+0.825000,+0.822868,+0.799408,1,1,1,1,1111,Reference Extractor|Knowledge Guide|Reasoning Expert|Decision Maker,1111,1
70,DS-MVTec/bottle/image/broken_large/015.png,There is a defect in the object. How does the defect affect the bottle's appearance?,Defect Analysis,eval,125.png,-6.354068,19.093380,12.330882,2.884386,0.001737,1.000000,0.999996,0.947069,-0.173263,+0.825000,+0.824996,+0.772069,0,1,1,1,0111,Knowledge Guide|Reasoning Expert|Decision Maker,0111,1
71,DS-MVTec/bottle/image/broken_large/016.png,Is there any defect in the object?,Anomaly Detection,train,073.png,15.432453,-7.488192,-15.219813,3.169860,1.000000,0.000559,0.000000,0.959684,+0.825000,-0.174441,-0.175000,+0.784684,1,0,0,1,1001,Reference Extractor|Decision Maker,1001,1
72,DS-MVTec/bottle/image/broken_large/016.png,There is a defect in the object. What is the type of the defect?,Defect Classification,eval,073.png,12.467777,6.095853,-5.396239,3.836772,0.999996,0.997753,0.004513,0.978892,+0.824996,+0.822753,-0.170487,+0.803892,1,1,0,1,1101,Reference Extractor|Knowledge Guide|Decision Maker,1101,1
73,DS-MVTec/bottle/image/broken_large/016.png,There is a defect in the object. Where is the defect?,Defect Localization,eval,073.png,13.236504,-5.480879,-12.562238,2.854498,0.999998,0.004148,0.000004,0.945551,+0.824998,-0.170852,-0.174996,+0.770551,1,0,0,1,1001,Reference Extractor|Decision Maker,1001,1
74,DS-MVTec/bottle/image/broken_large/016.png,There is a defect in the object. What is the appearance of the defect?,Defect Description,train,073.png,4.570086,17.435341,6.128193,3.699728,0.989749,1.000000,0.997824,0.975867,+0.814749,+0.825000,+0.822824,+0.800867,1,1,1,1,1111,Reference Extractor|Knowledge Guide|Reasoning Expert|Decision Maker,1111,1
75,DS-MVTec/bottle/image/broken_large/017.png,Is there any defect in the object?,Anomaly Detection,train,125.png,15.523161,-7.498210,-15.279139,3.182419,1.000000,0.000554,0.000000,0.960167,+0.825000,-0.174446,-0.175000,+0.785167,1,0,0,1,1001,Reference Extractor|Decision Maker,1001,1
76,DS-MVTec/bottle/image/broken_large/017.png,There is a defect in the object. What is the type of the defect?,Defect Classification,train,125.png,12.626940,5.943790,-5.584152,3.842234,0.999997,0.997385,0.003743,0.979005,+0.824997,+0.822385,-0.171257,+0.804005,1,1,0,1,1101,Reference Extractor|Knowledge Guide|Decision Maker,1101,1
77,DS-MVTec/bottle/image/broken_large/017.png,There is a defect in the object. What is the appearance of the defect?,Defect Description,train,125.png,4.738773,17.267387,5.926401,3.704929,0.991327,1.000000,0.997339,0.975989,+0.816326,+0.825000,+0.822339,+0.800989,1,1,1,1,1111,Reference Extractor|Knowledge Guide|Reasoning Expert|Decision Maker,1111,1
78,DS-MVTec/bottle/image/broken_large/018.png,Is there any defect in the object?,Anomaly Detection,train,073.png,15.640297,-7.556291,-15.393276,3.204499,1.000000,0.000523,0.000000,0.961003,+0.825000,-0.174477,-0.175000,+0.786003,1,0,0,1,1001,Reference Extractor|Decision Maker,1001,1
79,DS-MVTec/bottle/image/broken_large/018.png,There is a defect in the object. What is the type of the defect?,Defect Classification,train,073.png,12.733075,5.886564,-5.680168,3.856178,0.999997,0.997231,0.003401,0.979289,+0.824997,+0.822231,-0.171599,+0.804289,1,1,0,1,1101,Reference Extractor|Knowledge Guide|Decision Maker,1101,1
80,DS-MVTec/bottle/image/broken_large/018.png,There is a defect in the object. What is the appearance of the defect?,Defect Description,train,073.png,4.838607,17.227425,5.847398,3.718420,0.992144,1.000000,0.997121,0.976303,+0.817144,+0.825000,+0.822121,+0.801303,1,1,1,1,1111,Reference Extractor|Knowledge Guide|Reasoning Expert|Decision Maker,1111,1
81,DS-MVTec/bottle/image/broken_large/018.png,There is a defect in the object. What is the effect of the defect?,Defect Analysis,train,073.png,-4.285720,18.697262,11.136346,2.835220,0.013577,1.000000,0.999985,0.944550,-0.161423,+0.825000,+0.824985,+0.769550,0,1,1,1,0111,Knowledge Guide|Reasoning Expert|Decision Maker,0111,1
82,DS-MVTec/bottle/image/broken_large/019.png,Is there any defect in the object?,Anomaly Detection,train,125.png,15.601200,-7.509634,-15.322207,3.191115,1.000000,0.000547,0.000000,0.960499,+0.825000,-0.174453,-0.175000,+0.785498,1,0,0,1,1001,Reference Extractor|Decision Maker,1001,1
83,DS-MVTec/bottle/image/broken_large/019.png,There is a defect in the object. What is the type of the defect?,Defect Classification,train,125.png,12.764824,5.770999,-5.741355,3.832013,0.999997,0.996893,0.003200,0.978794,+0.824997,+0.821893,-0.171800,+0.803793,1,1,0,1,1101,Reference Extractor|Knowledge Guide|Decision Maker,1101,1
84,DS-MVTec/bottle/image/broken_large/019.png,There is a defect in the object. Where is the defect?,Defect Localization,train,125.png,13.505247,-5.769238,-12.864818,2.852895,0.999999,0.003112,0.000003,0.945468,+0.824999,-0.171888,-0.174997,+0.770468,1,0,0,1,1001,Reference Extractor|Decision Maker,1001,1
85,DS-MVTec/bottle/image/broken_large/019.png,There is a defect in the object. What is the appearance of the defect?,Defect Description,train,125.png,4.869276,17.106682,5.782710,3.694019,0.992380,1.000000,0.996929,0.975732,+0.817380,+0.825000,+0.821929,+0.800732,1,1,1,1,1111,Reference Extractor|Knowledge Guide|Reasoning Expert|Decision Maker,1111,1
86,DS-MVTec/bottle/image/broken_large/019.png,There is a defect in the object. How does the defect affect the bottle?,Defect Analysis,train,125.png,-5.267171,14.514974,9.512338,2.287798,0.005132,1.000000,0.999926,0.907861,-0.169868,+0.825000,+0.824926,+0.732861,0,1,1,1,0111,Knowledge Guide|Reasoning Expert|Decision Maker,0111,1
87,DS-MVTec/bottle/image/broken_small/000.png,Is there any defect in the object?,Anomaly Detection,train,133.png,14.762203,-7.464645,-14.889703,3.093246,1.000000,0.000573,0.000000,0.956613,+0.825000,-0.174427,-0.175000,+0.781613,1,0,0,1,1001,Reference Extractor|Decision Maker,1001,1
88,DS-MVTec/bottle/image/broken_small/000.png,There is a defect in the object. What is the type of the defect?,Defect Classification,train,133.png,11.896409,5.501121,-5.469508,3.710770,0.999993,0.995934,0.004196,0.976125,+0.824993,+0.820934,-0.170804,+0.801125,1,1,0,1,1101,Reference Extractor|Knowledge Guide|Decision Maker,1101,1
89,DS-MVTec/bottle/image/broken_small/000.png,There is a defect in the object. Where is the defect?,Defect Localization,train,133.png,12.628673,-5.960098,-12.545161,2.736069,0.999997,0.002573,0.000004,0.939122,+0.824997,-0.172427,-0.174996,+0.764122,1,0,0,1,1001,Reference Extractor|Decision Maker,1001,1
90,DS-MVTec/bottle/image/broken_small/000.png,There is a defect in the object. What is the appearance of the defect?,Defect Description,train,133.png,4.001665,16.840179,6.057417,3.572814,0.982043,1.000000,0.997665,0.972690,+0.807043,+0.825000,+0.822665,+0.797690,1,1,1,1,1111,Reference Extractor|Knowledge Guide|Reasoning Expert|Decision Maker,1111,1
91,DS-MVTec/bottle/image/broken_small/000.png,There is a defect in the object. What is the effect of the defect on the bottle?,Defect Analysis,eval,133.png,-6.155577,18.061623,11.694850,2.753445,0.002117,1.000000,0.999992,0.940108,-0.172883,+0.825000,+0.824992,+0.765108,0,1,1,1,0111,Knowledge Guide|Reasoning Expert|Decision Maker,0111,1
92,DS-MVTec/bottle/image/broken_small/001.png,Is there any defect in the object?,Anomaly Detection,train,061.png,15.862339,-7.660215,-15.608257,3.246631,1.000000,0.000471,0.000000,0.962552,+0.825000,-0.174529,-0.175000,+0.787552,1,0,0,1,1001,Reference Extractor|Decision Maker,1001,1
93,DS-MVTec/bottle/image/broken_small/001.png,There is a defect in the object. What is the type of the defect?,Defect Classification,eval,061.png,13.154868,5.286446,-6.285705,3.860402,0.999998,0.994966,0.001859,0.979375,+0.824998,+0.819966,-0.173141,+0.804375,1,1,0,1,1101,Reference Extractor|Knowledge Guide|Decision Maker,1101,1
94,DS-MVTec/bottle/image/broken_small/001.png,There is a defect in the object. Where is the defect?,Defect Localization,eval,061.png,13.868389,-6.188275,-13.350254,2.889141,0.999999,0.002049,0.000002,0.947307,+0.824999,-0.172951,-0.174998,+0.772307,1,0,0,1,1001,Reference Extractor|Decision Maker,1001,1
95,DS-MVTec/bottle/image/broken_small/001.png,There is a defect in the object. What is the appearance of the defect?,Defect Description,eval,061.png,5.243126,16.650063,5.268394,3.721103,0.994744,1.000000,0.994875,0.976365,+0.819744,+0.825000,+0.819875,+0.801365,1,1,1,1,1111,Reference Extractor|Knowledge Guide|Reasoning Expert|Decision Maker,1111,1
96,DS-MVTec/bottle/image/broken_small/001.png,There is a defect in the object. How does the defect affect the appearance of the bottle?,Defect Analysis,train,061.png,-6.407777,19.539177,12.592536,2.940095,0.001646,1.000000,0.999997,0.949793,-0.173354,+0.825000,+0.824997,+0.774793,0,1,1,1,0111,Knowledge Guide|Reasoning Expert|Decision Maker,0111,1
97,DS-MVTec/bottle/image/broken_small/002.png,Is there any defect in the object?,Anomaly Detection,train,084.png,15.200548,-7.463814,-15.094268,3.141042,1.000000,0.000573,0.000000,0.958554,+0.825000,-0.174427,-0.175000,+0.783554,1,0,0,1,1001,Reference Extractor|Decision Maker,1001,1
98,DS-MVTec/bottle/image/broken_small/002.png,There is a defect in the object. What is the type of the defect?,Defect Classification,train,084.png,12.367424,5.671772,-5.605946,3.776567,0.999996,0.996570,0.003662,0.977612,+0.824996,+0.821570,-0.171338,+0.802612,1,1,0,1,1101,Reference Extractor|Knowledge Guide|Decision Maker,1101,1
99,DS-MVTec/bottle/image/broken_small/002.png,There is a defect in the object. What is the appearance of the defect?,Defect Description,train,084.png,4.473862,17.007057,5.916542,3.638835,0.988725,1.000000,0.997313,0.974390,+0.813725,+0.825000,+0.822313,+0.799390,1,1,1,1,1111,Reference Extractor|Knowledge Guide|Reasoning Expert|Decision Maker,1111,1
100,DS-MVTec/bottle/image/broken_small/002.png,There is a defect in the object. What is the potential effect of the defect?,Defect Analysis,eval,084.png,-5.475741,19.146282,11.948522,2.821692,0.004170,1.000000,0.999994,0.943837,-0.170830,+0.825000,+0.824994,+0.768837,0,1,1,1,0111,Knowledge Guide|Reasoning Expert|Decision Maker,0111,1
101,DS-MVTec/bottle/image/broken_small/003.png,Is there any defect in the object?,Anomaly Detection,train,125.png,15.753133,-7.562902,-15.446350,3.216364,1.000000,0.000519,0.000000,0.961446,+0.825000,-0.174481,-0.175000,+0.786445,1,0,0,1,1001,Reference Extractor|Decision Maker,1001,1
102,DS-MVTec/bottle/image/broken_small/003.png,There is a defect in the object. What is the type of the defect?,Defect Classification,train,125.png,12.988657,5.596288,-5.968719,3.848093,0.999998,0.996302,0.002551,0.979125,+0.824998,+0.821302,-0.172449,+0.804125,1,1,0,1,1101,Reference Extractor|Knowledge Guide|Decision Maker,1101,1
103,DS-MVTec/bottle/image/broken_small/003.png,There is a defect in the object. What is the appearance of the defect?,Defect Description,train,125.png,5.081699,16.950054,5.575793,3.709041,0.993829,1.000000,0.996226,0.976085,+0.818829,+0.825000,+0.821226,+0.801085,1,1,1,1,1111,Reference Extractor|Knowledge Guide|Reasoning Expert|Decision Maker,1111,1
104,DS-MVTec/bottle/image/broken_small/003.png,There is a defect in the object. How does the defect affect the bottle's appearance?,Defect Analysis,eval,125.png,-6.306961,18.990757,12.256676,2.868466,0.001820,1.000000,0.999995,0.946265,-0.173180,+0.825000,+0.824995,+0.771265,0,1,1,1,0111,Knowledge Guide|Reasoning Expert|Decision Maker,0111,1
105,DS-MVTec/bottle/image/broken_small/004.png,Is there any defect in the object?,Anomaly Detection,train,125.png,15.293064,-7.397636,-15.055907,3.137904,1.000000,0.000612,0.000000,0.958429,+0.825000,-0.174388,-0.175000,+0.783429,1,0,0,1,1001,Reference Extractor|Decision Maker,1001,1
106,DS-MVTec/bottle/image/broken_small/004.png,There is a defect in the object. What is the type of the defect?,Defect Classification,eval,125.png,12.370555,6.099511,-5.308833,3.801592,0.999996,0.997761,0.004923,0.978153,+0.824996,+0.822761,-0.170077,+0.803153,1,1,0,1,1101,Reference Extractor|Knowledge Guide|Decision Maker,1101,1
107,DS-MVTec/bottle/image/broken_small/004.png,There is a defect in the object. What is the appearance of the defect?,Defect Description,eval,125.png,4.489415,17.405613,6.175369,3.667568,0.988897,1.000000,0.997924,0.975098,+0.813897,+0.825000,+0.822924,+0.800098,1,1,1,1,1111,Reference Extractor|Knowledge Guide|Reasoning Expert|Decision Maker,1111,1
108,DS-MVTec/bottle/image/broken_small/004.png,There is a defect in the object. What effect does the defect have?,Defect Analysis,train,125.png,-5.762151,18.240517,11.607064,2.739152,0.003134,1.000000,0.999991,0.939298,-0.171866,+0.825000,+0.824991,+0.764298,0,1,1,1,0111,Knowledge Guide|Reasoning Expert|Decision Maker,0111,1
109,DS-MVTec/bottle/image/broken_small/005.png,Is there any defect in the object?,Anomaly Detection,train,125.png,14.733845,-7.364999,-14.762460,3.071593,1.000000,0.000633,0.000000,0.955706,+0.825000,-0.174367,-0.175000,+0.780706,1,0,0,1,1001,Reference Extractor|Decision Maker,1001,1
110,DS-MVTec/bottle/image/broken_small/005.png,There is a defect in the object. Where is the defect?,Defect Localization,eval,125.png,12.544329,-5.576583,-12.233985,2.740660,0.999996,0.003771,0.000005,0.939384,+0.824996,-0.171229,-0.174995,+0.764384,1,0,0,1,1001,Reference Extractor|Decision Maker,1001,1
111,DS-MVTec/bottle/image/broken_small/005.png,There is a defect in the object. What is the appearance of the defect?,Defect Description,train,125.png,3.936484,17.242201,6.357064,3.589558,0.980857,1.000000,0.998268,0.973131,+0.805857,+0.825000,+0.823268,+0.798131,1,1,1,1,1111,Reference Extractor|Knowledge Guide|Reasoning Expert|Decision Maker,1111,1
112,DS-MVTec/bottle/image/broken_small/005.png,There is a defect in the object. What effect does the defect have on the bottle's opening?,Defect Analysis,train,125.png,-6.594257,19.809498,12.755010,2.986282,0.001366,1.000000,0.999997,0.951951,-0.173634,+0.825000,+0.824997,+0.776951,0,1,1,1,0111,Knowledge Guide|Reasoning Expert|Decision Maker,0111,1
113,DS-MVTec/bottle/image/broken_small/006.png,Is there any defect in the object?,Anomaly Detection,train,125.png,15.065638,-7.381735,-14.930360,3.109781,1.000000,0.000622,0.000000,0.957294,+0.825000,-0.174378,-0.175000,+0.782294,1,0,0,1,1001,Reference Extractor|Decision Maker,1001,1
114,DS-MVTec/bottle/image/broken_small/006.png,There is a defect in the object. What is the type of the defect?,Defect Classification,eval,125.png,12.205618,5.965323,-5.291788,3.765212,0.999995,0.997440,0.005008,0.977362,+0.824995,+0.822440,-0.169992,+0.802362,1,1,0,1,1101,Reference Extractor|Knowledge Guide|Decision Maker,1101,1
115,DS-MVTec/bottle/image/broken_small/006.png,There is a defect in the object. Where is the defect?,Defect Localization,eval,125.png,12.939191,-5.545927,-12.402626,2.785838,0.999998,0.003888,0.000004,0.941906,+0.824998,-0.171112,-0.174996,+0.766906,1,0,0,1,1001,Reference Extractor|Decision Maker,1001,1
116,DS-MVTec/bottle/image/broken_small/006.png,There is a defect in the object. What is the appearance of the defect?,Defect Description,train,125.png,4.342907,17.254889,6.172853,3.632241,0.987168,1.000000,0.997919,0.974225,+0.812168,+0.825000,+0.822919,+0.799225,1,1,1,1,1111,Reference Extractor|Knowledge Guide|Reasoning Expert|Decision Maker,1111,1
117,DS-MVTec/bottle/image/broken_small/006.png,There is a defect in the object. How does the defect affect the appearance of the object?,Defect Analysis,train,125.png,-5.728686,23.341244,14.196826,3.336595,0.003241,1.000000,0.999999,0.965663,-0.171759,+0.825000,+0.824999,+0.790663,0,1,1,1,0111,Knowledge Guide|Reasoning Expert|Decision Maker,0111,1
118,DS-MVTec/bottle/image/broken_small/007.png,Is there any defect in the object?,Anomaly Detection,train,073.png,15.540180,-7.534200,-15.325747,3.190360,1.000000,0.000534,0.000000,0.960470,+0.825000,-0.174466,-0.175000,+0.785470,1,0,0,1,1001,Reference Extractor|Decision Maker,1001,1
119,DS-MVTec/bottle/image/broken_small/007.png,There is a defect in the object. What is the type of the defect?,Defect Classification,train,073.png,12.706164,5.738560,-5.756302,3.835164,0.999997,0.996791,0.003153,0.978859,+0.824997,+0.821791,-0.171847,+0.803859,1,1,0,1,1101,Reference Extractor|Knowledge Guide|Decision Maker,1101,1
120,DS-MVTec/bottle/image/broken_small/007.png,There is a defect in the object. Where is the defect?,Defect Localization,eval,073.png,13.447274,-5.797341,-12.877980,2.855864,0.999999,0.003026,0.000003,0.945621,+0.824999,-0.171974,-0.174997,+0.770621,1,0,0,1,1001,Reference Extractor|Decision Maker,1001,1
121,DS-MVTec/bottle/image/broken_small/007.png,There is a defect in the object. How does the defect affect the object's appearance?,Defect Analysis,train,073.png,-5.481433,20.827919,12.787944,3.021956,0.004146,1.000000,0.999997,0.953556,-0.170854,+0.825000,+0.824997,+0.778556,0,1,1,1,0111,Knowledge Guide|Reasoning Expert|Decision Maker,0111,1
122,DS-MVTec/bottle/image/broken_small/008.png,Is there any defect in the object?,Anomaly Detection,train,125.png,15.106762,-7.485667,-15.065895,3.133047,1.000000,0.000561,0.000000,0.958236,+0.825000,-0.174439,-0.175000,+0.783235,1,0,0,1,1001,Reference Extractor|Decision Maker,1001,1
123,DS-MVTec/bottle/image/broken_small/008.png,There is a defect in the object. What is the type of the defect?,Defect Classification,train,125.png,12.256980,5.632769,-5.562762,3.761178,0.999995,0.996434,0.003823,0.977272,+0.824995,+0.821434,-0.171177,+0.802272,1,1,0,1,1101,Reference Extractor|Knowledge Guide|Decision Maker,1101,1
124,DS-MVTec/bottle/image/broken_small/008.png,There is a defect in the object. Where is the defect?,Defect Localization,train,125.png,13.000671,-5.887814,-12.678843,2.782813,0.999998,0.002765,0.000003,0.941740,+0.824998,-0.172235,-0.174997,+0.766740,1,0,0,1,1001,Reference Extractor|Decision Maker,1001,1
125,DS-MVTec/bottle/image/broken_small/008.png,There is a defect in the object. What is the appearance of the defect?,Defect Description,train,125.png,4.376820,16.949907,5.939372,3.624505,0.987591,1.000000,0.997373,0.974030,+0.812591,+0.825000,+0.822373,+0.799030,1,1,1,1,1111,Reference Extractor|Knowledge Guide|Reasoning Expert|Decision Maker,1111,1
126,DS-MVTec/bottle/image/broken_small/008.png,There is a defect in the object. How does the defect area compare to the rest of the rim?,Defect Analysis,train,125.png,-3.732871,13.204752,7.851772,2.250302,0.023365,0.999998,0.999611,0.904677,-0.151635,+0.824998,+0.824611,+0.729677,0,1,1,1,0111,Knowledge Guide|Reasoning Expert|Decision Maker,0111,1
127,DS-MVTec/bottle/image/broken_small/009.png,Is there any defect in the object?,Anomaly Detection,eval,137.png,15.172859,-7.414365,-15.028208,3.130489,1.000000,0.000602,0.000000,0.958133,+0.825000,-0.174398,-0.175000,+0.783133,1,0,0,1,1001,Reference Extractor|Decision Maker,1001,1
128,DS-MVTec/bottle/image/broken_small/009.png,There is a defect in the object. What is the type of the defect?,Defect Classification,train,137.png,12.227242,6.141590,-5.247786,3.807784,0.999995,0.997853,0.005232,0.978285,+0.824995,+0.822853,-0.169768,+0.803285,1,1,0,1,1101,Reference Extractor|Knowledge Guide|Decision Maker,1101,1
129,DS-MVTec/bottle/image/broken_small/009.png,There is a defect in the object. Where is the defect?,Defect Localization,eval,137.png,12.981750,-5.403154,-12.387794,2.826330,0.999998,0.004482,0.000004,0.944082,+0.824998,-0.170518,-0.174996,+0.769082,1,0,0,1,1001,Reference Extractor|Decision Maker,1001,1
130,DS-MVTec/bottle/image/broken_small/009.png,There is a defect in the object. What is the appearance of the defect?,Defect Description,train,137.png,4.349836,17.447308,6.240150,3.672470,0.987256,1.000000,0.998054,0.975216,+0.812256,+0.825000,+0.823054,+0.800216,1,1,1,1,1111,Reference Extractor|Knowledge Guide|Reasoning Expert|Decision Maker,1111,1
131,DS-MVTec/bottle/image/broken_small/009.png,There is a defect in the object. How does the defect affect the object?,Defect Analysis,train,137.png,-3.386212,14.179646,8.305398,2.406487,0.032729,0.999999,0.999753,0.917321,-0.142271,+0.824999,+0.824753,+0.742321,0,1,1,1,0111,Knowledge Guide|Reasoning Expert|Decision Maker,0111,1
132,DS-MVTec/bottle/image/broken_small/010.png,Is there any defect in the object?,Anomaly Detection,train,125.png,15.076195,-7.369966,-14.931643,3.110660,1.000000,0.000629,0.000000,0.957330,+0.825000,-0.174370,-0.175000,+0.782330,1,0,0,1,1001,Reference Extractor|Decision Maker,1001,1
133,DS-MVTec/bottle/image/broken_small/010.png,There is a defect in the object. Where is the defect?,Defect Localization,train,125.png,12.953247,-5.575371,-12.443814,2.787607,0.999998,0.003776,0.000004,0.942002,+0.824998,-0.171224,-0.174996,+0.767002,1,0,0,1,1001,Reference Extractor|Decision Maker,1001,1
134,DS-MVTec/bottle/image/broken_small/010.png,There is a defect in the object. What is the appearance of the defect?,Defect Description,train,125.png,4.350820,17.233860,6.139557,3.633332,0.987268,1.000000,0.997849,0.974252,+0.812268,+0.825000,+0.822849,+0.799252,1,1,1,1,1111,Reference Extractor|Knowledge Guide|Reasoning Expert|Decision Maker,1111,1
135,DS-MVTec/bottle/image/broken_small/010.png,There is a defect in the object. How does the defect affect the object's appearance?,Defect Analysis,train,125.png,-5.517735,20.732365,12.760844,3.010792,0.003999,1.000000,0.999997,0.953059,-0.171001,+0.825000,+0.824997,+0.778059,0,1,1,1,0111,Knowledge Guide|Reasoning Expert|Decision Maker,0111,1
136,DS-MVTec/bottle/image/broken_small/011.png,Is there any defect in the object?,Anomaly Detection,eval,061.png,15.590990,-7.568110,-15.388173,3.202127,1.000000,0.000516,0.000000,0.960914,+0.825000,-0.174484,-0.175000,+0.785914,1,0,0,1,1001,Reference Extractor|Decision Maker,1001,1
137,DS-MVTec/bottle/image/broken_small/011.png,There is a defect in the object. Where is the defect?,Defect Localization,train,061.png,13.546456,-5.990536,-13.056351,2.856684,0.999999,0.002496,0.000002,0.945663,+0.824999,-0.172504,-0.174998,+0.770663,1,0,0,1,1001,Reference Extractor|Decision Maker,1001,1
138,DS-MVTec/bottle/image/broken_small/011.png,There is a defect in the object. What is the effect of the defect on the bottle's appearance?,Defect Analysis,train,061.png,-6.999621,22.282276,14.214602,3.304682,0.000911,1.000000,0.999999,0.964589,-0.174089,+0.825000,+0.824999,+0.789589,0,1,1,1,0111,Knowledge Guide|Reasoning Expert|Decision Maker,0111,1
139,DS-MVTec/bottle/image/broken_small/012.png,Is there any defect in the object?,Anomaly Detection,eval,125.png,15.146275,-7.463530,-15.051419,3.131823,1.000000,0.000573,0.000000,0.958186,+0.825000,-0.174427,-0.175000,+0.783186,1,0,0,1,1001,Reference Extractor|Decision Maker,1001,1
140,DS-MVTec/bottle/image/broken_small/012.png,There is a defect in the object. Where is the defect?,Defect Localization,train,125.png,13.070900,-5.857296,-12.669099,2.783771,0.999998,0.002851,0.000003,0.941792,+0.824998,-0.172149,-0.174997,+0.766792,1,0,0,1,1001,Reference Extractor|Decision Maker,1001,1
141,DS-MVTec/bottle/image/broken_small/012.png,There is a defect in the object. What is the effect of the defect on the bottle?,Defect Analysis,train,125.png,-6.110956,18.149332,11.730389,2.757865,0.002214,1.000000,0.999992,0.940356,-0.172786,+0.825000,+0.824992,+0.765356,0,1,1,1,0111,Knowledge Guide|Reasoning Expert|Decision Maker,0111,1
142,DS-MVTec/bottle/image/broken_small/013.png,Is there any defect in the object?,Anomaly Detection,eval,073.png,14.884406,-7.483006,-14.957053,3.107279,1.000000,0.000562,0.000000,0.957192,+0.825000,-0.174438,-0.175000,+0.782192,1,0,0,1,1001,Reference Extractor|Decision Maker,1001,1
143,DS-MVTec/bottle/image/broken_small/013.png,There is a defect in the object. What is the type of the defect?,Defect Classification,train,073.png,12.167157,5.173463,-5.777013,3.696679,0.999995,0.994367,0.003088,0.975795,+0.824995,+0.819367,-0.171912,+0.800795,1,1,0,1,1101,Reference Extractor|Knowledge Guide|Decision Maker,1101,1
144,DS-MVTec/bottle/image/broken_small/013.png,There is a defect in the object. Where is the defect?,Defect Localization,eval,073.png,12.845975,-6.174734,-12.758615,2.732965,0.999997,0.002077,0.000003,0.938944,+0.824997,-0.172923,-0.174997,+0.763944,1,0,0,1,1001,Reference Extractor|Decision Maker,1001,1
145,DS-MVTec/bottle/image/broken_small/013.png,There is a defect in the object. What is the appearance of the defect?,Defect Description,eval,073.png,4.279863,16.502583,5.738473,3.559364,0.986344,1.000000,0.996791,0.972330,+0.811344,+0.825000,+0.821791,+0.797330,1,1,1,1,1111,Reference Extractor|Knowledge Guide|Reasoning Expert|Decision Maker,1111,1
146,DS-MVTec/bottle/image/broken_small/014.png,Is there any defect in the object?,Anomaly Detection,train,199.png,14.805340,-7.467961,-14.910981,3.097984,1.000000,0.000571,0.000000,0.956809,+0.825000,-0.174429,-0.175000,+0.781809,1,0,0,1,1001,Reference Extractor|Decision Maker,1001,1
147,DS-MVTec/bottle/image/broken_small/014.png,There is a defect in the object. What is the type of the defect?,Defect Classification,train,199.png,12.033897,5.284440,-5.663674,3.702076,0.999994,0.994956,0.003458,0.975922,+0.824994,+0.819956,-0.171542,+0.800922,1,1,0,1,1101,Reference Extractor|Knowledge Guide|Decision Maker,1101,1
148,DS-MVTec/bottle/image/broken_small/014.png,There is a defect in the object. Where is the defect?,Defect Localization,eval,199.png,12.717181,-6.060926,-12.643363,2.734917,0.999997,0.002327,0.000003,0.939056,+0.824997,-0.172673,-0.174997,+0.764056,1,0,0,1,1001,Reference Extractor|Decision Maker,1001,1
149,DS-MVTec/bottle/image/broken_small/014.png,There is a defect in the object. How does the defect contrast with the surrounding area?,Defect Analysis,train,199.png,-5.271889,18.844402,11.694766,2.772296,0.005108,1.000000,0.999992,0.941160,-0.169892,+0.825000,+0.824992,+0.766160,0,1,1,1,0111,Knowledge Guide|Reasoning Expert|Decision Maker,0111,1
150,DS-MVTec/bottle/image/broken_small/015.png,Is there any defect in the object?,Anomaly Detection,train,073.png,14.831377,-7.461535,-14.907274,3.098237,1.000000,0.000574,0.000000,0.956820,+0.825000,-0.174426,-0.175000,+0.781820,1,0,0,1,1001,Reference Extractor|Decision Maker,1001,1
151,DS-MVTec/bottle/image/broken_small/015.png,There is a defect in the object. Where is the defect?,Defect Localization,eval,073.png,12.702311,-5.899436,-12.520024,2.742371,0.999997,0.002733,0.000004,0.939481,+0.824997,-0.172266,-0.174996,+0.764481,1,0,0,1,1001,Reference Extractor|Decision Maker,1001,1
152,DS-MVTec/bottle/image/broken_small/015.png,There is a defect in the object. What is the appearance of the defect?,Defect Description,train,073.png,4.057473,16.952763,6.123034,3.582794,0.983001,1.000000,0.997813,0.972954,+0.808001,+0.825000,+0.822813,+0.797954,1,1,1,1,1111,Reference Extractor|Knowledge Guide|Reasoning Expert|Decision Maker,1111,1
153,DS-MVTec/bottle/image/broken_small/015.png,There is a defect in the object. How does the defect affect the object?,Defect Analysis,train,073.png,-3.651526,13.654438,8.150986,2.319288,0.025295,0.999999,0.999712,0.910462,-0.149705,+0.824999,+0.824712,+0.735462,0,1,1,1,0111,Knowledge Guide|Reasoning Expert|Decision Maker,0111,1
154,DS-MVTec/bottle/image/broken_small/016.png,Is there any defect in the object?,Anomaly Detection,train,066.png,15.582561,-7.531874,-15.342237,3.194787,1.000000,0.000535,0.000000,0.960638,+0.825000,-0.174465,-0.175000,+0.785638,1,0,0,1,1001,Reference Extractor|Decision Maker,1001,1
155,DS-MVTec/bottle/image/broken_small/016.png,There is a defect in the object. Where is the defect?,Defect Localization,train,066.png,13.471889,-5.740381,-12.858006,2.866236,0.999999,0.003203,0.000003,0.946152,+0.824999,-0.171797,-0.174997,+0.771152,1,0,0,1,1001,Reference Extractor|Decision Maker,1001,1
156,DS-MVTec/bottle/image/broken_small/016.png,There is a defect in the object. What is the appearance of the defect?,Defect Description,train,066.png,4.828681,17.134842,5.795394,3.706970,0.992066,1.000000,0.996968,0.976037,+0.817066,+0.825000,+0.821968,+0.801037,1,1,1,1,1111,Reference Extractor|Knowledge Guide|Reasoning Expert|Decision Maker,1111,1
157,DS-MVTec/bottle/image/broken_small/016.png,There is a defect in the object. What could be the effect of the defect?,Defect Analysis,train,066.png,-5.279493,18.443314,11.486847,2.729748,0.005069,1.000000,0.999990,0.938759,-0.169931,+0.825000,+0.824990,+0.763759,0,1,1,1,0111,Knowledge Guide|Reasoning Expert|Decision Maker,0111,1
158,DS-MVTec/bottle/image/broken_small/017.png,Is there any defect in the object?,Anomaly Detection,train,073.png,15.188698,-7.527150,-15.151961,3.149600,1.000000,0.000538,0.000000,0.958893,+0.825000,-0.174462,-0.175000,+0.783893,1,0,0,1,1001,Reference Extractor|Decision Maker,1001,1
159,DS-MVTec/bottle/image/broken_small/017.png,There is a defect in the object. What is the type of the defect?,Defect Classification,train,073.png,12.397278,5.448882,-5.761458,3.765208,0.999996,0.995717,0.003137,0.977362,+0.824996,+0.820717,-0.171863,+0.802361,1,1,0,1,1101,Reference Extractor|Knowledge Guide|Decision Maker,1101,1
160,DS-MVTec/bottle/image/broken_small/017.png,There is a defect in the object. Where is the defect?,Defect Localization,train,073.png,13.118608,-6.031799,-12.840161,2.790132,0.999998,0.002395,0.000003,0.942140,+0.824998,-0.172605,-0.174997,+0.767140,1,0,0,1,1001,Reference Extractor|Decision Maker,1001,1
161,DS-MVTec/bottle/image/broken_small/017.png,There is a defect in the object. What is the appearance of the defect?,Defect Description,eval,073.png,4.498779,16.796064,5.772763,3.627157,0.989000,1.000000,0.996899,0.974097,+0.814000,+0.825000,+0.821899,+0.799097,1,1,1,1,1111,Reference Extractor|Knowledge Guide|Reasoning Expert|Decision Maker,1111,1
162,DS-MVTec/bottle/image/broken_small/017.png,There is a defect in the object. What is the effect of the defect on the bottle's appearance?,Defect Analysis,train,073.png,-7.005654,22.165039,14.157394,3.291569,0.000906,1.000000,0.999999,0.964138,-0.174094,+0.825000,+0.824999,+0.789138,0,1,1,1,0111,Knowledge Guide|Reasoning Expert|Decision Maker,0111,1
163,DS-MVTec/bottle/image/broken_small/018.png,Is there any defect in the object?,Anomaly Detection,eval,101.png,15.687567,-7.623610,-15.483383,3.221119,1.000000,0.000489,0.000000,0.961621,+0.825000,-0.174511,-0.175000,+0.786621,1,0,0,1,1001,Reference Extractor|Decision Maker,1001,1
164,DS-MVTec/bottle/image/broken_small/018.png,There is a defect in the object. Where is the defect?,Defect Localization,eval,101.png,13.588528,-5.897018,-13.025693,2.879830,0.999999,0.002740,0.000002,0.946840,+0.824999,-0.172260,-0.174998,+0.771840,1,0,0,1,1001,Reference Extractor|Decision Maker,1001,1
165,DS-MVTec/bottle/image/broken_small/018.png,There is a defect in the object. What is the appearance of the defect?,Defect Description,eval,101.png,4.926509,17.011368,5.660879,3.719492,0.992800,1.000000,0.996533,0.976328,+0.817800,+0.825000,+0.821533,+0.801328,1,1,1,1,1111,Reference Extractor|Knowledge Guide|Reasoning Expert|Decision Maker,1111,1
166,DS-MVTec/bottle/image/broken_small/018.png,There is a defect in the object. What effect does the defect have on the object?,Defect Analysis,train,101.png,-6.083871,20.588318,12.919854,3.034925,0.002274,1.000000,0.999997,0.954127,-0.172726,+0.825000,+0.824997,+0.779127,0,1,1,1,0111,Knowledge Guide|Reasoning Expert|Decision Maker,0111,1
167,DS-MVTec/bottle/image/broken_small/019.png,Is there any defect in the object?,Anomaly Detection,train,125.png,15.426257,-7.464678,-15.193175,3.164665,1.000000,0.000573,0.000000,0.959483,+0.825000,-0.174427,-0.175000,+0.784483,1,0,0,1,1001,Reference Extractor|Decision Maker,1001,1
168,DS-MVTec/bottle/image/broken_small/019.png,There is a defect in the object. What is the type of the defect?,Defect Classification,train,125.png,12.666939,5.679210,-5.736285,3.805785,0.999997,0.996595,0.003216,0.978242,+0.824997,+0.821595,-0.171784,+0.803242,1,1,0,1,1101,Reference Extractor|Knowledge Guide|Decision Maker,1101,1
169,DS-MVTec/bottle/image/broken_small/019.png,There is a defect in the object. Where is the defect?,Defect Localization,train,125.png,13.367102,-5.782200,-12.793617,2.829849,0.999998,0.003072,0.000003,0.944268,+0.824998,-0.171928,-0.174997,+0.769268,1,0,0,1,1001,Reference Extractor|Decision Maker,1001,1
170,DS-MVTec/bottle/image/broken_small/019.png,There is a defect in the object. What is the appearance of the defect?,Defect Description,train,125.png,4.790724,16.987188,5.758042,3.669137,0.991762,1.000000,0.996853,0.975136,+0.816762,+0.825000,+0.821853,+0.800135,1,1,1,1,1111,Reference Extractor|Knowledge Guide|Reasoning Expert|Decision Maker,1111,1
171,DS-MVTec/bottle/image/broken_small/019.png,There is a defect in the object. What does the defect suggest about the bottle's rim?,Defect Analysis,eval,125.png,-4.566636,12.118933,7.906799,1.990700,0.010286,0.999995,0.999632,0.879817,-0.164714,+0.824995,+0.824632,+0.704817,0,1,1,1,0111,Knowledge Guide|Reasoning Expert|Decision Maker,0111,1
172,DS-MVTec/bottle/image/broken_small/020.png,Is there any defect in the object?,Anomaly Detection,eval,125.png,15.239697,-7.443047,-15.077518,3.139477,1.000000,0.000585,0.000000,0.958492,+0.825000,-0.174415,-0.175000,+0.783492,1,0,0,1,1001,Reference Extractor|Decision Maker,1001,1
173,DS-MVTec/bottle/image/broken_small/020.png,There is a defect in the object. Where is the defect?,Defect Localization,train,125.png,13.156631,-5.733062,-12.642085,2.803842,0.999998,0.003227,0.000003,0.942883,+0.824998,-0.171773,-0.174997,+0.767883,1,0,0,1,1001,Reference Extractor|Decision Maker,1001,1
174,DS-MVTec/bottle/image/broken_small/020.png,There is a defect in the object. What is the appearance of the defect?,Defect Description,train,125.png,4.540816,17.104893,5.970957,3.647205,0.989448,1.000000,0.997455,0.974598,+0.814448,+0.825000,+0.822455,+0.799598,1,1,1,1,1111,Reference Extractor|Knowledge Guide|Reasoning Expert|Decision Maker,1111,1
175,DS-MVTec/bottle/image/broken_small/020.png,There is a defect in the object. How does the defect contrast with the rest of the bottle's inner surface?,Defect Analysis,train,125.png,-6.637876,20.268085,13.037566,3.041955,0.001308,1.000000,0.999998,0.954434,-0.173692,+0.825000,+0.824998,+0.779434,0,1,1,1,0111,Knowledge Guide|Reasoning Expert|Decision Maker,0111,1
176,DS-MVTec/bottle/image/broken_small/021.png,Is there any defect in the object?,Anomaly Detection,eval,073.png,15.908305,-7.578150,-15.539081,3.237748,1.000000,0.000511,0.000000,0.962230,+0.825000,-0.174489,-0.175000,+0.787230,1,0,0,1,1001,Reference Extractor|Decision Maker,1001,1
177,DS-MVTec/bottle/image/broken_small/021.png,There is a defect in the object. What is the type of the defect?,Defect Classification,train,073.png,12.998764,5.963034,-5.776928,3.899609,0.999998,0.997435,0.003089,0.980152,+0.824998,+0.822435,-0.171911,+0.805152,1,1,0,1,1101,Reference Extractor|Knowledge Guide|Decision Maker,1101,1
178,DS-MVTec/bottle/image/broken_small/021.png,There is a defect in the object. Where is the defect?,Defect Localization,train,073.png,13.756298,-5.608224,-12.927930,2.918330,0.999999,0.003654,0.000002,0.948745,+0.824999,-0.171346,-0.174998,+0.773745,1,0,0,1,1001,Reference Extractor|Decision Maker,1001,1
179,DS-MVTec/bottle/image/broken_small/021.png,There is a defect in the object. What is the appearance of the defect?,Defect Description,train,073.png,5.085881,17.325491,5.777458,3.760050,0.993855,1.000000,0.996913,0.977247,+0.818855,+0.825000,+0.821913,+0.802247,1,1,1,1,1111,Reference Extractor|Knowledge Guide|Reasoning Expert|Decision Maker,1111,1
180,DS-MVTec/bottle/image/contamination/000.png,Is there any defect in the object?,Anomaly Detection,train,125.png,13.800756,-7.166893,-14.117820,2.935591,0.999999,0.000771,0.000001,0.949578,+0.824999,-0.174229,-0.174999,+0.774578,1,0,0,1,1001,Reference Extractor|Decision Maker,1001,1
181,DS-MVTec/bottle/image/contamination/000.png,There is a defect in the object. What is the type of the defect?,Defect Classification,train,125.png,10.818997,5.814914,-4.628689,3.561512,0.999980,0.997026,0.009673,0.972388,+0.824980,+0.822026,-0.165327,+0.797388,1,1,0,1,1101,Reference Extractor|Knowledge Guide|Decision Maker,1101,1
182,DS-MVTec/bottle/image/contamination/000.png,There is a defect in the object. Where is the defect?,Defect Localization,train,125.png,11.568254,-5.571582,-11.678166,2.592184,0.999991,0.003790,0.000008,0.930357,+0.824991,-0.171210,-0.174992,+0.755357,1,0,0,1,1001,Reference Extractor|Decision Maker,1001,1
183,DS-MVTec/bottle/image/contamination/000.png,There is a defect in the object. What is the appearance of the defect?,Defect Description,train,125.png,3.022868,17.002958,6.706881,3.439107,0.953597,1.000000,0.998779,0.968905,+0.778597,+0.825000,+0.823779,+0.793905,1,1,1,1,1111,Reference Extractor|Knowledge Guide|Reasoning Expert|Decision Maker,1111,1
184,DS-MVTec/bottle/image/contamination/001.png,Is there any defect in the object?,Anomaly Detection,train,058.png,12.320784,-6.684233,-12.953868,2.708481,0.999996,0.001249,0.000002,0.937525,+0.824996,-0.173751,-0.174998,+0.762525,1,0,0,1,1001,Reference Extractor|Decision Maker,1001,1
185,DS-MVTec/bottle/image/contamination/001.png,There is a defect in the object. What is the type of the defect?,Defect Classification,train,058.png,8.909513,6.494660,-3.160826,3.356463,0.999865,0.998491,0.040667,0.966316,+0.824865,+0.823491,-0.134333,+0.791316,1,1,0,1,1101,Reference Extractor|Knowledge Guide|Decision Maker,1101,1
186,DS-MVTec/bottle/image/contamination/001.png,There is a defect in the object. Where is the defect?,Defect Localization,train,058.png,9.824944,-4.764043,-10.218194,2.404415,0.999946,0.008459,0.000036,0.917163,+0.824946,-0.166541,-0.174964,+0.742163,1,0,0,1,1001,Reference Extractor|Decision Maker,1001,1
187,DS-MVTec/bottle/image/contamination/001.png,There is a defect in the object. What is the appearance of the defect?,Defect Description,train,058.png,1.187122,17.474033,7.871262,3.269433,0.766226,1.000000,0.999619,0.963365,+0.591226,+0.825000,+0.824619,+0.788365,1,1,1,1,1111,Reference Extractor|Knowledge Guide|Reasoning Expert|Decision Maker,1111,1
188,DS-MVTec/bottle/image/contamination/001.png,There is a defect in the object. What does the defect indicate?,Defect Analysis,train,058.png,-0.834864,8.338480,3.467442,2.170002,0.302618,0.999761,0.969747,0.897523,+0.127618,+0.824761,+0.794747,+0.722523,1,1,1,1,1111,Reference Extractor|Knowledge Guide|Reasoning Expert|Decision Maker,0111,0
189,DS-MVTec/bottle/image/contamination/002.png,Is there any defect in the object?,Anomaly Detection,train,009.png,14.489193,-7.422275,-14.707573,3.054546,1.000000,0.000597,0.000000,0.954978,+0.825000,-0.174403,-0.175000,+0.779978,1,0,0,1,1001,Reference Extractor|Decision Maker,1001,1
190,DS-MVTec/bottle/image/contamination/002.png,There is a defect in the object. What is the type of the defect?,Defect Classification,train,009.png,11.612283,5.435317,-5.328447,3.659851,0.999991,0.995659,0.004828,0.974909,+0.824991,+0.820659,-0.170172,+0.799909,1,1,0,1,1101,Reference Extractor|Knowledge Guide|Decision Maker,1101,1
191,DS-MVTec/bottle/image/contamination/002.png,There is a defect in the object. Where is the defect?,Defect Localization,train,009.png,12.352722,-5.969594,-12.380113,2.691138,0.999996,0.002549,0.000004,0.936502,+0.824996,-0.172451,-0.174996,+0.761502,1,0,0,1,1001,Reference Extractor|Decision Maker,1001,1
192,DS-MVTec/bottle/image/contamination/002.png,There is a defect in the object. What could be the effect of this defect?,Defect Analysis,train,009.png,-3.091397,16.450966,9.370998,2.713666,0.043464,1.000000,0.999915,0.937828,-0.131536,+0.825000,+0.824915,+0.762828,0,1,1,1,0111,Knowledge Guide|Reasoning Expert|Decision Maker,0111,1
193,DS-MVTec/bottle/image/contamination/003.png,Is there any defect in the object?,Anomaly Detection,train,130.png,14.197534,-7.401774,-14.567735,3.022785,0.999999,0.000610,0.000000,0.953593,+0.824999,-0.174390,-0.175000,+0.778593,1,0,0,1,1001,Reference Extractor|Decision Maker,1001,1
194,DS-MVTec/bottle/image/contamination/003.png,There is a defect in the object. Where is the defect?,Defect Localization,train,130.png,12.018759,-6.074549,-12.295810,2.647596,0.999994,0.002295,0.000005,0.933863,+0.824994,-0.172705,-0.174995,+0.758863,1,0,0,1,1001,Reference Extractor|Decision Maker,1001,1
195,DS-MVTec/bottle/image/contamination/003.png,There is a defect in the object. What is the appearance of the defect?,Defect Description,eval,130.png,3.368206,16.483696,6.178325,3.459462,0.966696,1.000000,0.997930,0.969512,+0.791696,+0.825000,+0.822930,+0.794512,1,1,1,1,1111,Reference Extractor|Knowledge Guide|Reasoning Expert|Decision Maker,1111,1
196,DS-MVTec/bottle/image/contamination/004.png,Is there any defect in the object?,Anomaly Detection,eval,121.png,14.341526,-7.418096,-14.646579,3.039816,0.999999,0.000600,0.000000,0.954341,+0.824999,-0.174400,-0.175000,+0.779341,1,0,0,1,1001,Reference Extractor|Decision Maker,1001,1
197,DS-MVTec/bottle/image/contamination/004.png,There is a defect in the object. Where is the defect?,Defect Localization,eval,121.png,12.156483,-5.951899,-12.296350,2.677011,0.999995,0.002594,0.000005,0.935656,+0.824995,-0.172406,-0.174995,+0.760656,1,0,0,1,1001,Reference Extractor|Decision Maker,1001,1
198,DS-MVTec/bottle/image/contamination/004.png,There is a defect in the object. What is the appearance of the defect?,Defect Description,train,121.png,3.512695,16.738430,6.250941,3.503937,0.971047,1.000000,0.998075,0.970800,+0.796047,+0.825000,+0.823075,+0.795800,1,1,1,1,1111,Reference Extractor|Knowledge Guide|Reasoning Expert|Decision Maker,1111,1
199,DS-MVTec/bottle/image/contamination/004.png,There is a defect in the object. What is the effect of the defect?,Defect Analysis,train,121.png,-5.139788,17.997805,11.180856,2.674796,0.005825,1.000000,0.999986,0.935523,-0.169175,+0.825000,+0.824986,+0.760523,0,1,1,1,0111,Knowledge Guide|Reasoning Expert|Decision Maker,0111,1
200,DS-MVTec/bottle/image/contamination/005.png,Is there any defect in the object?,Anomaly Detection,train,073.png,16.035975,-7.494963,-15.496208,3.234954,1.000000,0.000556,0.000000,0.962129,+0.825000,-0.174444,-0.175000,+0.787129,1,0,0,1,1001,Reference Extractor|Decision Maker,1001,1
201,DS-MVTec/bottle/image/contamination/005.png,There is a defect in the object. What is the type of the defect?,Defect Classification,eval,073.png,13.195388,6.009737,-5.786863,3.899559,0.999998,0.997551,0.003058,0.980151,+0.824998,+0.822551,-0.171942,+0.805151,1,1,0,1,1101,Reference Extractor|Knowledge Guide|Decision Maker,1101,1
202,DS-MVTec/bottle/image/contamination/005.png,There is a defect in the object. What is the appearance of the defect?,Defect Description,train,073.png,5.301927,17.340023,5.730698,3.762205,0.995043,1.000000,0.996766,0.977295,+0.820043,+0.825000,+0.821766,+0.802295,1,1,1,1,1111,Reference Extractor|Knowledge Guide|Reasoning Expert|Decision Maker,1111,1
203,DS-MVTec/bottle/image/contamination/005.png,There is a defect in the object. What is the effect of the defect?,Defect Analysis,train,073.png,-3.868444,18.814751,11.018496,2.881337,0.020463,1.000000,0.999984,0.946916,-0.154537,+0.825000,+0.824984,+0.771916,0,1,1,1,0111,Knowledge Guide|Reasoning Expert|Decision Maker,0111,1
204,DS-MVTec/bottle/image/contamination/006.png,Is there any defect in the object?,Anomaly Detection,eval,134.png,15.135593,-7.552246,-15.157590,3.148617,1.000000,0.000525,0.000000,0.958854,+0.825000,-0.174475,-0.175000,+0.783854,1,0,0,1,1001,Reference Extractor|Decision Maker,1001,1
205,DS-MVTec/bottle/image/contamination/006.png,There is a defect in the object. What is the type of the defect?,Defect Classification,eval,134.png,12.361127,5.275417,-5.857043,3.750160,0.999996,0.994910,0.002852,0.977026,+0.824996,+0.819910,-0.172148,+0.802026,1,1,0,1,1101,Reference Extractor|Knowledge Guide|Decision Maker,1101,1
206,DS-MVTec/bottle/image/contamination/006.png,There is a defect in the object. Where is the defect?,Defect Localization,train,134.png,13.059401,-6.122717,-12.874724,2.781147,0.999998,0.002188,0.000003,0.941649,+0.824998,-0.172812,-0.174997,+0.766649,1,0,0,1,1001,Reference Extractor|Decision Maker,1001,1
207,DS-MVTec/bottle/image/contamination/006.png,There is a defect in the object. What is the appearance of the defect?,Defect Description,train,134.png,4.468629,16.602211,5.659667,3.612088,0.988667,1.000000,0.996528,0.973714,+0.813667,+0.825000,+0.821528,+0.798714,1,1,1,1,1111,Reference Extractor|Knowledge Guide|Reasoning Expert|Decision Maker,1111,1
208,DS-MVTec/bottle/image/contamination/006.png,There is a defect in the object. What is the effect of the defect?,Defect Analysis,eval,134.png,-4.586839,18.081146,10.962420,2.725444,0.010082,1.000000,0.999983,0.938511,-0.164918,+0.825000,+0.824983,+0.763511,0,1,1,1,0111,Knowledge Guide|Reasoning Expert|Decision Maker,0111,1
209,DS-MVTec/bottle/image/contamination/007.png,Is there any defect in the object?,Anomaly Detection,eval,092.png,13.099216,-7.041124,-13.666930,2.842916,0.999998,0.000874,0.000001,0.944951,+0.824998,-0.174126,-0.174999,+0.769951,1,0,0,1,1001,Reference Extractor|Decision Maker,1001,1
210,DS-MVTec/bottle/image/contamination/007.png,There is a defect in the object. What is the type of the defect?,Defect Classification,eval,092.png,9.896532,5.527432,-4.266083,3.411774,0.999950,0.996040,0.013842,0.968071,+0.824950,+0.821039,-0.161158,+0.793070,1,1,0,1,1101,Reference Extractor|Knowledge Guide|Decision Maker,1101,1
211,DS-MVTec/bottle/image/contamination/007.png,There is a defect in the object. Where is the defect?,Defect Localization,train,092.png,10.791809,-5.629172,-11.261391,2.471704,0.999979,0.003579,0.000013,0.922134,+0.824979,-0.171421,-0.174987,+0.747134,1,0,0,1,1001,Reference Extractor|Decision Maker,1001,1
212,DS-MVTec/bottle/image/contamination/007.png,There is a defect in the object. What is the effect of the defect on the product?,Defect Analysis,train,092.png,-4.406890,15.751335,9.711525,2.451499,0.012046,1.000000,0.999939,0.920671,-0.162954,+0.825000,+0.824939,+0.745671,0,1,1,1,0111,Knowledge Guide|Reasoning Expert|Decision Maker,0111,1
213,DS-MVTec/bottle/image/contamination/008.png,Is there any defect in the object?,Anomaly Detection,train,201.png,14.756432,-7.334287,-14.753737,3.070553,1.000000,0.000652,0.000000,0.955662,+0.825000,-0.174348,-0.175000,+0.780662,1,0,0,1,1001,Reference Extractor|Decision Maker,1001,1
214,DS-MVTec/bottle/image/contamination/008.png,There is a defect in the object. What is the type of the defect?,Defect Classification,train,201.png,12.015916,5.508042,-5.492922,3.695641,0.999994,0.995962,0.004099,0.975770,+0.824994,+0.820962,-0.170901,+0.800770,1,1,0,1,1101,Reference Extractor|Knowledge Guide|Decision Maker,1101,1
215,DS-MVTec/bottle/image/contamination/008.png,There is a defect in the object. Where is the defect?,Defect Localization,train,201.png,12.678263,-5.809452,-12.441588,2.726925,0.999997,0.002990,0.000004,0.938597,+0.824997,-0.172010,-0.174996,+0.763597,1,0,0,1,1001,Reference Extractor|Decision Maker,1001,1
216,DS-MVTec/bottle/image/contamination/008.png,There is a defect in the object. What is the appearance of the defect?,Defect Description,train,201.png,4.187499,16.752476,5.928223,3.563121,0.985043,1.000000,0.997344,0.972431,+0.810043,+0.825000,+0.822344,+0.797431,1,1,1,1,1111,Reference Extractor|Knowledge Guide|Reasoning Expert|Decision Maker,1111,1
217,DS-MVTec/bottle/image/contamination/008.png,There is a defect in the object. What could be the effect of the defect?,Defect Analysis,train,201.png,-5.285852,17.787245,11.153467,2.651890,0.005037,1.000000,0.999986,0.934127,-0.169963,+0.825000,+0.824986,+0.759127,0,1,1,1,0111,Knowledge Guide|Reasoning Expert|Decision Maker,0111,1
218,DS-MVTec/bottle/image/contamination/009.png,Is there any defect in the object?,Anomaly Detection,train,125.png,15.059614,-7.410427,-14.966372,3.114820,1.000000,0.000605,0.000000,0.957500,+0.825000,-0.174395,-0.175000,+0.782500,1,0,0,1,1001,Reference Extractor|Decision Maker,1001,1
219,DS-MVTec/bottle/image/contamination/009.png,There is a defect in the object. What is the type of the defect?,Defect Classification,eval,125.png,12.367912,5.370689,-5.754073,3.727924,0.999996,0.995371,0.003160,0.976522,+0.824996,+0.820371,-0.171840,+0.801522,1,1,0,1,1101,Reference Extractor|Knowledge Guide|Decision Maker,1101,1
220,DS-MVTec/bottle/image/contamination/009.png,There is a defect in the object. Where is the defect?,Defect Localization,train,125.png,13.013444,-5.949460,-12.696132,2.759875,0.999998,0.002600,0.000003,0.940469,+0.824998,-0.172400,-0.174997,+0.765469,1,0,0,1,1001,Reference Extractor|Decision Maker,1001,1
221,DS-MVTec/bottle/image/contamination/009.png,There is a defect in the object. What is the appearance of the defect?,Defect Description,eval,125.png,4.512558,16.648815,5.706506,3.593062,0.989149,1.000000,0.996687,0.973223,+0.814149,+0.825000,+0.821687,+0.798223,1,1,1,1,1111,Reference Extractor|Knowledge Guide|Reasoning Expert|Decision Maker,1111,1
222,DS-MVTec/bottle/image/contamination/009.png,There is a defect in the object. What effect does the defect have on the object?,Defect Analysis,eval,125.png,-6.000815,19.962238,12.563656,2.954583,0.002471,1.000000,0.999997,0.950480,-0.172529,+0.825000,+0.824997,+0.775480,0,1,1,1,0111,Knowledge Guide|Reasoning Expert|Decision Maker,0111,1
223,DS-MVTec/bottle/image/contamination/010.png,Is there any defect in the object?,Anomaly Detection,train,156.png,14.559926,-7.265827,-14.583535,3.035598,1.000000,0.000699,0.000000,0.954157,+0.825000,-0.174301,-0.175000,+0.779157,1,0,0,1,1001,Reference Extractor|Decision Maker,1001,1
224,DS-MVTec/bottle/image/contamination/010.png,There is a defect in the object. What is the type of the defect?,Defect Classification,train,156.png,11.910973,5.356248,-5.492882,3.647465,0.999993,0.995304,0.004099,0.974605,+0.824993,+0.820304,-0.170901,+0.799605,1,1,0,1,1101,Reference Extractor|Knowledge Guide|Decision Maker,1101,1
225,DS-MVTec/bottle/image/contamination/010.png,There is a defect in the object. Where is the defect?,Defect Localization,eval,156.png,12.502357,-5.819959,-12.322209,2.685572,0.999996,0.002959,0.000004,0.936170,+0.824996,-0.172041,-0.174996,+0.761170,1,0,0,1,1001,Reference Extractor|Decision Maker,1001,1
226,DS-MVTec/bottle/image/contamination/010.png,There is a defect in the object. What is the appearance of the defect?,Defect Description,train,156.png,4.087903,16.589844,5.916068,3.515579,0.983502,1.000000,0.997311,0.971128,+0.808502,+0.825000,+0.822311,+0.796128,1,1,1,1,1111,Reference Extractor|Knowledge Guide|Reasoning Expert|Decision Maker,1111,1
227,DS-MVTec/bottle/image/contamination/010.png,There is a defect in the object. What is the potential effect of the defect on the bottle?,Defect Analysis,eval,156.png,-6.393010,18.784695,12.174429,2.853184,0.001670,1.000000,0.999995,0.945483,-0.173330,+0.825000,+0.824995,+0.770483,0,1,1,1,0111,Knowledge Guide|Reasoning Expert|Decision Maker,0111,1
228,DS-MVTec/bottle/image/contamination/011.png,Is there any defect in the object?,Anomaly Detection,train,014.png,14.983447,-7.452141,-14.979185,3.115122,1.000000,0.000580,0.000000,0.957512,+0.825000,-0.174420,-0.175000,+0.782512,1,0,0,1,1001,Reference Extractor|Decision Maker,1001,1
229,DS-MVTec/bottle/image/contamination/011.png,There is a defect in the object. What is the type of the defect?,Defect Classification,train,014.png,12.119541,5.642052,-5.496632,3.746604,0.999995,0.996467,0.004084,0.976946,+0.824995,+0.821467,-0.170916,+0.801946,1,1,0,1,1101,Reference Extractor|Knowledge Guide|Decision Maker,1101,1
230,DS-MVTec/bottle/image/contamination/011.png,There is a defect in the object. Where is the defect?,Defect Localization,eval,014.png,12.846742,-5.825791,-12.571355,2.770188,0.999997,0.002942,0.000003,0.941043,+0.824997,-0.172058,-0.174997,+0.766043,1,0,0,1,1001,Reference Extractor|Decision Maker,1001,1
231,DS-MVTec/bottle/image/contamination/011.png,There is a defect in the object. What is the appearance of the defect?,Defect Description,train,014.png,4.251583,16.937904,5.983551,3.610713,0.985958,1.000000,0.997486,0.973679,+0.810958,+0.825000,+0.822486,+0.798679,1,1,1,1,1111,Reference Extractor|Knowledge Guide|Reasoning Expert|Decision Maker,1111,1
232,DS-MVTec/bottle/image/contamination/011.png,There is a defect in the object. What may be the effect of the defect?,Defect Analysis,train,014.png,-4.070577,16.874479,10.113487,2.627056,0.016781,1.000000,0.999959,0.932583,-0.158219,+0.825000,+0.824959,+0.757583,0,1,1,1,0111,Knowledge Guide|Reasoning Expert|Decision Maker,0111,1
233,DS-MVTec/bottle/image/contamination/012.png,Is there any defect in the object?,Anomaly Detection,eval,134.png,15.136797,-7.518091,-15.124174,3.143078,1.000000,0.000543,0.000000,0.958635,+0.825000,-0.174457,-0.175000,+0.783635,1,0,0,1,1001,Reference Extractor|Decision Maker,1001,1
234,DS-MVTec/bottle/image/contamination/012.png,There is a defect in the object. What is the type of the defect?,Defect Classification,train,134.png,12.472736,5.091866,-6.015667,3.735115,0.999996,0.993891,0.002434,0.976686,+0.824996,+0.818891,-0.172566,+0.801686,1,1,0,1,1101,Reference Extractor|Knowledge Guide|Decision Maker,1101,1
235,DS-MVTec/bottle/image/contamination/012.png,There is a defect in the object. Where is the defect?,Defect Localization,train,134.png,13.106493,-6.153129,-12.906032,2.775522,0.999998,0.002122,0.000002,0.941339,+0.824998,-0.172878,-0.174998,+0.766339,1,0,0,1,1001,Reference Extractor|Decision Maker,1001,1
236,DS-MVTec/bottle/image/contamination/012.png,There is a defect in the object. What is the appearance of the defect?,Defect Description,eval,134.png,4.595586,16.403028,5.480911,3.598530,0.990005,1.000000,0.995852,0.973365,+0.815005,+0.825000,+0.820852,+0.798365,1,1,1,1,1111,Reference Extractor|Knowledge Guide|Reasoning Expert|Decision Maker,1111,1
237,DS-MVTec/bottle/image/contamination/012.png,There is a defect in the object. What is the effect of the defect?,Defect Analysis,eval,134.png,-4.443630,17.873541,10.787587,2.708226,0.011617,1.000000,0.999979,0.937510,-0.163383,+0.825000,+0.824979,+0.762510,0,1,1,1,0111,Knowledge Guide|Reasoning Expert|Decision Maker,0111,1
238,DS-MVTec/bottle/image/contamination/013.png,Is there any defect in the object?,Anomaly Detection,train,023.png,13.657370,-7.095091,-13.971851,2.908136,0.999999,0.000828,0.000001,0.948247,+0.824999,-0.174172,-0.174999,+0.773247,1,0,0,1,1001,Reference Extractor|Decision Maker,1001,1
239,DS-MVTec/bottle/image/contamination/013.png,There is a defect in the object. What is the type of the defect?,Defect Classification,eval,023.png,10.416298,6.703347,-3.883936,3.603150,0.999970,0.998775,0.020155,0.973484,+0.824970,+0.823775,-0.154845,+0.798484,1,1,0,1,1101,Reference Extractor|Knowledge Guide|Decision Maker,1101,1
240,DS-MVTec/bottle/image/contamination/013.png,There is a defect in the object. Where is the defect?,Defect Localization,eval,023.png,11.214302,-4.883728,-11.085711,2.617879,0.999987,0.007512,0.000015,0.932003,+0.824987,-0.167488,-0.174985,+0.757003,1,0,0,1,1001,Reference Extractor|Decision Maker,1001,1
241,DS-MVTec/bottle/image/contamination/013.png,There is a defect in the object. What is the appearance of the defect?,Defect Description,eval,023.png,2.562299,17.869122,7.391034,3.495219,0.928395,1.000000,0.999384,0.970551,+0.753395,+0.825000,+0.824384,+0.795551,1,1,1,1,1111,Reference Extractor|Knowledge Guide|Reasoning Expert|Decision Maker,1111,1
242,DS-MVTec/bottle/image/contamination/014.png,Is there any defect in the object?,Anomaly Detection,eval,066.png,15.446680,-7.581336,-15.317467,3.185533,1.000000,0.000510,0.000000,0.960286,+0.825000,-0.174490,-0.175000,+0.785286,1,0,0,1,1001,Reference Extractor|Decision Maker,1001,1
243,DS-MVTec/bottle/image/contamination/014.png,There is a defect in the object. What is the type of the defect?,Defect Classification,train,066.png,12.771903,5.258024,-6.054931,3.794677,0.999997,0.994821,0.002341,0.978005,+0.824997,+0.819821,-0.172659,+0.803005,1,1,0,1,1101,Reference Extractor|Knowledge Guide|Decision Maker,1101,1
244,DS-MVTec/bottle/image/contamination/014.png,There is a defect in the object. Where is the defect?,Defect Localization,train,066.png,13.459358,-6.147433,-13.071424,2.825622,0.999999,0.002134,0.000002,0.944045,+0.824999,-0.172866,-0.174998,+0.769045,1,0,0,1,1001,Reference Extractor|Decision Maker,1001,1
245,DS-MVTec/bottle/image/contamination/014.png,There is a defect in the object. What is the appearance of the defect?,Defect Description,train,066.png,4.869618,16.604874,5.482584,3.655893,0.992382,1.000000,0.995859,0.974812,+0.817382,+0.825000,+0.820859,+0.799812,1,1,1,1,1111,Reference Extractor|Knowledge Guide|Reasoning Expert|Decision Maker,1111,1
246,DS-MVTec/bottle/image/contamination/015.png,Is there any defect in the object?,Anomaly Detection,train,190.png,13.701359,-7.203440,-14.119054,2.933916,0.999999,0.000743,0.000001,0.949498,+0.824999,-0.174257,-0.174999,+0.774498,1,0,0,1,1001,Reference Extractor|Decision Maker,1001,1
247,DS-MVTec/bottle/image/contamination/015.png,There is a defect in the object. What is the type of the defect?,Defect Classification,eval,190.png,10.745608,5.310544,-4.900171,3.513074,0.999978,0.995085,0.007390,0.971057,+0.824978,+0.820085,-0.167610,+0.796057,1,1,0,1,1101,Reference Extractor|Knowledge Guide|Decision Maker,1101,1
248,DS-MVTec/bottle/image/contamination/015.png,There is a defect in the object. Where is the defect?,Defect Localization,train,190.png,11.493398,-5.876297,-11.833258,2.563765,0.999990,0.002797,0.000007,0.928493,+0.824990,-0.172203,-0.174993,+0.753493,1,0,0,1,1001,Reference Extractor|Decision Maker,1001,1
249,DS-MVTec/bottle/image/contamination/015.png,There is a defect in the object. What is the appearance of the defect?,Defect Description,eval,190.png,2.923064,16.551434,6.507080,3.383431,0.948975,1.000000,0.998509,0.967183,+0.773975,+0.825000,+0.823509,+0.792183,1,1,1,1,1111,Reference Extractor|Knowledge Guide|Reasoning Expert|Decision Maker,1111,1
250,DS-MVTec/bottle/image/contamination/015.png,There is a defect in the object. What is the likely effect of the defect?,Defect Analysis,eval,190.png,-5.203722,16.703047,10.559364,2.524295,0.005466,1.000000,0.999974,0.925828,-0.169534,+0.825000,+0.824974,+0.750828,0,1,1,1,0111,Knowledge Guide|Reasoning Expert|Decision Maker,0111,1
251,DS-MVTec/bottle/image/contamination/016.png,Is there any defect in the object?,Anomaly Detection,eval,134.png,14.108761,-7.291585,-14.400546,2.991502,0.999999,0.000681,0.000001,0.952189,+0.824999,-0.174319,-0.174999,+0.777189,1,0,0,1,1001,Reference Extractor|Decision Maker,1001,1
252,DS-MVTec/bottle/image/contamination/016.png,There is a defect in the object. Where is the defect?,Defect Localization,train,134.png,11.936243,-5.851156,-12.074999,2.631185,0.999993,0.002868,0.000006,0.932842,+0.824993,-0.172132,-0.174994,+0.757842,1,0,0,1,1001,Reference Extractor|Decision Maker,1001,1
253,DS-MVTec/bottle/image/contamination/016.png,There is a defect in the object. What is the appearance of the defect?,Defect Description,eval,134.png,3.395202,16.687626,6.315212,3.461092,0.967554,1.000000,0.998195,0.969560,+0.792554,+0.825000,+0.823195,+0.794560,1,1,1,1,1111,Reference Extractor|Knowledge Guide|Reasoning Expert|Decision Maker,1111,1
254,DS-MVTec/bottle/image/contamination/016.png,There is a defect in the object. What is the possible effect of the defect?,Defect Analysis,train,134.png,-4.778920,18.374390,11.204309,2.733006,0.008335,1.000000,0.999986,0.938946,-0.166665,+0.825000,+0.824986,+0.763946,0,1,1,1,0111,Knowledge Guide|Reasoning Expert|Decision Maker,0111,1
255,DS-MVTec/bottle/image/contamination/017.png,Is there any defect in the object?,Anomaly Detection,eval,058.png,15.193903,-7.488193,-15.105865,3.142443,1.000000,0.000559,0.000000,0.958610,+0.825000,-0.174441,-0.175000,+0.783610,1,0,0,1,1001,Reference Extractor|Decision Maker,1001,1
256,DS-MVTec/bottle/image/contamination/017.png,There is a defect in the object. What is the type of the defect?,Defect Classification,train,058.png,12.454891,5.465359,-5.748694,3.761612,0.999996,0.995787,0.003177,0.977282,+0.824996,+0.820787,-0.171823,+0.802282,1,1,0,1,1101,Reference Extractor|Knowledge Guide|Decision Maker,1101,1
257,DS-MVTec/bottle/image/contamination/017.png,There is a defect in the object. Where is the defect?,Defect Localization,train,058.png,13.145888,-5.971658,-12.791121,2.788248,0.999998,0.002544,0.000003,0.942037,+0.824998,-0.172456,-0.174997,+0.767037,1,0,0,1,1001,Reference Extractor|Decision Maker,1001,1
258,DS-MVTec/bottle/image/contamination/017.png,There is a defect in the object. What is the effect of the defect?,Defect Analysis,eval,058.png,-4.446788,18.193687,10.968251,2.746742,0.011580,1.000000,0.999983,0.939729,-0.163420,+0.825000,+0.824983,+0.764729,0,1,1,1,0111,Knowledge Guide|Reasoning Expert|Decision Maker,0111,1
259,DS-MVTec/bottle/image/contamination/018.png,Is there any defect in the object?,Anomaly Detection,train,066.png,14.477563,-7.417647,-14.691762,3.051859,1.000000,0.000600,0.000000,0.954863,+0.825000,-0.174400,-0.175000,+0.779863,1,0,0,1,1001,Reference Extractor|Decision Maker,1001,1
260,DS-MVTec/bottle/image/contamination/018.png,There is a defect in the object. What is the type of the defect?,Defect Classification,train,066.png,11.572901,5.548885,-5.233793,3.666873,0.999991,0.996123,0.005305,0.975081,+0.824991,+0.821123,-0.169695,+0.800081,1,1,0,1,1101,Reference Extractor|Knowledge Guide|Decision Maker,1101,1
261,DS-MVTec/bottle/image/contamination/018.png,There is a defect in the object. Where is the defect?,Defect Localization,eval,066.png,12.318206,-5.913680,-12.322427,2.692078,0.999996,0.002695,0.000004,0.936558,+0.824996,-0.172305,-0.174996,+0.761558,1,0,0,1,1001,Reference Extractor|Decision Maker,1001,1
262,DS-MVTec/bottle/image/contamination/018.png,There is a defect in the object. What is the appearance of the defect?,Defect Description,train,066.png,3.678744,16.878927,6.283328,3.529584,0.975367,1.000000,0.998136,0.971518,+0.800367,+0.825000,+0.823136,+0.796518,1,1,1,1,1111,Reference Extractor|Knowledge Guide|Reasoning Expert|Decision Maker,1111,1
263,DS-MVTec/bottle/image/contamination/018.png,There is a defect in the object. What could be the effect of the defect?,Defect Analysis,eval,066.png,-5.462453,17.871559,11.288501,2.675893,0.004225,1.000000,0.999987,0.935589,-0.170775,+0.825000,+0.824987,+0.760589,0,1,1,1,0111,Knowledge Guide|Reasoning Expert|Decision Maker,0111,1
264,DS-MVTec/bottle/image/contamination/019.png,Is there any defect in the object?,Anomaly Detection,train,147.png,14.245491,-7.406394,-14.589452,3.027836,0.999999,0.000607,0.000000,0.953816,+0.824999,-0.174393,-0.175000,+0.778816,1,0,0,1,1001,Reference Extractor|Decision Maker,1001,1
265,DS-MVTec/bottle/image/contamination/019.png,There is a defect in the object. Where is the defect?,Defect Localization,train,147.png,12.051085,-5.991014,-12.257995,2.659111,0.999994,0.002495,0.000005,0.934570,+0.824994,-0.172505,-0.174995,+0.759570,1,0,0,1,1001,Reference Extractor|Decision Maker,1001,1
266,DS-MVTec/bottle/image/contamination/019.png,There is a defect in the object. What does the defect suggest about its nature?,Defect Analysis,train,147.png,-2.843935,12.227842,7.012622,2.249136,0.054996,0.999995,0.999100,0.904576,-0.120004,+0.824995,+0.824100,+0.729576,0,1,1,1,0111,Knowledge Guide|Reasoning Expert|Decision Maker,0111,1
267,DS-MVTec/bottle/image/contamination/020.png,Is there any defect in the object?,Anomaly Detection,train,201.png,14.932467,-7.481465,-14.989291,3.114734,1.000000,0.000563,0.000000,0.957496,+0.825000,-0.174437,-0.175000,+0.782496,1,0,0,1,1001,Reference Extractor|Decision Maker,1001,1
268,DS-MVTec/bottle/image/contamination/020.png,There is a defect in the object. What is the type of the defect?,Defect Classification,train,201.png,12.210295,5.224338,-5.797097,3.717011,0.999995,0.994645,0.003027,0.976270,+0.824995,+0.819645,-0.171973,+0.801270,1,1,0,1,1101,Reference Extractor|Knowledge Guide|Decision Maker,1101,1
269,DS-MVTec/bottle/image/contamination/020.png,There is a defect in the object. Where is the defect?,Defect Localization,train,201.png,12.857470,-6.062698,-12.721602,2.752187,0.999997,0.002323,0.000003,0.940037,+0.824997,-0.172677,-0.174997,+0.765037,1,0,0,1,1001,Reference Extractor|Decision Maker,1001,1
270,DS-MVTec/bottle/image/contamination/020.png,There is a defect in the object. What is the appearance of the defect?,Defect Description,train,201.png,4.347815,16.517315,5.678561,3.581638,0.987230,1.000000,0.996593,0.972923,+0.812230,+0.825000,+0.821593,+0.797923,1,1,1,1,1111,Reference Extractor|Knowledge Guide|Reasoning Expert|Decision Maker,1111,1
271,DS-MVTec/bottle/image/contamination/020.png,There is a defect in the object. What does the defect suggest?,Defect Analysis,eval,201.png,3.987223,5.457809,-0.968875,2.598047,0.981787,0.995755,0.275105,0.930736,+0.806787,+0.820755,+0.100105,+0.755736,1,1,1,1,1111,Reference Extractor|Knowledge Guide|Reasoning Expert|Decision Maker,0111,0
272,DS-MVTec/bottle/image/good/000.png,Is there any defect in the object?,Anomaly Detection,eval,189.png,13.851863,-7.262038,-14.261037,2.962097,0.999999,0.000701,0.000001,0.950832,+0.824999,-0.174299,-0.174999,+0.775832,1,0,0,1,1001,Reference Extractor|Decision Maker,1001,1
273,DS-MVTec/bottle/image/good/001.png,Is there any defect in the object?,Anomaly Detection,train,050.png,14.063331,-7.328382,-14.427283,2.995301,0.999999,0.000656,0.000001,0.952361,+0.824999,-0.174344,-0.174999,+0.777361,1,0,0,1,1001,Reference Extractor|Decision Maker,1001,1
274,DS-MVTec/bottle/image/good/002.png,Is there any defect in the object?,Anomaly Detection,train,183.png,14.390742,-7.367147,-14.619536,3.037000,0.999999,0.000631,0.000000,0.954218,+0.824999,-0.174369,-0.175000,+0.779218,1,0,0,1,1001,Reference Extractor|Decision Maker,1001,1
275,DS-MVTec/bottle/image/good/003.png,Is there any defect in the object?,Anomaly Detection,train,172.png,13.962251,-7.305584,-14.358462,2.981344,0.999999,0.000671,0.000001,0.951724,+0.824999,-0.174329,-0.174999,+0.776724,1,0,0,1,1001,Reference Extractor|Decision Maker,1001,1
276,DS-MVTec/bottle/image/good/004.png,Is there any defect in the object?,Anomaly Detection,train,149.png,13.958458,-7.275662,-14.321630,2.974699,0.999999,0.000692,0.000001,0.951418,+0.824999,-0.174308,-0.174999,+0.776418,1,0,0,1,1001,Reference Extractor|Decision Maker,1001,1
277,DS-MVTec/bottle/image/good/005.png,Is there any defect in the object?,Anomaly Detection,train,204.png,14.112233,-7.351451,-14.473628,3.004450,0.999999,0.000641,0.000001,0.952775,+0.824999,-0.174359,-0.174999,+0.777775,1,0,0,1,1001,Reference Extractor|Decision Maker,1001,1
278,DS-MVTec/bottle/image/good/006.png,Is there any defect in the object?,Anomaly Detection,eval,103.png,14.557810,-7.401975,-14.722217,3.059009,1.000000,0.000610,0.000000,0.955170,+0.825000,-0.174390,-0.175000,+0.780170,1,0,0,1,1001,Reference Extractor|Decision Maker,1001,1
279,DS-MVTec/bottle/image/good/007.png,Is there any defect in the object?,Anomaly Detection,train,047.png,13.742875,-7.189046,-14.131768,2.937025,0.999999,0.000754,0.000001,0.949647,+0.824999,-0.174246,-0.174999,+0.774647,1,0,0,1,1001,Reference Extractor|Decision Maker,1001,1
280,DS-MVTec/bottle/image/good/008.png,Is there any defect in the object?,Anomaly Detection,eval,172.png,14.379723,-7.414174,-14.657845,3.042814,0.999999,0.000602,0.000000,0.954471,+0.824999,-0.174398,-0.175000,+0.779471,1,0,0,1,1001,Reference Extractor|Decision Maker,1001,1
281,DS-MVTec/bottle/image/good/009.png,Is there any defect in the object?,Anomaly Detection,train,138.png,13.825176,-7.261745,-14.248798,2.959560,0.999999,0.000701,0.000001,0.950713,+0.824999,-0.174299,-0.174999,+0.775713,1,0,0,1,1001,Reference Extractor|Decision Maker,1001,1
282,DS-MVTec/bottle/image/good/010.png,Is there any defect in the object?,Anomaly Detection,eval,206.png,13.542164,-7.180993,-14.038622,2.916616,0.999999,0.000760,0.000001,0.948662,+0.824999,-0.174240,-0.174999,+0.773662,1,0,0,1,1001,Reference Extractor|Decision Maker,1001,1
283,DS-MVTec/bottle/image/good/011.png,Is there any defect in the object?,Anomaly Detection,eval,104.png,13.946826,-7.273265,-14.312362,2.972858,0.999999,0.000693,0.000001,0.951333,+0.824999,-0.174307,-0.174999,+0.776333,1,0,0,1,1001,Reference Extractor|Decision Maker,1001,1
284,DS-MVTec/bottle/image/good/012.png,Is there any defect in the object?,Anomaly Detection,train,199.png,14.248201,-7.357894,-14.538491,3.018737,0.999999,0.000637,0.000000,0.953413,+0.824999,-0.174363,-0.175000,+0.778413,1,0,0,1,1001,Reference Extractor|Decision Maker,1001,1
285,DS-MVTec/bottle/image/good/013.png,Is there any defect in the object?,Anomaly Detection,train,025.png,13.829369,-7.296050,-14.288110,2.966442,0.999999,0.000678,0.000001,0.951035,+0.824999,-0.174322,-0.174999,+0.776035,1,0,0,1,1001,Reference Extractor|Decision Maker,1001,1
286,DS-MVTec/bottle/image/good/014.png,Is there any defect in the object?,Anomaly Detection,train,142.png,13.875082,-7.261590,-14.267323,2.963665,0.999999,0.000701,0.000001,0.950905,+0.824999,-0.174298,-0.174999,+0.775905,1,0,0,1,1001,Reference Extractor|Decision Maker,1001,1
287,DS-MVTec/bottle/image/good/015.png,Is there any defect in the object?,Anomaly Detection,train,134.png,13.831363,-7.235196,-14.222116,2.954607,0.999999,0.000720,0.000001,0.950481,+0.824999,-0.174280,-0.174999,+0.775481,1,0,0,1,1001,Reference Extractor|Decision Maker,1001,1
288,DS-MVTec/bottle/image/good/016.png,Is there any defect in the object?,Anomaly Detection,eval,187.png,13.915742,-7.297373,-14.327044,2.975017,0.999999,0.000677,0.000001,0.951433,+0.824999,-0.174323,-0.174999,+0.776433,1,0,0,1,1001,Reference Extractor|Decision Maker,1001,1
289,DS-MVTec/bottle/image/good/017.png,Is there any defect in the object?,Anomaly Detection,eval,179.png,13.493471,-7.150272,-13.978569,2.905261,0.999999,0.000784,0.000001,0.948106,+0.824999,-0.174216,-0.174999,+0.773106,1,0,0,1,1001,Reference Extractor|Decision Maker,1001,1
290,DS-MVTec/bottle/image/good/018.png,Is there any defect in the object?,Anomaly Detection,train,134.png,13.994891,-7.265326,-14.325755,2.976109,0.999999,0.000699,0.000001,0.951483,+0.824999,-0.174301,-0.174999,+0.776483,1,0,0,1,1001,Reference Extractor|Decision Maker,1001,1
291,DS-MVTec/bottle/image/good/019.png,Is there any defect in the object?,Anomaly Detection,train,161.png,13.596471,-7.153520,-14.023722,2.915143,0.999999,0.000781,0.000001,0.948590,+0.824999,-0.174219,-0.174999,+0.773590,1,0,0,1,1001,Reference Extractor|Decision Maker,1001,1
292,DS-MVTec/cable/image/bent_wire/000.png,Is there any defect in the object?,Anomaly Detection,eval,028.png,15.326219,-7.623866,-15.248678,3.169128,1.000000,0.000488,0.000000,0.959656,+0.825000,-0.174512,-0.175000,+0.784656,1,0,0,1,1001,Reference Extractor|Decision Maker,1001,1
293,DS-MVTec/cable/image/bent_wire/000.png,There is a defect in the object. What is the type of the defect?,Defect Classification,train,028.png,12.726947,4.793612,-6.202320,3.721418,0.999997,0.991785,0.002021,0.976372,+0.824997,+0.816785,-0.172979,+0.801372,1,1,0,1,1101,Reference Extractor|Knowledge Guide|Decision Maker,1101,1
294,DS-MVTec/cable/image/bent_wire/000.png,There is a defect in the object. Where is the defect?,Defect Localization,train,028.png,13.320572,-6.379487,-13.050902,2.771919,0.999998,0.001693,0.000002,0.941139,+0.824998,-0.173307,-0.174998,+0.766139,1,0,0,1,1001,Reference Extractor|Decision Maker,1001,1
295,DS-MVTec/cable/image/bent_wire/000.png,There is a defect in the object. What is the appearance of the defect?,Defect Description,train,028.png,4.837914,16.150164,5.336021,3.582927,0.992139,1.000000,0.995208,0.972957,+0.817139,+0.825000,+0.820208,+0.797957,1,1,1,1,1111,Reference Extractor|Knowledge Guide|Reasoning Expert|Decision Maker,1111,1
296,DS-MVTec/cable/image/bent_wire/000.png,There is a defect in the object. What could be the effect of the defect?,Defect Analysis,eval,028.png,-5.210404,17.560215,11.052772,2.618600,0.005430,1.000000,0.999984,0.932049,-0.169570,+0.825000,+0.824984,+0.757049,0,1,1,1,0111,Knowledge Guide|Reasoning Expert|Decision Maker,0111,1
297,DS-MVTec/cable/image/bent_wire/001.png,Is there any defect in the object?,Anomaly Detection,train,082.png,15.495779,-7.745920,-15.477982,3.212900,1.000000,0.000432,0.000000,0.961317,+0.825000,-0.174568,-0.175000,+0.786317,1,0,0,1,1001,Reference Extractor|Decision Maker,1001,1
298,DS-MVTec/cable/image/bent_wire/001.png,There is a defect in the object. What is the type of the defect?,Defect Classification,train,082.png,12.693579,4.959946,-6.175310,3.775949,0.999997,0.993035,0.002076,0.977598,+0.824997,+0.818035,-0.172924,+0.802598,1,1,0,1,1101,Reference Extractor|Knowledge Guide|Decision Maker,1101,1
299,DS-MVTec/cable/image/bent_wire/001.png,There is a defect in the object. What is the appearance of the defect?,Defect Description,eval,082.png,4.784179,16.328287,5.381777,3.636505,0.991708,1.000000,0.995421,0.974332,+0.816708,+0.825000,+0.820421,+0.799332,1,1,1,1,1111,Reference Extractor|Knowledge Guide|Reasoning Expert|Decision Maker,1111,1
300,DS-MVTec/cable/image/bent_wire/001.png,There is a defect in the object. What is the effect of the defect on the object?,Defect Analysis,eval,082.png,-5.102910,18.854147,11.608319,2.789455,0.006042,1.000000,0.999991,0.942103,-0.168958,+0.825000,+0.824991,+0.767103,0,1,1,1,0111,Knowledge Guide|Reasoning Expert|Decision Maker,0111,1
301,DS-MVTec/cable/image/bent_wire/002.png,Is there any defect in the object?,Anomaly Detection,train,141.png,16.300959,-7.846912,-15.961513,3.318692,1.000000,0.000391,0.000000,0.965065,+0.825000,-0.174609,-0.175000,+0.790065,1,0,0,1,1001,Reference Extractor|Decision Maker,1001,1
302,DS-MVTec/cable/image/bent_wire/002.png,There is a defect in the object. What is the type of the defect?,Defect Classification,train,141.png,13.607817,5.086500,-6.610079,3.916634,0.999999,0.993858,0.001345,0.980481,+0.824999,+0.818858,-0.173655,+0.805481,1,1,0,1,1101,Reference Extractor|Knowledge Guide|Decision Maker,1101,1
303,DS-MVTec/cable/image/bent_wire/002.png,There is a defect in the object. Where is the defect?,Defect Localization,train,141.png,14.283710,-6.347725,-13.633597,2.945792,0.999999,0.001748,0.000001,0.950064,+0.824999,-0.173252,-0.174999,+0.775064,1,0,0,1,1001,Reference Extractor|Decision Maker,1001,1
304,DS-MVTec/cable/image/bent_wire/002.png,There is a defect in the object. What is the appearance of the defect?,Defect Description,train,141.png,5.708235,16.449156,4.937970,3.777649,0.996692,1.000000,0.992882,0.977635,+0.821692,+0.825000,+0.817882,+0.802635,1,1,1,1,1111,Reference Extractor|Knowledge Guide|Reasoning Expert|Decision Maker,1111,1
305,DS-MVTec/cable/image/bent_wire/002.png,There is a defect in the object. What potential effect could the defect have?,Defect Analysis,train,141.png,-6.124096,19.782124,12.589292,2.944478,0.002185,1.000000,0.999997,0.950002,-0.172815,+0.825000,+0.824997,+0.775002,0,1,1,1,0111,Knowledge Guide|Reasoning Expert|Decision Maker,0111,1
306,DS-MVTec/cable/image/bent_wire/003.png,Is there any defect in the object?,Anomaly Detection,train,055.png,15.951574,-7.858192,-15.794889,3.278501,1.000000,0.000386,0.000000,0.963684,+0.825000,-0.174614,-0.175000,+0.788684,1,0,0,1,1001,Reference Extractor|Decision Maker,1001,1
307,DS-MVTec/cable/image/bent_wire/003.png,There is a defect in the object. What is the type of the defect?,Defect Classification,eval,055.png,13.594894,4.082158,-7.120690,3.782277,0.999999,0.983409,0.000808,0.977736,+0.824999,+0.808409,-0.174192,+0.802736,1,1,0,1,1101,Reference Extractor|Knowledge Guide|Decision Maker,1101,1
308,DS-MVTec/cable/image/bent_wire/003.png,There is a defect in the object. What is the appearance of the defect?,Defect Description,eval,055.png,5.696966,15.443474,4.426036,3.643273,0.996655,1.000000,0.988180,0.974501,+0.821655,+0.825000,+0.813180,+0.799501,1,1,1,1,1111,Reference Extractor|Knowledge Guide|Reasoning Expert|Decision Maker,1111,1
309,DS-MVTec/cable/image/bent_wire/003.png,There is a defect in the object. What additional information is provided about another defect in the cable?,Defect Analysis,eval,055.png,-5.331438,15.732543,10.170018,2.419562,0.004814,1.000000,0.999962,0.918307,-0.170186,+0.825000,+0.824962,+0.743307,0,1,1,1,0111,Knowledge Guide|Reasoning Expert|Decision Maker,0111,1
310,DS-MVTec/cable/image/bent_wire/004.png,Is there any defect in the object?,Anomaly Detection,eval,181.png,14.953212,-7.681559,-15.141351,3.138492,1.000000,0.000461,0.000000,0.958453,+0.825000,-0.174539,-0.175000,+0.783453,1,0,0,1,1001,Reference Extractor|Decision Maker,1001,1
311,DS-MVTec/cable/image/bent_wire/004.png,There is a defect in the object. Where is the defect located?,Defect Localization,train,181.png,9.880748,-4.037050,-9.693030,2.441591,0.999949,0.017343,0.000062,0.919944,+0.824949,-0.157657,-0.174938,+0.744944,1,0,0,1,1001,Reference Extractor|Decision Maker,1001,1
312,DS-MVTec/cable/image/bent_wire/004.png,There is a defect in the object. What is the appearance of the defect?,Defect Description,train,181.png,5.198946,13.997422,3.932778,3.382312,0.994508,0.999999,0.980787,0.967147,+0.819508,+0.824999,+0.805787,+0.792147,1,1,1,1,1111,Reference Extractor|Knowledge Guide|Reasoning Expert|Decision Maker,1111,1
313,DS-MVTec/cable/image/bent_wire/004.png,There is a defect in the object. What is the potential effect of the defect?,Defect Analysis,train,181.png,-5.071422,16.684826,10.577094,2.505060,0.006234,1.000000,0.999974,0.924496,-0.168766,+0.825000,+0.824974,+0.749496,0,1,1,1,0111,Knowledge Guide|Reasoning Expert|Decision Maker,0111,1
314,DS-MVTec/cable/image/bent_wire/005.png,Is there any defect in the object?,Anomaly Detection,train,030.png,14.708668,-7.555519,-14.897869,3.092532,1.000000,0.000523,0.000000,0.956584,+0.825000,-0.174477,-0.175000,+0.781584,1,0,0,1,1001,Reference Extractor|Decision Maker,1001,1
315,DS-MVTec/cable/image/bent_wire/005.png,There is a defect in the object. What is the type of the defect?,Defect Classification,train,030.png,12.136316,4.462088,-6.065688,3.606389,0.999995,0.988593,0.002316,0.973568,+0.824995,+0.813593,-0.172684,+0.798568,1,1,0,1,1101,Reference Extractor|Knowledge Guide|Decision Maker,1101,1
316,DS-MVTec/cable/image/bent_wire/005.png,There is a defect in the object. Where is the defect?,Defect Localization,eval,030.png,12.711216,-6.427183,-12.778120,2.692951,0.999997,0.001614,0.000003,0.936609,+0.824997,-0.173386,-0.174997,+0.761609,1,0,0,1,1001,Reference Extractor|Decision Maker,1001,1
317,DS-MVTec/cable/image/bent_wire/005.png,There is a defect in the object. What is the appearance of the defect?,Defect Description,train,030.png,4.221388,15.833628,5.496486,3.466687,0.985534,1.000000,0.995916,0.969725,+0.810534,+0.825000,+0.820916,+0.794725,1,1,1,1,1111,Reference Extractor|Knowledge Guide|Reasoning Expert|Decision Maker,1111,1
318,DS-MVTec/cable/image/bent_wire/005.png,There is a defect in the object. What is the effect of the defect?,Defect Analysis,train,030.png,-4.790082,17.298880,10.729661,2.596737,0.008243,1.000000,0.999978,0.930651,-0.166757,+0.825000,+0.824978,+0.755651,0,1,1,1,0111,Knowledge Guide|Reasoning Expert|Decision Maker,0111,1
319,DS-MVTec/cable/image/bent_wire/006.png,Is there any defect in the object?,Anomaly Detection,eval,152.png,15.138883,-7.592309,-15.136764,3.144352,1.000000,0.000504,0.000000,0.958686,+0.825000,-0.174496,-0.175000,+0.783686,1,0,0,1,1001,Reference Extractor|Decision Maker,1001,1
320,DS-MVTec/cable/image/bent_wire/006.png,There is a defect in the object. What is the type of the defect?,Defect Classification,train,152.png,12.514297,4.805794,-6.086470,3.691053,0.999996,0.991884,0.002268,0.975661,+0.824996,+0.816884,-0.172732,+0.800661,1,1,0,1,1101,Reference Extractor|Knowledge Guide|Decision Maker,1101,1
321,DS-MVTec/cable/image/bent_wire/006.png,There is a defect in the object. What is the appearance of the defect?,Defect Description,train,152.png,4.622078,16.164190,5.454803,3.552412,0.990263,1.000000,0.995742,0.972143,+0.815263,+0.825000,+0.820742,+0.797143,1,1,1,1,1111,Reference Extractor|Knowledge Guide|Reasoning Expert|Decision Maker,1111,1
322,DS-MVTec/cable/image/bent_wire/006.png,There is a defect in the object. What is the effect of the defect?,Defect Analysis,train,152.png,-4.532506,17.682152,10.791353,2.667847,0.010639,1.000000,0.999979,0.935102,-0.164361,+0.825000,+0.824979,+0.760102,0,1,1,1,0111,Knowledge Guide|Reasoning Expert|Decision Maker,0111,1
323,DS-MVTec/cable/image/bent_wire/007.png,Is there any defect in the object?,Anomaly Detection,train,201.png,15.036590,-7.664305,-15.121892,3.137994,1.000000,0.000469,0.000000,0.958433,+0.825000,-0.174531,-0.175000,+0.783433,1,0,0,1,1001,Reference Extractor|Decision Maker,1001,1
324,DS-MVTec/cable/image/bent_wire/007.png,There are some defects in the object. How many types of defects are present in the cable?,Defect Classification,train,201.png,5.453118,0.716899,-4.216919,2.170365,0.995735,0.671924,0.014530,0.897556,+0.820735,+0.496924,-0.160470,+0.722556,1,1,0,1,1101,Reference Extractor|Knowledge Guide|Decision Maker,1101,1
325,DS-MVTec/cable/image/bent_wire/007.png,There are some defects in the object. Where are the defects located within the cable?,Defect Localization,train,201.png,6.201980,-2.437209,-6.531314,1.965949,0.997979,0.080379,0.001455,0.877175,+0.822979,-0.094621,-0.173545,+0.702175,1,0,0,1,1001,Reference Extractor|Decision Maker,1001,1
326,DS-MVTec/cable/image/bent_wire/007.png,There are some defects in the object. What is the appearance of the defects?,Defect Description,train,201.png,5.203142,11.864649,2.829639,3.112931,0.994531,0.999993,0.944257,0.957423,+0.819531,+0.824993,+0.769257,+0.782423,1,1,1,1,1111,Reference Extractor|Knowledge Guide|Reasoning Expert|Decision Maker,1111,1
327,DS-MVTec/cable/image/bent_wire/008.png,Is there any defect in the object?,Anomaly Detection,train,046.png,15.871977,-7.635025,-15.535108,3.233727,1.000000,0.000483,0.000000,0.962084,+0.825000,-0.174517,-0.175000,+0.787084,1,0,0,1,1001,Reference Extractor|Decision Maker,1001,1
328,DS-MVTec/cable/image/bent_wire/008.png,There is a defect in the object. What is the type of the defect?,Defect Classification,eval,046.png,13.269454,4.992216,-6.386674,3.802230,0.999998,0.993255,0.001681,0.978166,+0.824998,+0.818255,-0.173319,+0.803166,1,1,0,1,1101,Reference Extractor|Knowledge Guide|Decision Maker,1101,1
329,DS-MVTec/cable/image/bent_wire/008.png,There is a defect in the object. Where is the defect?,Defect Localization,train,046.png,13.910509,-6.314036,-13.324336,2.845933,0.999999,0.001807,0.000002,0.945108,+0.824999,-0.173193,-0.174998,+0.770108,1,0,0,1,1001,Reference Extractor|Decision Maker,1001,1
330,DS-MVTec/cable/image/bent_wire/008.png,There is a defect in the object. What is the appearance of the defect?,Defect Description,eval,046.png,5.351314,16.365616,5.178458,3.662377,0.995280,1.000000,0.994395,0.974971,+0.820280,+0.825000,+0.819395,+0.799971,1,1,1,1,1111,Reference Extractor|Knowledge Guide|Reasoning Expert|Decision Maker,1111,1
331,DS-MVTec/cable/image/bent_wire/008.png,There is a defect in the object. How does the defect affect the cable?,Defect Analysis,eval,046.png,-4.578104,13.466017,8.592196,2.150808,0.010170,0.999999,0.999815,0.895744,-0.164830,+0.824999,+0.824815,+0.720744,0,1,1,1,0111,Knowledge Guide|Reasoning Expert|Decision Maker,0111,1
332,DS-MVTec/cable/image/bent_wire/009.png,Is there any defect in the object?,Anomaly Detection,eval,022.png,15.975355,-7.617540,-15.553980,3.240463,1.000000,0.000492,0.000000,0.962329,+0.825000,-0.174508,-0.175000,+0.787329,1,0,0,1,1001,Reference Extractor|Decision Maker,1001,1
333,DS-MVTec/cable/image/bent_wire/009.png,There is a defect in the object. What is the type of the defect?,Defect Classification,train,022.png,13.352446,5.134000,-6.324476,3.821286,0.999998,0.994142,0.001789,0.978570,+0.824998,+0.819142,-0.173211,+0.803570,1,1,0,1,1101,Reference Extractor|Knowledge Guide|Decision Maker,1101,1
334,DS-MVTec/cable/image/bent_wire/009.png,There is a defect in the object. Where is the defect?,Defect Localization,eval,022.png,14.012102,-6.226133,-13.304059,2.859919,0.999999,0.001973,0.000002,0.945829,+0.824999,-0.173027,-0.174998,+0.770829,1,0,0,1,1001,Reference Extractor|Decision Maker,1001,1
335,DS-MVTec/cable/image/bent_wire/009.png,There is a defect in the object. What is the appearance of the defect?,Defect Description,train,022.png,5.444172,16.501688,5.231574,3.681895,0.995697,1.000000,0.994683,0.975443,+0.820697,+0.825000,+0.819683,+0.800443,1,1,1,1,1111,Reference Extractor|Knowledge Guide|Reasoning Expert|Decision Maker,1111,1
336,DS-MVTec/cable/image/bent_wire/009.png,There is a defect in the object. Within which section of insulation is the defect present?,Defect Analysis,train,022.png,-5.230116,18.762161,11.721541,2.750388,0.005324,1.000000,0.999992,0.939935,-0.169676,+0.825000,+0.824992,+0.764935,0,1,1,1,0111,Knowledge Guide|Reasoning Expert|Decision Maker,0111,1
337,DS-MVTec/cable/image/bent_wire/010.png,Is there any defect in the object?,Anomaly Detection,eval,105.png,16.272818,-7.922086,-15.990878,3.319820,1.000000,0.000363,0.000000,0.965102,+0.825000,-0.174637,-0.175000,+0.790102,1,0,0,1,1001,Reference Extractor|Decision Maker,1001,1
338,DS-MVTec/cable/image/bent_wire/010.png,There is a defect in the object. Where is the primary defect located?,Defect Localization,eval,105.png,11.004634,-2.672660,-9.471871,2.722256,0.999983,0.064606,0.000077,0.938327,+0.824983,-0.110394,-0.174923,+0.763327,1,0,0,1,1001,Reference Extractor|Decision Maker,1001,1
339,DS-MVTec/cable/image/bent_wire/010.png,There is a defect in the object. What is the appearance of the primary defect?,Defect Description,eval,105.png,5.965168,14.933487,4.065887,3.583473,0.997440,1.000000,0.983141,0.972972,+0.822440,+0.825000,+0.808141,+0.797972,1,1,1,1,1111,Reference Extractor|Knowledge Guide|Reasoning Expert|Decision Maker,1111,1
340,DS-MVTec/cable/image/bent_wire/010.png,There is a defect in the object. What is the effect of the secondary defect on the cable's functionality?,Defect Analysis,train,105.png,-4.365427,14.885214,9.268338,2.321425,0.012550,1.000000,0.999906,0.910636,-0.162450,+0.825000,+0.824906,+0.735636,0,1,1,1,0111,Knowledge Guide|Reasoning Expert|Decision Maker,0111,1
341,DS-MVTec/cable/image/bent_wire/011.png,Is there any defect in the object?,Anomaly Detection,train,014.png,15.699130,-7.463947,-15.239194,3.180839,1.000000,0.000573,0.000000,0.960107,+0.825000,-0.174427,-0.175000,+0.785107,1,0,0,1,1001,Reference Extractor|Decision Maker,1001,1
342,DS-MVTec/cable/image/bent_wire/011.png,There are some defects in the object. How many types of defects are present in the cable?,Defect Classification,eval,014.png,4.165463,4.054648,-1.646209,2.376302,0.984715,0.982954,0.161622,0.915002,+0.809715,+0.807954,-0.013378,+0.740002,1,1,0,1,1101,Reference Extractor|Knowledge Guide|Decision Maker,1101,1
343,DS-MVTec/cable/image/bent_wire/011.png,There are some defects in the object. What is the appearance of the defects?,Defect Description,train,014.png,4.493880,15.343544,5.158623,3.401843,0.988946,1.000000,0.994283,0.967762,+0.813946,+0.825000,+0.819283,+0.792762,1,1,1,1,1111,Reference Extractor|Knowledge Guide|Reasoning Expert|Decision Maker,1111,1
344,DS-MVTec/cable/image/bent_wire/011.png,There are some defects in the object. What is the likely effect of these defects on the cable's performance?,Defect Analysis,eval,014.png,-5.487436,15.810453,10.287717,2.439275,0.004121,1.000000,0.999966,0.919774,-0.170879,+0.825000,+0.824966,+0.744774,0,1,1,1,0111,Knowledge Guide|Reasoning Expert|Decision Maker,0111,1
345,DS-MVTec/cable/image/bent_wire/012.png,Is there any defect in the object?,Anomaly Detection,train,091.png,16.652037,-7.886651,-16.161697,3.363646,1.000000,0.000376,0.000000,0.966549,+0.825000,-0.174624,-0.175000,+0.791549,1,0,0,1,1001,Reference Extractor|Decision Maker,1001,1
346,DS-MVTec/cable/image/bent_wire/012.png,There is a defect in the object. What is the type of the defect?,Defect Classification,train,091.png,13.937065,5.131700,-6.746312,3.963524,0.999999,0.994128,0.001174,0.981358,+0.824999,+0.819128,-0.173826,+0.806358,1,1,0,1,1101,Reference Extractor|Knowledge Guide|Decision Maker,1101,1
347,DS-MVTec/cable/image/bent_wire/012.png,There is a defect in the object. Where is the defect?,Defect Localization,train,091.png,14.644807,-6.344673,-13.812264,2.993353,1.000000,0.001753,0.000001,0.952273,+0.825000,-0.173247,-0.174999,+0.777273,1,0,0,1,1001,Reference Extractor|Decision Maker,1001,1
348,DS-MVTec/cable/image/bent_wire/012.png,There is a defect in the object. What is the appearance of the defect?,Defect Description,eval,091.png,6.028873,16.499342,4.809664,3.824136,0.997598,1.000000,0.991915,0.978629,+0.822598,+0.825000,+0.816915,+0.803629,1,1,1,1,1111,Reference Extractor|Knowledge Guide|Reasoning Expert|Decision Maker,1111,1
349,DS-MVTec/cable/image/bent_wire/012.png,There is a defect in the object. What is the effect of the defect?,Defect Analysis,eval,091.png,-3.262495,18.171362,10.405651,2.903353,0.036880,1.000000,0.999970,0.948012,-0.138120,+0.825000,+0.824970,+0.773012,0,1,1,1,0111,Knowledge Guide|Reasoning Expert|Decision Maker,0111,1
350,DS-MVTec/cable/image/cable_swap/000.png,Is there any defect in the object?,Anomaly Detection,eval,133.png,15.406601,-7.716812,-15.414428,3.200432,1.000000,0.000445,0.000000,0.960851,+0.825000,-0.174555,-0.175000,+0.785851,1,0,0,1,1001,Reference Extractor|Decision Maker,1001,1
351,DS-MVTec/cable/image/cable_swap/000.png,There is a defect in the object. What is the type of the defect?,Defect Classification,eval,133.png,12.388532,5.403704,-5.793925,3.803031,0.999996,0.995520,0.003037,0.978183,+0.824996,+0.820520,-0.171963,+0.803183,1,1,0,1,1101,Reference Extractor|Knowledge Guide|Decision Maker,1101,1
352,DS-MVTec/cable/image/cable_swap/000.png,There is a defect in the object. Where is the defect?,Defect Localization,train,133.png,13.163412,-6.094524,-12.912587,2.828398,0.999998,0.002250,0.000002,0.944191,+0.824998,-0.172750,-0.174998,+0.769191,1,0,0,1,1001,Reference Extractor|Decision Maker,1001,1
353,DS-MVTec/cable/image/cable_swap/000.png,There is a defect in the object. What is the appearance of the defect?,Defect Description,train,133.png,4.470391,16.777103,5.771206,3.663179,0.988687,1.000000,0.996894,0.974991,+0.813687,+0.825000,+0.821894,+0.799991,1,1,1,1,1111,Reference Extractor|Knowledge Guide|Reasoning Expert|Decision Maker,1111,1
354,DS-MVTec/cable/image/cable_swap/000.png,There is a defect in the object. What is the effect of the defect?,Defect Analysis,eval,133.png,-4.705056,18.327847,11.166881,2.769558,0.008968,1.000000,0.999986,0.941009,-0.166032,+0.825000,+0.824986,+0.766008,0,1,1,1,0111,Knowledge Guide|Reasoning Expert|Decision Maker,0111,1
355,DS-MVTec/cable/image/cable_swap/001.png,Is there any defect in the object?,Anomaly Detection,train,184.png,14.610735,-7.344846,-14.636137,3.046206,1.000000,0.000645,0.000000,0.954618,+0.825000,-0.174355,-0.175000,+0.779618,1,0,0,1,1001,Reference Extractor|Decision Maker,1001,1
356,DS-MVTec/cable/image/cable_swap/001.png,There is a defect in the object. Where is the defect?,Defect Localization,eval,184.png,12.364492,-5.568359,-12.033785,2.690448,0.999996,0.003802,0.000006,0.936461,+0.824996,-0.171198,-0.174994,+0.761461,1,0,0,1,1001,Reference Extractor|Decision Maker,1001,1
357,DS-MVTec/cable/image/cable_swap/001.png,There is a defect in the object. What is the appearance of the defect?,Defect Description,train,184.png,3.670605,17.292828,6.584965,3.547610,0.975171,1.000000,0.998621,0.972013,+0.800171,+0.825000,+0.823621,+0.797013,1,1,1,1,1111,Reference Extractor|Knowledge Guide|Reasoning Expert|Decision Maker,1111,1
358,DS-MVTec/cable/image/cable_swap/001.png,There is a defect in the object. Is there an additional defect?,Defect Analysis,eval,184.png,6.459850,0.746853,-5.053990,2.492613,0.998437,0.678493,0.006343,0.923622,+0.823437,+0.503493,-0.168657,+0.748622,1,1,0,1,1101,Reference Extractor|Knowledge Guide|Decision Maker,0111,0
359,DS-MVTec/cable/image/cable_swap/002.png,Is there any defect in the object?,Anomaly Detection,train,080.png,16.147661,-7.660964,-15.694480,3.269649,1.000000,0.000471,0.000000,0.963373,+0.825000,-0.174529,-0.175000,+0.788373,1,0,0,1,1001,Reference Extractor|Decision Maker,1001,1
360,DS-MVTec/cable/image/cable_swap/002.png,There is a defect in the object. What is the type of the defect?,Defect Classification,train,080.png,13.407296,5.434343,-6.238014,3.882228,0.999998,0.995655,0.001950,0.979811,+0.824998,+0.820655,-0.173050,+0.804811,1,1,0,1,1101,Reference Extractor|Knowledge Guide|Decision Maker,1101,1
361,DS-MVTec/cable/image/cable_swap/002.png,There is a defect in the object. What is the appearance of the defect?,Defect Description,eval,080.png,5.505362,16.798363,5.312201,3.743133,0.995952,1.000000,0.995093,0.976868,+0.820952,+0.825000,+0.820093,+0.801868,1,1,1,1,1111,Reference Extractor|Knowledge Guide|Reasoning Expert|Decision Maker,1111,1
362,DS-MVTec/cable/image/cable_swap/002.png,There is a defect in the object. What is a potential effect of the defect?,Defect Analysis,train,080.png,-5.721374,19.909487,12.493352,2.926474,0.003265,1.000000,0.999996,0.949140,-0.171735,+0.825000,+0.824996,+0.774140,0,1,1,1,0111,Knowledge Guide|Reasoning Expert|Decision Maker,0111,1
363,DS-MVTec/cable/image/cable_swap/003.png,Is there any defect in the object?,Anomaly Detection,train,151.png,15.580750,-7.719736,-15.483727,3.217294,1.000000,0.000444,0.000000,0.961480,+0.825000,-0.174556,-0.175000,+0.786480,1,0,0,1,1001,Reference Extractor|Decision Maker,1001,1
364,DS-MVTec/cable/image/cable_swap/003.png,There is a defect in the object. What is the type of the defect?,Defect Classification,train,151.png,12.712019,5.328010,-5.957698,3.814509,0.999997,0.995170,0.002579,0.978427,+0.824997,+0.820170,-0.172421,+0.803427,1,1,0,1,1101,Reference Extractor|Knowledge Guide|Decision Maker,1101,1
365,DS-MVTec/cable/image/cable_swap/003.png,There is a defect in the object. Where is the defect?,Defect Localization,train,151.png,13.446219,-6.175697,-13.060918,2.837821,0.999999,0.002075,0.000002,0.944686,+0.824999,-0.172925,-0.174998,+0.769686,1,0,0,1,1001,Reference Extractor|Decision Maker,1001,1
366,DS-MVTec/cable/image/cable_swap/003.png,There is a defect in the object. What is the appearance of the defect?,Defect Description,eval,151.png,4.806773,16.693947,5.595563,3.675259,0.991892,1.000000,0.996299,0.975284,+0.816892,+0.825000,+0.821299,+0.800284,1,1,1,1,1111,Reference Extractor|Knowledge Guide|Reasoning Expert|Decision Maker,1111,1
367,DS-MVTec/cable/image/cable_swap/003.png,There is a defect in the object. What is the effect of the defect?,Defect Analysis,train,151.png,-4.444439,18.272610,11.034774,2.777512,0.011607,1.000000,0.999984,0.941448,-0.163393,+0.825000,+0.824984,+0.766448,0,1,1,1,0111,Knowledge Guide|Reasoning Expert|Decision Maker,0111,1
368,DS-MVTec/cable/image/cable_swap/004.png,Is there any defect in the object?,Anomaly Detection,train,091.png,15.616718,-7.694971,-15.479541,3.217734,1.000000,0.000455,0.000000,0.961496,+0.825000,-0.174545,-0.175000,+0.786496,1,0,0,1,1001,Reference Extractor|Decision Maker,1001,1
369,DS-MVTec/cable/image/cable_swap/004.png,There is a defect in the object. Where is the defect?,Defect Localization,train,091.png,13.524954,-6.213597,-13.113718,2.836003,0.999999,0.001998,0.000002,0.944591,+0.824999,-0.173002,-0.174998,+0.769591,1,0,0,1,1001,Reference Extractor|Decision Maker,1001,1
370,DS-MVTec/cable/image/cable_swap/004.png,There is a defect in the object. What is the appearance of the defect?,Defect Description,eval,091.png,4.866635,16.642372,5.542683,3.669146,0.992360,1.000000,0.996099,0.975136,+0.817360,+0.825000,+0.821099,+0.800136,1,1,1,1,1111,Reference Extractor|Knowledge Guide|Reasoning Expert|Decision Maker,1111,1
371,DS-MVTec/cable/image/cable_swap/004.png,There is a defect in the object. What is the effect of the defect?,Defect Analysis,eval,091.png,-4.357347,18.203796,10.958447,2.772828,0.012650,1.000000,0.999983,0.941190,-0.162350,+0.825000,+0.824983,+0.766190,0,1,1,1,0111,Knowledge Guide|Reasoning Expert|Decision Maker,0111,1
372,DS-MVTec/cable/image/cable_swap/005.png,Is there any defect in the object?,Anomaly Detection,train,142.png,15.525014,-7.586660,-15.329208,3.189963,1.000000,0.000507,0.000000,0.960455,+0.825000,-0.174493,-0.175000,+0.785455,1,0,0,1,1001,Reference Extractor|Decision Maker,1001,1
373,DS-MVTec/cable/image/cable_swap/005.png,There is a defect in the object. What is the type of the defect?,Defect Classification,train,142.png,12.625752,5.673730,-5.692397,3.815855,0.999997,0.996577,0.003360,0.978455,+0.824997,+0.821577,-0.171640,+0.803455,1,1,0,1,1101,Reference Extractor|Knowledge Guide|Decision Maker,1101,1
374,DS-MVTec/cable/image/cable_swap/005.png,There is a defect in the object. What is the appearance of the defect?,Defect Description,train,142.png,4.717369,17.039532,5.860353,3.676948,0.991141,1.000000,0.997158,0.975324,+0.816141,+0.825000,+0.822158,+0.800324,1,1,1,1,1111,Reference Extractor|Knowledge Guide|Reasoning Expert|Decision Maker,1111,1
375,DS-MVTec/cable/image/cable_swap/005.png,There is a defect in the object. What additional detail is observed about the defect?,Defect Analysis,train,142.png,-3.878825,16.491041,9.886168,2.589733,0.020256,1.000000,0.999949,0.930198,-0.154744,+0.825000,+0.824949,+0.755198,0,1,1,1,0111,Knowledge Guide|Reasoning Expert|Decision Maker,0111,1
376,DS-MVTec/cable/image/cable_swap/006.png,Is there any defect in the object?,Anomaly Detection,train,129.png,16.118687,-7.880293,-15.906285,3.302168,1.000000,0.000378,0.000000,0.964503,+0.825000,-0.174622,-0.175000,+0.789503,1,0,0,1,1001,Reference Extractor|Decision Maker,1001,1
377,DS-MVTec/cable/image/cable_swap/006.png,There is a defect in the object. What is the type of the defect?,Defect Classification,eval,129.png,13.506260,4.642323,-6.808023,3.850884,0.999999,0.990457,0.001104,0.979182,+0.824999,+0.815457,-0.173896,+0.804182,1,1,0,1,1101,Reference Extractor|Knowledge Guide|Decision Maker,1101,1
378,DS-MVTec/cable/image/cable_swap/006.png,There is a defect in the object. Where is the defect?,Defect Localization,train,129.png,14.128060,-6.615876,-13.705364,2.901401,0.999999,0.001337,0.000001,0.947916,+0.824999,-0.173663,-0.174999,+0.772916,1,0,0,1,1001,Reference Extractor|Decision Maker,1001,1
379,DS-MVTec/cable/image/cable_swap/006.png,There is a defect in the object. What is the appearance of the defect?,Defect Description,eval,129.png,5.620877,15.996731,4.726975,3.712555,0.996392,1.000000,0.991224,0.976167,+0.821392,+0.825000,+0.816224,+0.801167,1,1,1,1,1111,Reference Extractor|Knowledge Guide|Reasoning Expert|Decision Maker,1111,1
380,DS-MVTec/cable/image/cable_swap/006.png,There is a defect in the object. What is the effect of the defect?,Defect Analysis,train,129.png,-3.677554,17.690319,10.355861,2.787825,0.024661,1.000000,0.999968,0.942014,-0.150339,+0.825000,+0.824968,+0.767014,0,1,1,1,0111,Knowledge Guide|Reasoning Expert|Decision Maker,0111,1
381,DS-MVTec/cable/image/cable_swap/007.png,Is there any defect in the object?,Anomaly Detection,train,151.png,15.413706,-7.509604,-15.195035,3.165142,1.000000,0.000547,0.000000,0.959501,+0.825000,-0.174452,-0.175000,+0.784501,1,0,0,1,1001,Reference Extractor|Decision Maker,1001,1
382,DS-MVTec/cable/image/cable_swap/007.png,There is a defect in the object. What is the type of the defect?,Defect Classification,train,151.png,12.393381,6.078540,-5.317399,3.822413,0.999996,0.997714,0.004882,0.978593,+0.824996,+0.822714,-0.170118,+0.803593,1,1,0,1,1101,Reference Extractor|Knowledge Guide|Decision Maker,1101,1
383,DS-MVTec/cable/image/cable_swap/007.png,There is a defect in the object. What is the appearance of the defect?,Defect Description,train,151.png,4.474053,17.437222,6.222827,3.686142,0.988727,1.000000,0.998020,0.975545,+0.813727,+0.825000,+0.823020,+0.800545,1,1,1,1,1111,Reference Extractor|Knowledge Guide|Reasoning Expert|Decision Maker,1111,1
384,DS-MVTec/cable/image/cable_swap/008.png,Is there any defect in the object?,Anomaly Detection,train,163.png,13.989202,-7.311327,-14.328534,2.977148,0.999999,0.000667,0.000001,0.951531,+0.824999,-0.174333,-0.174999,+0.776531,1,0,0,1,1001,Reference Extractor|Decision Maker,1001,1
385,DS-MVTec/cable/image/cable_swap/008.png,There is a defect in the object. What is the type of defect?,Defect Classification,eval,163.png,8.848189,6.469500,-3.091469,3.356154,0.999856,0.998452,0.043461,0.966306,+0.824856,+0.823452,-0.131539,+0.791306,1,1,0,1,1101,Reference Extractor|Knowledge Guide|Decision Maker,1101,1
386,DS-MVTec/cable/image/cable_swap/008.png,There is a defect in the object. Where is the defect?,Defect Localization,train,163.png,11.693316,-5.939600,-11.922391,2.578256,0.999992,0.002626,0.000007,0.929449,+0.824992,-0.172374,-0.174993,+0.754449,1,0,0,1,1001,Reference Extractor|Decision Maker,1001,1
387,DS-MVTec/cable/image/cable_swap/008.png,There is a defect in the object. What is the appearance of the defect?,Defect Description,eval,163.png,2.919216,16.701820,6.643250,3.396917,0.948788,1.000000,0.998699,0.967608,+0.773788,+0.825000,+0.823699,+0.792608,1,1,1,1,1111,Reference Extractor|Knowledge Guide|Reasoning Expert|Decision Maker,1111,1
388,DS-MVTec/cable/image/cable_swap/008.png,There is a defect in the object. What additional information is provided about the defect?,Defect Analysis,train,163.png,-3.366757,13.200387,7.936957,2.253818,0.033351,0.999998,0.999643,0.904979,-0.141649,+0.824998,+0.824643,+0.729979,0,1,1,1,0111,Knowledge Guide|Reasoning Expert|Decision Maker,0111,1
389,DS-MVTec/cable/image/cable_swap/009.png,Is there any defect in the object?,Anomaly Detection,train,147.png,15.748508,-7.733267,-15.582646,3.237597,1.000000,0.000438,0.000000,0.962225,+0.825000,-0.174562,-0.175000,+0.787225,1,0,0,1,1001,Reference Extractor|Decision Maker,1001,1
390,DS-MVTec/cable/image/cable_swap/009.png,There is a defect in the object. What is the type of the defect?,Defect Classification,train,147.png,13.011553,5.056128,-6.278413,3.813509,0.999998,0.993670,0.001873,0.978406,+0.824998,+0.818670,-0.173127,+0.803406,1,1,0,1,1101,Reference Extractor|Knowledge Guide|Decision Maker,1101,1
391,DS-MVTec/cable/image/cable_swap/009.png,There is a defect in the object. Where is the defect?,Defect Localization,eval,147.png,13.698936,-6.341462,-13.289931,2.847624,0.999999,0.001759,0.000002,0.945196,+0.824999,-0.173241,-0.174998,+0.770196,1,0,0,1,1001,Reference Extractor|Decision Maker,1001,1
392,DS-MVTec/cable/image/cable_swap/009.png,There is a defect in the object. What is the appearance of the defect?,Defect Description,train,147.png,5.111483,16.419069,5.270085,3.674501,0.994009,1.000000,0.994883,0.975265,+0.819009,+0.825000,+0.819883,+0.800265,1,1,1,1,1111,Reference Extractor|Knowledge Guide|Reasoning Expert|Decision Maker,1111,1
393,DS-MVTec/cable/image/cable_swap/009.png,There is a defect in the object. What is the potential effect of the defect?,Defect Analysis,eval,147.png,-5.438581,19.019455,11.898354,2.802827,0.004327,1.000000,0.999993,0.942828,-0.170673,+0.825000,+0.824993,+0.767828,0,1,1,1,0111,Knowledge Guide|Reasoning Expert|Decision Maker,0111,1
394,DS-MVTec/cable/image/cable_swap/010.png,Is there any defect in the object?,Anomaly Detection,train,080.png,15.351249,-7.502184,-15.156342,3.154806,1.000000,0.000552,0.000000,0.959098,+0.825000,-0.174448,-0.175000,+0.784098,1,0,0,1,1001,Reference Extractor|Decision Maker,1001,1
395,DS-MVTec/cable/image/cable_swap/010.png,There is a defect in the object. What is the type of the defect?,Defect Classification,train,080.png,12.635421,5.314618,-5.855632,3.745252,0.999997,0.995105,0.002856,0.976916,+0.824997,+0.820105,-0.172144,+0.801916,1,1,0,1,1101,Reference Extractor|Knowledge Guide|Decision Maker,1101,1
396,DS-MVTec/cable/image/cable_swap/010.png,There is a defect in the object. Where is the defect?,Defect Localization,train,080.png,13.316973,-6.071791,-12.859298,2.777142,0.999998,0.002302,0.000003,0.941428,+0.824998,-0.172698,-0.174997,+0.766428,1,0,0,1,1001,Reference Extractor|Decision Maker,1001,1
397,DS-MVTec/cable/image/cable_swap/010.png,There is a defect in the object. What is the appearance of the defect?,Defect Description,train,080.png,4.725037,16.680536,5.697221,3.606501,0.991208,1.000000,0.996656,0.973571,+0.816208,+0.825000,+0.821656,+0.798571,1,1,1,1,1111,Reference Extractor|Knowledge Guide|Reasoning Expert|Decision Maker,1111,1
398,DS-MVTec/cable/image/cable_swap/010.png,There is a defect in the object. What could be the effect of the defect?,Defect Analysis,train,080.png,-5.225115,17.974686,11.258247,2.666701,0.005351,1.000000,0.999987,0.935033,-0.169649,+0.825000,+0.824987,+0.760033,0,1,1,1,0111,Knowledge Guide|Reasoning Expert|Decision Maker,0111,1
399,DS-MVTec/cable/image/cable_swap/011.png,Is there any defect in the object?,Anomaly Detection,eval,091.png,15.213477,-7.649390,-15.251660,3.167103,1.000000,0.000476,0.000000,0.959577,+0.825000,-0.174524,-0.175000,+0.784577,1,0,0,1,1001,Reference Extractor|Decision Maker,1001,1
400,DS-MVTec/cable/image/cable_swap/011.png,There is a defect in the object. What is the type of the defect?,Defect Classification,train,091.png,12.282524,5.310797,-5.753054,3.756185,0.999995,0.995086,0.003163,0.977161,+0.824995,+0.820086,-0.171837,+0.802161,1,1,0,1,1101,Reference Extractor|Knowledge Guide|Decision Maker,1101,1
401,DS-MVTec/cable/image/cable_swap/011.png,There is a defect in the object. Where is the defect?,Defect Localization,train,091.png,13.036057,-6.175590,-12.856067,2.782474,0.999998,0.002075,0.000003,0.941721,+0.824998,-0.172925,-0.174997,+0.766721,1,0,0,1,1001,Reference Extractor|Decision Maker,1001,1
402,DS-MVTec/cable/image/cable_swap/011.png,"There is a defect in the object. What is the additional effect of the ""missing wire"" defect?",Defect Analysis,train,091.png,-5.650921,17.375973,11.135524,2.631741,0.003502,1.000000,0.999985,0.932877,-0.171498,+0.825000,+0.824985,+0.757877,0,1,1,1,0111,Knowledge Guide|Reasoning Expert|Decision Maker,0111,1
403,DS-MVTec/cable/image/combined/000.png,Is there any defect in the object?,Anomaly Detection,train,091.png,15.816499,-7.813740,-15.687164,3.257267,1.000000,0.000404,0.000000,0.962933,+0.825000,-0.174596,-0.175000,+0.787933,1,0,0,1,1001,Reference Extractor|Decision Maker,1001,1
404,DS-MVTec/cable/image/combined/000.png,There are some defects in the object. Where are these defects located in the picture?,Defect Localization,train,091.png,13.600864,-4.089487,-11.874187,2.989665,0.999999,0.016472,0.000007,0.952105,+0.824999,-0.158528,-0.174993,+0.777105,1,0,0,1,1001,Reference Extractor|Decision Maker,1001,1
405,DS-MVTec/cable/image/combined/000.png,There are some defects in the object. What is the appearance of the defects?,Defect Description,train,091.png,4.712926,14.303316,4.282383,3.399843,0.991101,0.999999,0.986378,0.967700,+0.816101,+0.824999,+0.811378,+0.792700,1,1,1,1,1111,Reference Extractor|Knowledge Guide|Reasoning Expert|Decision Maker,1111,1
406,DS-MVTec/cable/image/combined/000.png,There are some defects in the object. What could be the potential effect of these defects?,Defect Analysis,train,091.png,-5.546222,17.201317,11.031416,2.603737,0.003887,1.000000,0.999984,0.931102,-0.171113,+0.825000,+0.824984,+0.756102,0,1,1,1,0111,Knowledge Guide|Reasoning Expert|Decision Maker,0111,1
407,DS-MVTec/cable/image/combined/001.png,Is there any defect in the object?,Anomaly Detection,train,156.png,16.414976,-7.901059,-16.052774,3.336168,1.000000,0.000370,0.000000,0.965649,+0.825000,-0.174630,-0.175000,+0.790649,1,0,0,1,1001,Reference Extractor|Decision Maker,1001,1
408,DS-MVTec/cable/image/combined/001.png,There are some defects in the object. What are the types of the defects?,Defect Classification,train,156.png,9.283430,4.166455,-4.529204,3.137998,0.999907,0.984730,0.010674,0.958433,+0.824907,+0.809730,-0.164326,+0.783433,1,1,0,1,1101,Reference Extractor|Knowledge Guide|Decision Maker,1101,1
409,DS-MVTec/cable/image/combined/001.png,There are some defects in the object. Where are these defects located in the picture?,Defect Localization,train,156.png,14.330095,-4.274240,-12.350601,3.060506,0.999999,0.013731,0.000004,0.955234,+0.824999,-0.161269,-0.174996,+0.780234,1,0,0,1,1001,Reference Extractor|Decision Maker,1001,1
410,DS-MVTec/cable/image/combined/001.png,There are some defects in the object. What is the appearance of the defects?,Defect Description,train,156.png,5.575452,14.009777,3.661236,3.471961,0.996225,0.999999,0.974943,0.969879,+0.821225,+0.824999,+0.799943,+0.794879,1,1,1,1,1111,Reference Extractor|Knowledge Guide|Reasoning Expert|Decision Maker,1111,1
411,DS-MVTec/cable/image/combined/001.png,There are some defects in the object. What could be the effect of these defects?,Defect Analysis,train,156.png,-5.063138,15.808343,10.091346,2.408826,0.006286,1.000000,0.999959,0.917498,-0.168714,+0.825000,+0.824959,+0.742498,0,1,1,1,0111,Knowledge Guide|Reasoning Expert|Decision Maker,0111,1
412,DS-MVTec/cable/image/combined/002.png,Is there any defect in the object?,Anomaly Detection,train,051.png,16.396107,-7.706856,-15.847698,3.302507,1.000000,0.000450,0.000000,0.964515,+0.825000,-0.174550,-0.175000,+0.789515,1,0,0,1,1001,Reference Extractor|Decision Maker,1001,1
413,DS-MVTec/cable/image/combined/002.png,There are some defects in the object. What are the types of the defects?,Defect Classification,eval,051.png,8.978122,5.048334,-3.811888,3.160820,0.999874,0.993621,0.021628,0.959333,+0.824874,+0.818621,-0.153372,+0.784333,1,1,0,1,1101,Reference Extractor|Knowledge Guide|Decision Maker,1101,1
414,DS-MVTec/cable/image/combined/002.png,There are some defects in the object. Where are these defects in the picture?,Defect Localization,eval,051.png,15.430338,-4.501493,-13.072255,3.193670,1.000000,0.010971,0.000002,0.960595,+0.825000,-0.164029,-0.174998,+0.785595,1,0,0,1,1001,Reference Extractor|Decision Maker,1001,1
415,DS-MVTec/cable/image/combined/002.png,There are some defects in the object. What is the appearance of the defects?,Defect Description,train,051.png,5.270143,14.891655,4.378552,3.494783,0.994883,1.000000,0.987612,0.970539,+0.819883,+0.825000,+0.812612,+0.795539,1,1,1,1,1111,Reference Extractor|Knowledge Guide|Reasoning Expert|Decision Maker,1111,1
416,DS-MVTec/cable/image/combined/002.png,There are some defects in the object. What could be the potential effect of these defects?,Defect Analysis,eval,051.png,-5.444985,17.762041,11.281933,2.657027,0.004299,1.000000,0.999987,0.934443,-0.170701,+0.825000,+0.824987,+0.759443,0,1,1,1,0111,Knowledge Guide|Reasoning Expert|Decision Maker,0111,1
417,DS-MVTec/cable/image/combined/003.png,Is there any defect in the object?,Anomaly Detection,train,191.png,17.204351,-8.027809,-16.558687,3.444485,1.000000,0.000326,0.000000,0.969066,+0.825000,-0.174674,-0.175000,+0.794066,1,0,0,1,1001,Reference Extractor|Decision Maker,1001,1
418,DS-MVTec/cable/image/combined/003.png,There are some defects in the object. What are the types of the defects?,Defect Classification,train,191.png,10.060619,4.111713,-5.003474,3.243287,0.999957,0.983884,0.006670,0.962431,+0.824957,+0.808884,-0.168330,+0.787431,1,1,0,1,1101,Reference Extractor|Knowledge Guide|Decision Maker,1101,1
419,DS-MVTec/cable/image/combined/003.png,There are some defects in the object. Where are these defects located in the picture?,Defect Localization,train,191.png,15.159182,-4.394153,-12.884845,3.168608,1.000000,0.012199,0.000003,0.959636,+0.825000,-0.162801,-0.174997,+0.784636,1,0,0,1,1001,Reference Extractor|Decision Maker,1001,1
420,DS-MVTec/cable/image/combined/003.png,There are some defects in the object. What is the appearance of the defect in the grounding conductor?,Defect Description,train,191.png,4.560308,15.998431,5.382021,3.497526,0.989649,1.000000,0.995423,0.970617,+0.814649,+0.825000,+0.820423,+0.795617,1,1,1,1,1111,Reference Extractor|Knowledge Guide|Reasoning Expert|Decision Maker,1111,1
421,DS-MVTec/cable/image/combined/003.png,There are some defects in the object. What could be the potential effect of these defects?,Defect Analysis,train,191.png,-5.310491,17.363754,11.014013,2.601954,0.004915,1.000000,0.999984,0.930987,-0.170085,+0.825000,+0.824984,+0.755987,0,1,1,1,0111,Knowledge Guide|Reasoning Expert|Decision Maker,0111,1
422,DS-MVTec/cable/image/combined/004.png,Is there any defect in the object?,Anomaly Detection,train,079.png,15.121759,-7.520800,-15.047708,3.128703,1.000000,0.000541,0.000000,0.958061,+0.825000,-0.174459,-0.175000,+0.783061,1,0,0,1,1001,Reference Extractor|Decision Maker,1001,1
423,DS-MVTec/cable/image/combined/004.png,There is a defect in the object. What is the type of the defect?,Defect Classification,eval,079.png,12.571526,4.788180,-6.079427,3.670160,0.999997,0.991741,0.002284,0.975160,+0.824997,+0.816741,-0.172716,+0.800160,1,1,0,1,1101,Reference Extractor|Knowledge Guide|Decision Maker,1101,1
424,DS-MVTec/cable/image/combined/004.png,There is a defect in the object. What is the appearance of the defect?,Defect Description,eval,079.png,4.667835,16.152210,5.470614,3.531240,0.990695,1.000000,0.995809,0.971564,+0.815695,+0.825000,+0.820809,+0.796564,1,1,1,1,1111,Reference Extractor|Knowledge Guide|Reasoning Expert|Decision Maker,1111,1
425,DS-MVTec/cable/image/combined/004.png,There are some defects in the object. What are the potential effects of these defects?,Defect Analysis,train,079.png,-5.530651,16.854929,10.850456,2.560402,0.003948,1.000000,0.999981,0.928269,-0.171052,+0.825000,+0.824981,+0.753269,0,1,1,1,0111,Knowledge Guide|Reasoning Expert|Decision Maker,0111,1
426,DS-MVTec/cable/image/combined/005.png,Is there any defect in the object?,Anomaly Detection,eval,160.png,16.337515,-7.796749,-15.923043,3.311108,1.000000,0.000411,0.000000,0.964808,+0.825000,-0.174589,-0.175000,+0.789808,1,0,0,1,1001,Reference Extractor|Decision Maker,1001,1
427,DS-MVTec/cable/image/combined/005.png,There are some defects in the object. What type of defects are present?,Defect Classification,train,160.png,10.091263,5.362385,-4.269409,3.346679,0.999959,0.995332,0.013797,0.965996,+0.824959,+0.820332,-0.161203,+0.790996,1,1,0,1,1101,Reference Extractor|Knowledge Guide|Decision Maker,1101,1
428,DS-MVTec/cable/image/combined/005.png,There are some defects in the object. What is the appearance of the defects?,Defect Description,train,160.png,5.386199,14.229759,3.896670,3.448962,0.995442,0.999999,0.980095,0.969200,+0.820442,+0.824999,+0.805095,+0.794200,1,1,1,1,1111,Reference Extractor|Knowledge Guide|Reasoning Expert|Decision Maker,1111,1
429,DS-MVTec/cable/image/combined/005.png,There are some defects in the object. What are the potential effects of these defects?,Defect Analysis,eval,160.png,-5.437791,16.914379,10.830544,2.559977,0.004330,1.000000,0.999980,0.928241,-0.170670,+0.825000,+0.824980,+0.753241,0,1,1,1,0111,Knowledge Guide|Reasoning Expert|Decision Maker,0111,1
430,DS-MVTec/cable/image/combined/006.png,Is there any defect in the object?,Anomaly Detection,eval,046.png,16.993807,-8.087163,-16.529339,3.430945,1.000000,0.000307,0.000000,0.968658,+0.825000,-0.174693,-0.175000,+0.793658,1,0,0,1,1001,Reference Extractor|Decision Maker,1001,1
431,DS-MVTec/cable/image/combined/006.png,There are some defects in the object. What types of defects are present?,Defect Classification,train,046.png,9.790880,4.417217,-4.578859,3.183561,0.999944,0.988076,0.010162,0.960211,+0.824944,+0.813076,-0.164838,+0.785211,1,1,0,1,1101,Reference Extractor|Knowledge Guide|Decision Maker,1101,1
432,DS-MVTec/cable/image/combined/006.png,There are some defects in the object. Where are these defects located in the picture?,Defect Localization,train,046.png,15.391411,-5.604551,-13.692562,3.074180,1.000000,0.003668,0.000001,0.955815,+0.825000,-0.171332,-0.174999,+0.780815,1,0,0,1,1001,Reference Extractor|Decision Maker,1001,1
433,DS-MVTec/cable/image/combined/006.png,There are some defects in the object. What is the appearance of the defects?,Defect Description,eval,046.png,6.793798,12.458893,2.087991,3.465546,0.998881,0.999996,0.889731,0.969691,+0.823881,+0.824996,+0.714731,+0.794691,1,1,1,1,1111,Reference Extractor|Knowledge Guide|Reasoning Expert|Decision Maker,1111,1
434,DS-MVTec/cable/image/combined/006.png,There are some defects in the object. What are the potential effects of these defects?,Defect Analysis,train,046.png,-5.110402,15.758299,10.099412,2.404087,0.005997,1.000000,0.999959,0.917138,-0.169003,+0.825000,+0.824959,+0.742138,0,1,1,1,0111,Knowledge Guide|Reasoning Expert|Decision Maker,0111,1
435,DS-MVTec/cable/image/combined/007.png,Is there any defect in the object?,Anomaly Detection,eval,080.png,15.922667,-7.567672,-15.488286,3.227972,1.000000,0.000517,0.000000,0.961873,+0.825000,-0.174483,-0.175000,+0.786873,1,0,0,1,1001,Reference Extractor|Decision Maker,1001,1
436,DS-MVTec/cable/image/combined/007.png,There is a defect in the object. What is the type of the defect?,Defect Classification,eval,080.png,13.228685,5.436735,-6.109318,3.839476,0.999998,0.995665,0.002217,0.978948,+0.824998,+0.820665,-0.172783,+0.803948,1,1,0,1,1101,Reference Extractor|Knowledge Guide|Decision Maker,1101,1
437,DS-MVTec/cable/image/combined/007.png,There are some defects in the object. What is the appearance of the defects?,Defect Description,train,080.png,4.711641,15.264669,4.888751,3.452295,0.991090,1.000000,0.992525,0.969300,+0.816090,+0.825000,+0.817525,+0.794300,1,1,1,1,1111,Reference Extractor|Knowledge Guide|Reasoning Expert|Decision Maker,1111,1
438,DS-MVTec/cable/image/combined/007.png,There are some defects in the object. What could be the effect of these defects?,Defect Analysis,train,080.png,-5.219777,16.620171,10.573608,2.509039,0.005379,1.000000,0.999974,0.924773,-0.169621,+0.825000,+0.824974,+0.749773,0,1,1,1,0111,Knowledge Guide|Reasoning Expert|Decision Maker,0111,1
439,DS-MVTec/cable/image/combined/008.png,Is there any defect in the object?,Anomaly Detection,train,004.png,15.965664,-7.614804,-15.534473,3.235719,1.000000,0.000493,0.000000,0.962157,+0.825000,-0.174507,-0.175000,+0.787157,1,0,0,1,1001,Reference Extractor|Decision Maker,1001,1
440,DS-MVTec/cable/image/combined/008.png,There are some defects in the object. What are the types of the defects?,Defect Classification,train,004.png,9.133258,4.018052,-4.407560,3.029010,0.999892,0.982330,0.012038,0.953868,+0.824892,+0.807330,-0.162962,+0.778868,1,1,0,1,1101,Reference Extractor|Knowledge Guide|Decision Maker,1101,1
441,DS-MVTec/cable/image/combined/008.png,There are some defects in the object. Where are these defects in the picture?,Defect Localization,train,004.png,15.316789,-5.202546,-13.333177,3.072266,1.000000,0.005472,0.000002,0.955734,+0.825000,-0.169528,-0.174998,+0.780734,1,0,0,1,1001,Reference Extractor|Decision Maker,1001,1
442,DS-MVTec/cable/image/combined/008.png,There are some defects in the object. What is the appearance of the defects?,Defect Description,train,004.png,5.425280,13.861374,3.782880,3.362973,0.995615,0.999999,0.977749,0.966527,+0.820615,+0.824999,+0.802749,+0.791527,1,1,1,1,1111,Reference Extractor|Knowledge Guide|Reasoning Expert|Decision Maker,1111,1
443,DS-MVTec/cable/image/combined/008.png,There are some defects in the object. What are the potential effects of these defects?,Defect Analysis,train,004.png,-5.238842,16.378304,10.492787,2.482067,0.005278,1.000000,0.999972,0.922875,-0.169722,+0.825000,+0.824972,+0.747875,0,1,1,1,0111,Knowledge Guide|Reasoning Expert|Decision Maker,0111,1
444,DS-MVTec/cable/image/combined/009.png,Is there any defect in the object?,Anomaly Detection,eval,091.png,17.185694,-7.732866,-16.307184,3.414166,1.000000,0.000438,0.000000,0.968144,+0.825000,-0.174562,-0.175000,+0.793144,1,0,0,1,1001,Reference Extractor|Decision Maker,1001,1
445,DS-MVTec/cable/image/combined/009.png,There is a defect in the object. What is the type of the defect?,Defect Classification,train,091.png,13.977362,6.722095,-5.911378,4.161273,0.999999,0.998797,0.002701,0.984652,+0.824999,+0.823797,-0.172299,+0.809652,1,1,0,1,1101,Reference Extractor|Knowledge Guide|Decision Maker,1101,1
446,DS-MVTec/cable/image/combined/009.png,There is a defect in the object. What is the appearance of the defect?,Defect Description,train,091.png,6.059223,18.095495,5.653752,4.021421,0.997669,1.000000,0.996508,0.982388,+0.822669,+0.825000,+0.821508,+0.807388,1,1,1,1,1111,Reference Extractor|Knowledge Guide|Reasoning Expert|Decision Maker,1111,1
447,DS-MVTec/cable/image/combined/009.png,There are some defects in the object. What are the potential effects of these defects?,Defect Analysis,train,091.png,-5.878870,19.208179,12.179350,2.860281,0.002790,1.000000,0.999995,0.945848,-0.172210,+0.825000,+0.824995,+0.770848,0,1,1,1,0111,Knowledge Guide|Reasoning Expert|Decision Maker,0111,1
448,DS-MVTec/cable/image/combined/010.png,Is there any defect in the object?,Anomaly Detection,train,085.png,15.666462,-7.508605,-15.296389,3.189074,1.000000,0.000548,0.000000,0.960421,+0.825000,-0.174452,-0.175000,+0.785421,1,0,0,1,1001,Reference Extractor|Decision Maker,1001,1
449,DS-MVTec/cable/image/combined/010.png,There is a defect in the object. Where is the defect?,Defect Localization,train,085.png,13.563813,-5.770971,-12.796466,2.837863,0.999999,0.003107,0.000003,0.944688,+0.824999,-0.171893,-0.174997,+0.769688,1,0,0,1,1001,Reference Extractor|Decision Maker,1001,1
450,DS-MVTec/cable/image/combined/010.png,There is a defect in the object. What is the effect of the defect?,Defect Analysis,eval,085.png,-4.298528,18.585455,11.141324,2.803927,0.013406,1.000000,0.999985,0.942888,-0.161594,+0.825000,+0.824985,+0.767888,0,1,1,1,0111,Knowledge Guide|Reasoning Expert|Decision Maker,0111,1
451,DS-MVTec/cable/image/cut_inner_insulation/000.png,Is there any defect in the object?,Anomaly Detection,train,091.png,16.153582,-7.712212,-15.748744,3.280707,1.000000,0.000447,0.000000,0.963761,+0.825000,-0.174553,-0.175000,+0.788761,1,0,0,1,1001,Reference Extractor|Decision Maker,1001,1
452,DS-MVTec/cable/image/cut_inner_insulation/000.png,There is a defect in the object. What is the type of the defect?,Defect Classification,train,091.png,13.158056,5.889837,-5.876115,3.933301,0.999998,0.997240,0.002798,0.980797,+0.824998,+0.822240,-0.172202,+0.805797,1,1,0,1,1101,Reference Extractor|Knowledge Guide|Decision Maker,1101,1
453,DS-MVTec/cable/image/cut_inner_insulation/000.png,There is a defect in the object. What is the appearance of the defect?,Defect Description,train,091.png,5.239915,17.263237,5.689016,3.793448,0.994727,1.000000,0.996628,0.977978,+0.819727,+0.825000,+0.821628,+0.802978,1,1,1,1,1111,Reference Extractor|Knowledge Guide|Reasoning Expert|Decision Maker,1111,1
454,DS-MVTec/cable/image/cut_inner_insulation/000.png,There is a defect in the object. What effect does the defect have on the cable?,Defect Analysis,train,091.png,-5.462983,16.686239,10.649582,2.542464,0.004223,1.000000,0.999976,0.927066,-0.170777,+0.825000,+0.824976,+0.752066,0,1,1,1,0111,Knowledge Guide|Reasoning Expert|Decision Maker,0111,1
455,DS-MVTec/cable/image/cut_inner_insulation/001.png,Is there any defect in the object?,Anomaly Detection,train,133.png,16.678045,-7.899909,-16.199839,3.370625,1.000000,0.000371,0.000000,0.966774,+0.825000,-0.174629,-0.175000,+0.791774,1,0,0,1,1001,Reference Extractor|Decision Maker,1001,1
456,DS-MVTec/cable/image/cut_inner_insulation/001.png,There is a defect in the object. What is the type of the defect?,Defect Classification,eval,133.png,13.958138,5.119269,-6.801374,3.974781,0.999999,0.994055,0.001111,0.981563,+0.824999,+0.819055,-0.173889,+0.806563,1,1,0,1,1101,Reference Extractor|Knowledge Guide|Decision Maker,1101,1
457,DS-MVTec/cable/image/cut_inner_insulation/001.png,There is a defect in the object. Where is the defect?,Defect Localization,train,133.png,14.651876,-6.339242,-13.843516,3.003872,1.000000,0.001763,0.000001,0.952749,+0.825000,-0.173237,-0.174999,+0.777749,1,0,0,1,1001,Reference Extractor|Decision Maker,1001,1
458,DS-MVTec/cable/image/cut_inner_insulation/001.png,There is a defect in the object. What could potentially be the effect of the defect?,Defect Analysis,train,133.png,-5.508852,19.139807,11.951606,2.825800,0.004034,1.000000,0.999994,0.944054,-0.170966,+0.825000,+0.824994,+0.769054,0,1,1,1,0111,Knowledge Guide|Reasoning Expert|Decision Maker,0111,1
459,DS-MVTec/cable/image/cut_inner_insulation/002.png,Is there any defect in the object?,Anomaly Detection,train,123.png,15.011458,-7.535608,-15.013453,3.120080,1.000000,0.000533,0.000000,0.957713,+0.825000,-0.174467,-0.175000,+0.782713,1,0,0,1,1001,Reference Extractor|Decision Maker,1001,1
460,DS-MVTec/cable/image/cut_inner_insulation/002.png,There is a defect in the object. What is the type of the defect?,Defect Classification,train,123.png,12.462057,4.745437,-6.055539,3.660609,0.999996,0.991384,0.002339,0.974928,+0.824996,+0.816384,-0.172661,+0.799928,1,1,0,1,1101,Reference Extractor|Knowledge Guide|Decision Maker,1101,1
461,DS-MVTec/cable/image/cut_inner_insulation/002.png,There is a defect in the object. Where is the defect?,Defect Localization,train,123.png,13.034262,-6.344379,-12.859325,2.722054,0.999998,0.001754,0.000003,0.938316,+0.824998,-0.173246,-0.174997,+0.763315,1,0,0,1,1001,Reference Extractor|Decision Maker,1001,1
462,DS-MVTec/cable/image/cut_inner_insulation/002.png,There is a defect in the object. What is the appearance of the defect?,Defect Description,eval,123.png,4.550714,16.114183,5.502553,3.521135,0.989551,1.000000,0.995940,0.971283,+0.814551,+0.825000,+0.820940,+0.796283,1,1,1,1,1111,Reference Extractor|Knowledge Guide|Reasoning Expert|Decision Maker,1111,1
463,DS-MVTec/cable/image/cut_inner_insulation/002.png,There is a defect in the object. How could the defect potentially affect the cable?,Defect Analysis,train,123.png,-5.215916,14.884082,9.704770,2.315603,0.005400,1.000000,0.999939,0.910161,-0.169600,+0.825000,+0.824939,+0.735161,0,1,1,1,0111,Knowledge Guide|Reasoning Expert|Decision Maker,0111,1
464,DS-MVTec/cable/image/cut_inner_insulation/003.png,Is there any defect in the object?,Anomaly Detection,train,106.png,15.673853,-7.584317,-15.376927,3.202886,1.000000,0.000508,0.000000,0.960943,+0.825000,-0.174492,-0.175000,+0.785943,1,0,0,1,1001,Reference Extractor|Decision Maker,1001,1
465,DS-MVTec/cable/image/cut_inner_insulation/003.png,There is a defect in the object. What is the type of the defect?,Defect Classification,train,106.png,12.842001,5.662958,-5.766397,3.829007,0.999997,0.996540,0.003121,0.978731,+0.824997,+0.821540,-0.171879,+0.803731,1,1,0,1,1101,Reference Extractor|Knowledge Guide|Decision Maker,1101,1
466,DS-MVTec/cable/image/cut_inner_insulation/003.png,There is a defect in the object. What is the appearance of the defect?,Defect Description,eval,106.png,4.931400,17.027880,5.784972,3.690448,0.992835,1.000000,0.996936,0.975647,+0.817835,+0.825000,+0.821936,+0.800647,1,1,1,1,1111,Reference Extractor|Knowledge Guide|Reasoning Expert|Decision Maker,1111,1
467,DS-MVTec/cable/image/cut_inner_insulation/003.png,There is a defect in the object. What could be the effect of the defect?,Defect Analysis,eval,106.png,-5.265984,18.408472,11.503825,2.722211,0.005138,1.000000,0.999990,0.938325,-0.169862,+0.825000,+0.824990,+0.763325,0,1,1,1,0111,Knowledge Guide|Reasoning Expert|Decision Maker,0111,1
468,DS-MVTec/cable/image/cut_inner_insulation/004.png,Is there any defect in the object?,Anomaly Detection,train,165.png,15.063035,-7.402192,-14.901089,3.104222,1.000000,0.000610,0.000000,0.957067,+0.825000,-0.174390,-0.175000,+0.782067,1,0,0,1,1001,Reference Extractor|Decision Maker,1001,1
469,DS-MVTec/cable/image/cut_inner_insulation/004.png,There is a defect in the object. What is the type of the defect?,Defect Classification,train,165.png,12.360434,5.494308,-5.547761,3.710301,0.999996,0.995907,0.003881,0.976114,+0.824996,+0.820907,-0.171119,+0.801114,1,1,0,1,1101,Reference Extractor|Knowledge Guide|Decision Maker,1101,1
470,DS-MVTec/cable/image/cut_inner_insulation/004.png,There is a defect in the object. What is the appearance of the defect?,Defect Description,train,165.png,4.449676,16.834534,5.968695,3.576046,0.988452,1.000000,0.997449,0.972776,+0.813452,+0.825000,+0.822449,+0.797776,1,1,1,1,1111,Reference Extractor|Knowledge Guide|Reasoning Expert|Decision Maker,1111,1
471,DS-MVTec/cable/image/cut_inner_insulation/004.png,There is a defect in the object. What is the potential effect of the defect?,Defect Analysis,train,165.png,-5.410058,18.974022,11.883863,2.793806,0.004451,1.000000,0.999993,0.942340,-0.170549,+0.825000,+0.824993,+0.767340,0,1,1,1,0111,Knowledge Guide|Reasoning Expert|Decision Maker,0111,1
472,DS-MVTec/cable/image/cut_inner_insulation/005.png,Is there any defect in the object?,Anomaly Detection,train,152.png,15.489125,-7.591809,-15.319292,3.186930,1.000000,0.000504,0.000000,0.960339,+0.825000,-0.174496,-0.175000,+0.785339,1,0,0,1,1001,Reference Extractor|Decision Maker,1001,1
473,DS-MVTec/cable/image/cut_inner_insulation/005.png,There is a defect in the object. Where is the defect?,Defect Localization,train,152.png,13.334064,-5.811022,-12.782201,2.841934,0.999998,0.002985,0.000003,0.944900,+0.824998,-0.172015,-0.174997,+0.769900,1,0,0,1,1001,Reference Extractor|Decision Maker,1001,1
474,DS-MVTec/cable/image/cut_inner_insulation/005.png,There is a defect in the object. What is the appearance of the defect?,Defect Description,train,152.png,4.677786,17.075424,5.890424,3.681404,0.990786,1.000000,0.997242,0.975431,+0.815786,+0.825000,+0.822242,+0.800431,1,1,1,1,1111,Reference Extractor|Knowledge Guide|Reasoning Expert|Decision Maker,1111,1
475,DS-MVTec/cable/image/cut_inner_insulation/005.png,There is a defect in the object. What is another issue present in the image relating to the defect?,Defect Analysis,train,152.png,-2.721781,16.372478,9.240187,2.701717,0.061700,1.000000,0.999903,0.937128,-0.113300,+0.825000,+0.824903,+0.762128,0,1,1,1,0111,Knowledge Guide|Reasoning Expert|Decision Maker,0111,1
476,DS-MVTec/cable/image/cut_inner_insulation/006.png,Is there any defect in the object?,Anomaly Detection,eval,079.png,15.070264,-7.576076,-15.080549,3.132613,1.000000,0.000512,0.000000,0.958218,+0.825000,-0.174488,-0.175000,+0.783218,1,0,0,1,1001,Reference Extractor|Decision Maker,1001,1
477,DS-MVTec/cable/image/cut_inner_insulation/006.png,There is a defect in the object. What is the type of the defect on the blue-insulated section of the cable?,Defect Classification,eval,079.png,-0.958519,8.546766,4.024560,1.981280,0.277175,0.999806,0.982442,0.878818,+0.102175,+0.824806,+0.807442,+0.703818,1,1,1,1,1111,Reference Extractor|Knowledge Guide|Reasoning Expert|Decision Maker,1101,0
478,DS-MVTec/cable/image/cut_inner_insulation/006.png,There is a defect in the object. Where is the defect on the blue-insulated section?,Defect Localization,train,079.png,7.072058,-3.169533,-7.158548,1.907107,0.999152,0.040328,0.000778,0.870694,+0.824152,-0.134672,-0.174222,+0.695694,1,0,0,1,1001,Reference Extractor|Decision Maker,1001,1
479,DS-MVTec/cable/image/cut_inner_insulation/006.png,There is a defect in the object. What is the appearance of the defect on the blue-insulated section?,Defect Description,train,079.png,3.088737,7.575414,1.576523,2.324733,0.956426,0.999487,0.828712,0.910905,+0.781426,+0.824487,+0.653712,+0.735905,1,1,1,1,1111,Reference Extractor|Knowledge Guide|Reasoning Expert|Decision Maker,1111,1
480,DS-MVTec/cable/image/cut_inner_insulation/006.png,There is a defect in the object. What additional defect appears to be present in the cable?,Defect Analysis,eval,079.png,-4.087213,13.097668,8.179755,2.149184,0.016509,0.999998,0.999720,0.895593,-0.158491,+0.824998,+0.824720,+0.720593,0,1,1,1,0111,Knowledge Guide|Reasoning Expert|Decision Maker,0111,1
481,DS-MVTec/cable/image/cut_inner_insulation/007.png,Is there any defect in the object?,Anomaly Detection,eval,055.png,14.882793,-7.482019,-14.902811,3.098745,1.000000,0.000563,0.000000,0.956841,+0.825000,-0.174437,-0.175000,+0.781841,1,0,0,1,1001,Reference Extractor|Decision Maker,1001,1
482,DS-MVTec/cable/image/cut_inner_insulation/007.png,There is a defect in the object. What is the type of the defect?,Defect Classification,train,055.png,11.990756,5.565921,-5.365956,3.704710,0.999994,0.996189,0.004651,0.975984,+0.824994,+0.821189,-0.170349,+0.800984,1,1,0,1,1101,Reference Extractor|Knowledge Guide|Decision Maker,1101,1
483,DS-MVTec/cable/image/cut_inner_insulation/007.png,There is a defect in the object. Where is the defect?,Defect Localization,eval,055.png,12.735834,-5.923709,-12.471354,2.728545,0.999997,0.002668,0.000004,0.938690,+0.824997,-0.172332,-0.174996,+0.763690,1,0,0,1,1001,Reference Extractor|Decision Maker,1001,1
484,DS-MVTec/cable/image/cut_inner_insulation/007.png,There is a defect in the object. What is the appearance of the defect?,Defect Description,eval,055.png,4.077001,16.923859,6.173150,3.568148,0.983325,1.000000,0.997920,0.972566,+0.808325,+0.825000,+0.822920,+0.797566,1,1,1,1,1111,Reference Extractor|Knowledge Guide|Reasoning Expert|Decision Maker,1111,1
485,DS-MVTec/cable/image/cut_inner_insulation/007.png,There is a defect in the object. What could be the effect of this defect?,Defect Analysis,train,055.png,-2.743161,16.567312,9.303325,2.764378,0.060474,1.000000,0.999909,0.940720,-0.114526,+0.825000,+0.824909,+0.765720,0,1,1,1,0111,Knowledge Guide|Reasoning Expert|Decision Maker,0111,1
486,DS-MVTec/cable/image/cut_inner_insulation/008.png,Is there any defect in the object?,Anomaly Detection,eval,151.png,15.740990,-7.725526,-15.563380,3.234343,1.000000,0.000441,0.000000,0.962106,+0.825000,-0.174559,-0.175000,+0.787106,1,0,0,1,1001,Reference Extractor|Decision Maker,1001,1
487,DS-MVTec/cable/image/cut_inner_insulation/008.png,There is a defect in the object. What is the type of the defect?,Defect Classification,train,151.png,13.117214,4.847099,-6.422980,3.793589,0.999998,0.992210,0.001621,0.977981,+0.824998,+0.817210,-0.173379,+0.802981,1,1,0,1,1101,Reference Extractor|Knowledge Guide|Decision Maker,1101,1
488,DS-MVTec/cable/image/cut_inner_insulation/008.png,There is a defect in the object. What is the appearance of the defect?,Defect Description,eval,151.png,5.215221,16.211151,5.127287,3.654492,0.994596,1.000000,0.994102,0.974778,+0.819596,+0.825000,+0.819102,+0.799778,1,1,1,1,1111,Reference Extractor|Knowledge Guide|Reasoning Expert|Decision Maker,1111,1
489,DS-MVTec/cable/image/cut_inner_insulation/008.png,There is a defect in the object. What could be the potential effect of the defect?,Defect Analysis,train,151.png,-5.728812,18.353827,11.698792,2.749103,0.003240,1.000000,0.999992,0.939863,-0.171760,+0.825000,+0.824992,+0.764863,0,1,1,1,0111,Knowledge Guide|Reasoning Expert|Decision Maker,0111,1
490,DS-MVTec/cable/image/cut_inner_insulation/009.png,Is there any defect in the object?,Anomaly Detection,train,221.png,16.079786,-7.653236,-15.628366,3.256088,1.000000,0.000474,0.000000,0.962891,+0.825000,-0.174526,-0.175000,+0.787891,1,0,0,1,1001,Reference Extractor|Decision Maker,1001,1
491,DS-MVTec/cable/image/cut_inner_insulation/009.png,There is a defect in the object. What is the type of the defect?,Defect Classification,train,221.png,13.570414,4.978818,-6.517582,3.833235,0.999999,0.993165,0.001475,0.978819,+0.824999,+0.818165,-0.173525,+0.803819,1,1,0,1,1101,Reference Extractor|Knowledge Guide|Decision Maker,1101,1
492,DS-MVTec/cable/image/cut_inner_insulation/009.png,There is a defect in the object. What is the appearance of the defect?,Defect Description,train,221.png,5.693916,16.327042,5.009776,3.695060,0.996645,1.000000,0.993372,0.975756,+0.821645,+0.825000,+0.818372,+0.800756,1,1,1,1,1111,Reference Extractor|Knowledge Guide|Reasoning Expert|Decision Maker,1111,1
493,DS-MVTec/cable/image/cut_inner_insulation/009.png,There is a defect in the object. What is the effect of the defect?,Defect Analysis,eval,221.png,-3.590405,17.918171,10.474639,2.793509,0.026847,1.000000,0.999972,0.942324,-0.148153,+0.825000,+0.824972,+0.767324,0,1,1,1,0111,Knowledge Guide|Reasoning Expert|Decision Maker,0111,1
494,DS-MVTec/cable/image/cut_inner_insulation/010.png,Is there any defect in the object?,Anomaly Detection,eval,080.png,15.604331,-7.570543,-15.325755,3.191436,1.000000,0.000515,0.000000,0.960511,+0.825000,-0.174485,-0.175000,+0.785511,1,0,0,1,1001,Reference Extractor|Decision Maker,1001,1
495,DS-MVTec/cable/image/cut_inner_insulation/010.png,There is a defect in the object. What is the type of the defect?,Defect Classification,eval,080.png,12.963252,5.233634,-6.046483,3.781215,0.999998,0.994694,0.002361,0.977713,+0.824998,+0.819694,-0.172639,+0.802713,1,1,0,1,1101,Reference Extractor|Knowledge Guide|Decision Maker,1101,1
496,DS-MVTec/cable/image/cut_inner_insulation/010.png,There is a defect in the object. Where is the defect?,Defect Localization,train,080.png,13.609470,-6.141475,-13.033516,2.813241,0.999999,0.002147,0.000002,0.943387,+0.824999,-0.172853,-0.174998,+0.768387,1,0,0,1,1001,Reference Extractor|Decision Maker,1001,1
497,DS-MVTec/cable/image/cut_inner_insulation/010.png,There is a defect in the object. What is the appearance of the defect?,Defect Description,train,080.png,5.053537,16.600697,5.508471,3.642083,0.993654,1.000000,0.995964,0.974471,+0.818654,+0.825000,+0.820964,+0.799471,1,1,1,1,1111,Reference Extractor|Knowledge Guide|Reasoning Expert|Decision Maker,1111,1
498,DS-MVTec/cable/image/cut_inner_insulation/010.png,There is a defect in the object. What is the effect of the defect?,Defect Analysis,train,080.png,-4.168460,18.116503,10.851367,2.756752,0.015240,1.000000,0.999981,0.940294,-0.159760,+0.825000,+0.824981,+0.765294,0,1,1,1,0111,Knowledge Guide|Reasoning Expert|Decision Maker,0111,1
499,DS-MVTec/cable/image/cut_inner_insulation/011.png,Is there any defect in the object?,Anomaly Detection,train,161.png,15.712297,-7.725996,-15.549418,3.230915,1.000000,0.000441,0.000000,0.961981,+0.825000,-0.174559,-0.175000,+0.786981,1,0,0,1,1001,Reference Extractor|Decision Maker,1001,1
500,DS-MVTec/cable/image/cut_inner_insulation/011.png,There is a defect in the object. What is the type of the defect?,Defect Classification,train,161.png,13.124884,4.813878,-6.443583,3.790130,0.999998,0.991949,0.001588,0.977906,+0.824998,+0.816949,-0.173412,+0.802906,1,1,0,1,1101,Reference Extractor|Knowledge Guide|Decision Maker,1101,1
501,DS-MVTec/cable/image/cut_inner_insulation/011.png,There is a defect in the object. Where is the defect?,Defect Localization,train,161.png,13.752775,-6.459340,-13.361322,2.836950,0.999999,0.001563,0.000002,0.944640,+0.824999,-0.173437,-0.174998,+0.769640,1,0,0,1,1001,Reference Extractor|Decision Maker,1001,1
502,DS-MVTec/cable/image/cut_inner_insulation/011.png,There is a defect in the object. What is the appearance of the defect?,Defect Description,train,161.png,5.230564,16.173012,5.099871,3.651272,0.994678,1.000000,0.993939,0.974699,+0.819678,+0.825000,+0.818939,+0.799699,1,1,1,1,1111,Reference Extractor|Knowledge Guide|Reasoning Expert|Decision Maker,1111,1
503,DS-MVTec/cable/image/cut_inner_insulation/011.png,There is a defect in the object. What is the potential effect of the defect?,Defect Analysis,eval,161.png,-5.351104,18.765093,11.740135,2.767085,0.004721,1.000000,0.999992,0.940871,-0.170279,+0.825000,+0.824992,+0.765871,0,1,1,1,0111,Knowledge Guide|Reasoning Expert|Decision Maker,0111,1
504,DS-MVTec/cable/image/cut_inner_insulation/012.png,Is there any defect in the object?,Anomaly Detection,train,192.png,15.939285,-7.633458,-15.546390,3.238486,1.000000,0.000484,0.000000,0.962257,+0.825000,-0.174516,-0.175000,+0.787257,1,0,0,1,1001,Reference Extractor|Decision Maker,1001,1
505,DS-MVTec/cable/image/cut_inner_insulation/012.png,There is a defect in the object. What is the type of the defect?,Defect Classification,train,192.png,13.249058,5.345243,-6.161644,3.842232,0.999998,0.995252,0.002104,0.979005,+0.824998,+0.820252,-0.172896,+0.804005,1,1,0,1,1101,Reference Extractor|Knowledge Guide|Decision Maker,1101,1
506,DS-MVTec/cable/image/cut_inner_insulation/012.png,There is a defect in the object. What is the appearance of the defect?,Defect Description,train,192.png,5.369006,16.695923,5.368778,3.703992,0.995363,1.000000,0.995362,0.975967,+0.820363,+0.825000,+0.820362,+0.800967,1,1,1,1,1111,Reference Extractor|Knowledge Guide|Reasoning Expert|Decision Maker,1111,1
507,DS-MVTec/cable/image/cut_inner_insulation/012.png,There is a defect in the object. What might be the effect of the defect on the cable's performance and safety?,Defect Analysis,train,192.png,-6.004407,18.761139,12.014810,2.814192,0.002462,1.000000,0.999994,0.943438,-0.172538,+0.825000,+0.824994,+0.768438,0,1,1,1,0111,Knowledge Guide|Reasoning Expert|Decision Maker,0111,1
508,DS-MVTec/cable/image/cut_inner_insulation/013.png,Is there any defect in the object?,Anomaly Detection,train,000.png,15.970270,-7.523955,-15.450782,3.223856,1.000000,0.000540,0.000000,0.961722,+0.825000,-0.174460,-0.175000,+0.786722,1,0,0,1,1001,Reference Extractor|Decision Maker,1001,1
509,DS-MVTec/cable/image/cut_inner_insulation/013.png,There is a defect in the object. What is the type of the defect?,Defect Classification,eval,000.png,13.231645,5.610505,-5.958467,3.841797,0.999998,0.996354,0.002577,0.978996,+0.824998,+0.821354,-0.172423,+0.803996,1,1,0,1,1101,Reference Extractor|Knowledge Guide|Decision Maker,1101,1
510,DS-MVTec/cable/image/cut_inner_insulation/013.png,There is a defect in the object. Where is the defect?,Defect Localization,eval,000.png,13.927347,-5.866391,-13.022807,2.866750,0.999999,0.002825,0.000002,0.946178,+0.824999,-0.172175,-0.174998,+0.771178,1,0,0,1,1001,Reference Extractor|Decision Maker,1001,1
511,DS-MVTec/cable/image/cut_inner_insulation/013.png,There is a defect in the object. What is the appearance of the defect?,Defect Description,train,000.png,5.318243,16.973198,5.588671,3.704040,0.995122,1.000000,0.996274,0.975968,+0.820122,+0.825000,+0.821274,+0.800968,1,1,1,1,1111,Reference Extractor|Knowledge Guide|Reasoning Expert|Decision Maker,1111,1
512,DS-MVTec/cable/image/cut_inner_insulation/013.png,There is a defect in the object. What additional anomaly is present near the center of the image?,Defect Analysis,eval,000.png,-4.525444,22.953518,13.531539,3.307927,0.010714,1.000000,0.999999,0.964700,-0.164286,+0.825000,+0.824999,+0.789700,0,1,1,1,0111,Knowledge Guide|Reasoning Expert|Decision Maker,0111,1
513,DS-MVTec/cable/image/cut_outer_insulation/000.png,Is there any defect in the object?,Anomaly Detection,train,214.png,14.852903,-7.522312,-14.933297,3.103032,1.000000,0.000541,0.000000,0.957018,+0.825000,-0.174459,-0.175000,+0.782018,1,0,0,1,1001,Reference Extractor|Decision Maker,1001,1
514,DS-MVTec/cable/image/cut_outer_insulation/000.png,There is a defect in the object. What is the type of the defect?,Defect Classification,eval,214.png,11.929985,5.407709,-5.431133,3.687088,0.999993,0.995538,0.004359,0.975567,+0.824993,+0.820538,-0.170641,+0.800567,1,1,0,1,1101,Reference Extractor|Knowledge Guide|Decision Maker,1101,1
515,DS-MVTec/cable/image/cut_outer_insulation/000.png,There is a defect in the object. Where is the defect?,Defect Localization,train,214.png,12.697540,-6.079965,-12.549230,2.714705,0.999997,0.002283,0.000004,0.937889,+0.824997,-0.172717,-0.174996,+0.762889,1,0,0,1,1001,Reference Extractor|Decision Maker,1001,1
516,DS-MVTec/cable/image/cut_outer_insulation/000.png,There is a defect in the object. What is the appearance of the defect?,Defect Description,eval,214.png,4.011569,16.773758,6.121238,3.549056,0.982217,1.000000,0.997809,0.972052,+0.807217,+0.825000,+0.822809,+0.797052,1,1,1,1,1111,Reference Extractor|Knowledge Guide|Reasoning Expert|Decision Maker,1111,1
517,DS-MVTec/cable/image/cut_outer_insulation/000.png,There is a defect in the object. What is the additional defect observed at the center of the cable?,Defect Analysis,eval,214.png,-5.409242,17.890610,11.281591,2.668292,0.004455,1.000000,0.999987,0.935129,-0.170545,+0.825000,+0.824987,+0.760129,0,1,1,1,0111,Knowledge Guide|Reasoning Expert|Decision Maker,0111,1
518,DS-MVTec/cable/image/cut_outer_insulation/001.png,Is there any defect in the object?,Anomaly Detection,train,157.png,15.804617,-7.733313,-15.603846,3.244738,1.000000,0.000438,0.000000,0.962484,+0.825000,-0.174562,-0.175000,+0.787484,1,0,0,1,1001,Reference Extractor|Decision Maker,1001,1
519,DS-MVTec/cable/image/cut_outer_insulation/001.png,There is a defect in the object. What is the type of the defect?,Defect Classification,eval,157.png,12.908149,5.455869,-5.987720,3.853695,0.999997,0.995747,0.002503,0.979239,+0.824997,+0.820747,-0.172497,+0.804239,1,1,0,1,1101,Reference Extractor|Knowledge Guide|Decision Maker,1101,1
520,DS-MVTec/cable/image/cut_outer_insulation/001.png,There is a defect in the object. Where is the defect?,Defect Localization,train,157.png,13.671766,-6.106695,-13.138972,2.874068,0.999999,0.002223,0.000002,0.946550,+0.824999,-0.172777,-0.174998,+0.771550,1,0,0,1,1001,Reference Extractor|Decision Maker,1001,1
521,DS-MVTec/cable/image/cut_outer_insulation/001.png,There is a defect in the object. What is the appearance of the defect?,Defect Description,train,157.png,4.990008,16.829269,5.577412,3.713843,0.993240,1.000000,0.996232,0.976197,+0.818240,+0.825000,+0.821232,+0.801197,1,1,1,1,1111,Reference Extractor|Knowledge Guide|Reasoning Expert|Decision Maker,1111,1
522,DS-MVTec/cable/image/cut_outer_insulation/001.png,There is a defect in the object. What is the effect of the defect?,Defect Analysis,train,157.png,-4.282095,18.416971,11.030670,2.814450,0.013625,1.000000,0.999984,0.943452,-0.161375,+0.825000,+0.824984,+0.768452,0,1,1,1,0111,Knowledge Guide|Reasoning Expert|Decision Maker,0111,1
523,DS-MVTec/cable/image/cut_outer_insulation/002.png,Is there any defect in the object?,Anomaly Detection,train,014.png,14.764003,-7.199234,-14.565699,3.041038,1.000000,0.000747,0.000000,0.954394,+0.825000,-0.174253,-0.175000,+0.779394,1,0,0,1,1001,Reference Extractor|Decision Maker,1001,1
524,DS-MVTec/cable/image/cut_outer_insulation/002.png,There is a defect in the object. What is the type of the defect?,Defect Classification,train,014.png,11.662061,6.605088,-4.536274,3.729916,0.999991,0.998648,0.010600,0.976567,+0.824991,+0.823648,-0.164400,+0.801567,1,1,0,1,1101,Reference Extractor|Knowledge Guide|Decision Maker,1101,1
525,DS-MVTec/cable/image/cut_outer_insulation/002.png,There is a defect in the object. Where is the defect?,Defect Localization,eval,014.png,12.440566,-4.955985,-11.706285,2.747306,0.999996,0.006992,0.000008,0.939761,+0.824996,-0.168008,-0.174992,+0.764761,1,0,0,1,1001,Reference Extractor|Decision Maker,1001,1
526,DS-MVTec/cable/image/cut_outer_insulation/002.png,There is a defect in the object. What is the appearance of the defect?,Defect Description,train,014.png,3.736142,17.869764,6.848017,3.616619,0.976709,1.000000,0.998940,0.973830,+0.801709,+0.825000,+0.823940,+0.798830,1,1,1,1,1111,Reference Extractor|Knowledge Guide|Reasoning Expert|Decision Maker,1111,1
527,DS-MVTec/cable/image/cut_outer_insulation/002.png,There is a defect in the object. What does the defect expose?,Defect Analysis,train,014.png,-1.833333,9.115471,4.686697,2.053705,0.137842,0.999890,0.990867,0.886321,-0.037158,+0.824890,+0.815867,+0.711321,0,1,1,1,0111,Knowledge Guide|Reasoning Expert|Decision Maker,0111,1
528,DS-MVTec/cable/image/cut_outer_insulation/003.png,Is there any defect in the object?,Anomaly Detection,eval,099.png,15.528789,-7.614060,-15.358300,3.194877,1.000000,0.000493,0.000000,0.960641,+0.825000,-0.174507,-0.175000,+0.785641,1,0,0,1,1001,Reference Extractor|Decision Maker,1001,1
529,DS-MVTec/cable/image/cut_outer_insulation/003.png,There is a defect in the object. What is the type of the defect?,Defect Classification,train,099.png,12.650194,5.588117,-5.766584,3.817616,0.999997,0.996272,0.003121,0.978493,+0.824997,+0.821272,-0.171879,+0.803493,1,1,0,1,1101,Reference Extractor|Knowledge Guide|Decision Maker,1101,1
530,DS-MVTec/cable/image/cut_outer_insulation/003.png,There is a defect in the object. What is the appearance of the defect?,Defect Description,eval,099.png,4.737557,16.958036,5.792901,3.678099,0.991316,1.000000,0.996960,0.975352,+0.816316,+0.825000,+0.821960,+0.800352,1,1,1,1,1111,Reference Extractor|Knowledge Guide|Reasoning Expert|Decision Maker,1111,1
531,DS-MVTec/cable/image/cut_outer_insulation/003.png,There is a defect in the object. What additional defect can be identified within the brown insulated section?,Defect Analysis,train,099.png,-4.367234,15.666537,9.788195,2.355387,0.012527,1.000000,0.999944,0.913361,-0.162473,+0.825000,+0.824944,+0.738361,0,1,1,1,0111,Knowledge Guide|Reasoning Expert|Decision Maker,0111,1
532,DS-MVTec/cable/image/cut_outer_insulation/004.png,Is there any defect in the object?,Anomaly Detection,train,187.png,15.307134,-7.557332,-15.183522,3.159961,1.000000,0.000522,0.000000,0.959299,+0.825000,-0.174478,-0.175000,+0.784299,1,0,0,1,1001,Reference Extractor|Decision Maker,1001,1
533,DS-MVTec/cable/image/cut_outer_insulation/004.png,There is a defect in the object. What is the type of the defect?,Defect Classification,train,187.png,12.341180,5.812996,-5.435459,3.794914,0.999996,0.997020,0.004340,0.978010,+0.824996,+0.822020,-0.170660,+0.803010,1,1,0,1,1101,Reference Extractor|Knowledge Guide|Decision Maker,1101,1
534,DS-MVTec/cable/image/cut_outer_insulation/004.png,There is a defect in the object. Where is the defect?,Defect Localization,train,187.png,13.116575,-5.763760,-12.607697,2.812424,0.999998,0.003129,0.000003,0.943344,+0.824998,-0.171871,-0.174997,+0.768344,1,0,0,1,1001,Reference Extractor|Decision Maker,1001,1
535,DS-MVTec/cable/image/cut_outer_insulation/004.png,There is a defect in the object. What is the appearance of the defect?,Defect Description,train,187.png,4.422691,17.178999,6.116793,3.656896,0.988140,1.000000,0.997799,0.974837,+0.813140,+0.825000,+0.822799,+0.799837,1,1,1,1,1111,Reference Extractor|Knowledge Guide|Reasoning Expert|Decision Maker,1111,1
536,DS-MVTec/cable/image/cut_outer_insulation/004.png,There is a defect in the object. What is the effect of the defect?,Defect Analysis,train,187.png,-4.714152,18.634859,11.352363,2.787825,0.008888,1.000000,0.999988,0.942014,-0.166112,+0.825000,+0.824988,+0.767014,0,1,1,1,0111,Knowledge Guide|Reasoning Expert|Decision Maker,0111,1
537,DS-MVTec/cable/image/cut_outer_insulation/005.png,Is there any defect in the object?,Anomaly Detection,eval,047.png,15.216057,-7.586754,-15.166939,3.154010,1.000000,0.000507,0.000000,0.959066,+0.825000,-0.174493,-0.175000,+0.784066,1,0,0,1,1001,Reference Extractor|Decision Maker,1001,1
538,DS-MVTec/cable/image/cut_outer_insulation/005.png,There is a defect in the object. What is the type of the defect?,Defect Classification,train,047.png,12.276894,5.623033,-5.505966,3.768192,0.999995,0.996399,0.004046,0.977427,+0.824995,+0.821399,-0.170954,+0.802427,1,1,0,1,1101,Reference Extractor|Knowledge Guide|Decision Maker,1101,1
539,DS-MVTec/cable/image/cut_outer_insulation/005.png,There is a defect in the object. Where is the defect?,Defect Localization,train,047.png,13.045841,-5.940647,-12.667364,2.786851,0.999998,0.002623,0.000003,0.941961,+0.824998,-0.172377,-0.174997,+0.766961,1,0,0,1,1001,Reference Extractor|Decision Maker,1001,1
540,DS-MVTec/cable/image/cut_outer_insulation/005.png,There is a defect in the object. What is the appearance of the defect?,Defect Description,train,047.png,4.358634,16.991474,6.050485,3.629579,0.987366,1.000000,0.997649,0.974158,+0.812366,+0.825000,+0.822649,+0.799158,1,1,1,1,1111,Reference Extractor|Knowledge Guide|Reasoning Expert|Decision Maker,1111,1
541,DS-MVTec/cable/image/cut_outer_insulation/005.png,There is a defect in the object. What additional defect is present in the cable?,Defect Analysis,train,047.png,-2.978399,13.534036,7.756712,2.398574,0.048411,0.999999,0.999572,0.916718,-0.126589,+0.824999,+0.824572,+0.741718,0,1,1,1,0111,Knowledge Guide|Reasoning Expert|Decision Maker,0111,1
542,DS-MVTec/cable/image/cut_outer_insulation/006.png,Is there any defect in the object?,Anomaly Detection,eval,055.png,15.580690,-7.756840,-15.520154,3.222346,1.000000,0.000428,0.000000,0.961667,+0.825000,-0.174572,-0.175000,+0.786667,1,0,0,1,1001,Reference Extractor|Decision Maker,1001,1
543,DS-MVTec/cable/image/cut_outer_insulation/006.png,There is a defect in the object. What is the type of the defect?,Defect Classification,train,055.png,12.840589,4.867280,-6.291366,3.779759,0.999997,0.992365,0.001849,0.977681,+0.824997,+0.817365,-0.173151,+0.802681,1,1,0,1,1101,Reference Extractor|Knowledge Guide|Decision Maker,1101,1
544,DS-MVTec/cable/image/cut_outer_insulation/006.png,There is a defect in the object. Where is the defect?,Defect Localization,train,055.png,13.536887,-6.488431,-13.293262,2.822263,0.999999,0.001519,0.000002,0.943867,+0.824999,-0.173481,-0.174998,+0.768867,1,0,0,1,1001,Reference Extractor|Decision Maker,1001,1
545,DS-MVTec/cable/image/cut_outer_insulation/006.png,There is a defect in the object. What is the appearance of the defect?,Defect Description,train,055.png,4.939863,16.230598,5.257736,3.640721,0.992895,1.000000,0.994820,0.974437,+0.817895,+0.825000,+0.819820,+0.799437,1,1,1,1,1111,Reference Extractor|Knowledge Guide|Reasoning Expert|Decision Maker,1111,1
546,DS-MVTec/cable/image/cut_outer_insulation/006.png,There is a defect in the object. Is there an additional defect observed in the cable?,Defect Analysis,train,055.png,-5.002465,14.681051,9.428569,2.287704,0.006676,1.000000,0.999920,0.907854,-0.168324,+0.825000,+0.824920,+0.732854,0,1,1,1,0111,Knowledge Guide|Reasoning Expert|Decision Maker,0111,1
547,DS-MVTec/cable/image/cut_outer_insulation/007.png,Is there any defect in the object?,Anomaly Detection,train,156.png,15.588831,-7.694575,-15.462839,3.213201,1.000000,0.000455,0.000000,0.961328,+0.825000,-0.174545,-0.175000,+0.786328,1,0,0,1,1001,Reference Extractor|Decision Maker,1001,1
548,DS-MVTec/cable/image/cut_outer_insulation/007.png,There is a defect in the object. What is the type of the defect?,Defect Classification,eval,156.png,12.844807,5.066364,-6.157385,3.786546,0.999997,0.993734,0.002113,0.977829,+0.824997,+0.818734,-0.172887,+0.802829,1,1,0,1,1101,Reference Extractor|Knowledge Guide|Decision Maker,1101,1
549,DS-MVTec/cable/image/cut_outer_insulation/007.png,There is a defect in the object. Where is the defect?,Defect Localization,train,156.png,13.550256,-6.344413,-13.193360,2.821738,0.999999,0.001753,0.000002,0.943839,+0.824999,-0.173247,-0.174998,+0.768839,1,0,0,1,1001,Reference Extractor|Decision Maker,1001,1
550,DS-MVTec/cable/image/cut_outer_insulation/007.png,There is a defect in the object. What is the appearance of the defect?,Defect Description,eval,156.png,4.927539,16.439257,5.406941,3.646734,0.992808,1.000000,0.995535,0.974586,+0.817808,+0.825000,+0.820535,+0.799586,1,1,1,1,1111,Reference Extractor|Knowledge Guide|Reasoning Expert|Decision Maker,1111,1
551,DS-MVTec/cable/image/cut_outer_insulation/007.png,There is a defect in the object. What is the potential effect of the defect on the cable's integrity and function?,Defect Analysis,train,156.png,-6.168540,18.804829,12.108850,2.834054,0.002090,1.000000,0.999995,0.944489,-0.172910,+0.825000,+0.824995,+0.769489,0,1,1,1,0111,Knowledge Guide|Reasoning Expert|Decision Maker,0111,1
552,DS-MVTec/cable/image/cut_outer_insulation/008.png,Is there any defect in the object?,Anomaly Detection,train,184.png,15.620271,-7.653873,-15.433593,3.209551,1.000000,0.000474,0.000000,0.961192,+0.825000,-0.174526,-0.175000,+0.786192,1,0,0,1,1001,Reference Extractor|Decision Maker,1001,1
553,DS-MVTec/cable/image/cut_outer_insulation/008.png,There is a defect in the object. What is the type of the defect?,Defect Classification,eval,184.png,12.871784,5.211940,-6.061871,3.790643,0.999997,0.994578,0.002325,0.977918,+0.824997,+0.819578,-0.172675,+0.802918,1,1,0,1,1101,Reference Extractor|Knowledge Guide|Decision Maker,1101,1
554,DS-MVTec/cable/image/cut_outer_insulation/008.png,There is a defect in the object. Where is the defect?,Defect Localization,train,184.png,13.576512,-6.228672,-13.114585,2.821679,0.999999,0.001968,0.000002,0.943836,+0.824999,-0.173032,-0.174998,+0.768836,1,0,0,1,1001,Reference Extractor|Decision Maker,1001,1
555,DS-MVTec/cable/image/cut_outer_insulation/008.png,There is a defect in the object. What is the appearance of the defect?,Defect Description,train,184.png,4.953644,16.585339,5.503259,3.650790,0.992992,1.000000,0.995943,0.974687,+0.817992,+0.825000,+0.820943,+0.799687,1,1,1,1,1111,Reference Extractor|Knowledge Guide|Reasoning Expert|Decision Maker,1111,1
556,DS-MVTec/cable/image/cut_outer_insulation/008.png,There is a defect in the object. What is the effect of the defect on the cable?,Defect Analysis,eval,184.png,-4.640064,15.682016,9.760631,2.425116,0.009565,1.000000,0.999942,0.918723,-0.165435,+0.825000,+0.824942,+0.743723,0,1,1,1,0111,Knowledge Guide|Reasoning Expert|Decision Maker,0111,1
557,DS-MVTec/cable/image/cut_outer_insulation/009.png,Is there any defect in the object?,Anomaly Detection,train,133.png,15.481593,-7.728055,-15.442040,3.206820,1.000000,0.000440,0.000000,0.961090,+0.825000,-0.174560,-0.175000,+0.786090,1,0,0,1,1001,Reference Extractor|Decision Maker,1001,1
558,DS-MVTec/cable/image/cut_outer_insulation/009.png,There is a defect in the object. What is the type of the defect?,Defect Classification,eval,133.png,12.721617,4.954890,-6.168893,3.772809,0.999997,0.993001,0.002089,0.977529,+0.824997,+0.818000,-0.172911,+0.802529,1,1,0,1,1101,Reference Extractor|Knowledge Guide|Decision Maker,1101,1
559,DS-MVTec/cable/image/cut_outer_insulation/009.png,There is a defect in the object. Where is the defect?,Defect Localization,train,133.png,13.428956,-6.437617,-13.199368,2.810513,0.999999,0.001598,0.000002,0.943241,+0.824999,-0.173402,-0.174998,+0.768241,1,0,0,1,1001,Reference Extractor|Decision Maker,1001,1
560,DS-MVTec/cable/image/cut_outer_insulation/009.png,There is a defect in the object. What is the appearance of the defect?,Defect Description,train,133.png,4.807479,16.325974,5.392554,3.633144,0.991898,1.000000,0.995470,0.974248,+0.816898,+0.825000,+0.820470,+0.799248,1,1,1,1,1111,Reference Extractor|Knowledge Guide|Reasoning Expert|Decision Maker,1111,1
561,DS-MVTec/cable/image/cut_outer_insulation/009.png,There is a defect in the object. What is the likely effect of the defect on the cable?,Defect Analysis,eval,133.png,-5.376527,15.688063,10.111146,2.423050,0.004603,1.000000,0.999959,0.918568,-0.170397,+0.825000,+0.824959,+0.743568,0,1,1,1,0111,Knowledge Guide|Reasoning Expert|Decision Maker,0111,1
562,DS-MVTec/cable/image/good/000.png,Is there any defect in the object?,Anomaly Detection,eval,133.png,15.812121,-7.816020,-15.688155,3.257043,1.000000,0.000403,0.000000,0.962925,+0.825000,-0.174597,-0.175000,+0.787925,1,0,0,1,1001,Reference Extractor|Decision Maker,1001,1
563,DS-MVTec/cable/image/good/001.png,Is there any defect in the object?,Anomaly Detection,train,026.png,15.347788,-7.515635,-15.184541,3.162854,1.000000,0.000544,0.000000,0.959412,+0.825000,-0.174456,-0.175000,+0.784412,1,0,0,1,1001,Reference Extractor|Decision Maker,1001,1
564,DS-MVTec/cable/image/good/002.png,Is there any defect in the object?,Anomaly Detection,train,099.png,15.710747,-7.772415,-15.616338,3.242932,1.000000,0.000421,0.000000,0.962418,+0.825000,-0.174579,-0.175000,+0.787418,1,0,0,1,1001,Reference Extractor|Decision Maker,1001,1
565,DS-MVTec/cable/image/good/003.png,Is there any defect in the object?,Anomaly Detection,train,106.png,15.907131,-7.768109,-15.693593,3.262687,1.000000,0.000423,0.000000,0.963126,+0.825000,-0.174577,-0.175000,+0.788126,1,0,0,1,1001,Reference Extractor|Decision Maker,1001,1
566,DS-MVTec/cable/image/good/004.png,Is there any defect in the object?,Anomaly Detection,train,191.png,16.527121,-7.737130,-15.973752,3.331262,1.000000,0.000436,0.000000,0.965486,+0.825000,-0.174564,-0.175000,+0.790486,1,0,0,1,1001,Reference Extractor|Decision Maker,1001,1
567,DS-MVTec/cable/image/good/005.png,Is there any defect in the object?,Anomaly Detection,train,152.png,15.267856,-7.635571,-15.254950,3.168781,1.000000,0.000483,0.000000,0.959642,+0.825000,-0.174517,-0.175000,+0.784642,1,0,0,1,1001,Reference Extractor|Decision Maker,1001,1
568,DS-MVTec/cable/image/good/006.png,Is there any defect in the object?,Anomaly Detection,eval,126.png,15.944170,-7.544940,-15.473569,3.228154,1.000000,0.000528,0.000000,0.961880,+0.825000,-0.174471,-0.175000,+0.786880,1,0,0,1,1001,Reference Extractor|Decision Maker,1001,1
569,DS-MVTec/cable/image/good/007.png,Is there any defect in the object?,Anomaly Detection,train,127.png,15.929300,-7.664755,-15.586934,3.245091,1.000000,0.000469,0.000000,0.962496,+0.825000,-0.174531,-0.175000,+0.787496,1,0,0,1,1001,Reference Extractor|Decision Maker,1001,1
570,DS-MVTec/cable/image/good/008.png,Is there any defect in the object?,Anomaly Detection,train,141.png,15.923510,-7.699280,-15.641786,3.254367,1.000000,0.000453,0.000000,0.962830,+0.825000,-0.174547,-0.175000,+0.787830,1,0,0,1,1001,Reference Extractor|Decision Maker,1001,1
571,DS-MVTec/cable/image/good/009.png,Is there any defect in the object?,Anomaly Detection,train,147.png,16.225042,-7.855397,-15.938907,3.312224,1.000000,0.000388,0.000000,0.964846,+0.825000,-0.174612,-0.175000,+0.789846,1,0,0,1,1001,Reference Extractor|Decision Maker,1001,1
572,DS-MVTec/cable/image/good/010.png,Is there any defect in the object?,Anomaly Detection,train,008.png,16.332026,-7.750161,-15.870165,3.303238,1.000000,0.000430,0.000000,0.964540,+0.825000,-0.174570,-0.175000,+0.789540,1,0,0,1,1001,Reference Extractor|Decision Maker,1001,1
573,DS-MVTec/cable/image/good/011.png,Is there any defect in the object?,Anomaly Detection,train,133.png,16.119078,-7.858674,-15.897129,3.302304,1.000000,0.000386,0.000000,0.964508,+0.825000,-0.174614,-0.175000,+0.789508,1,0,0,1,1001,Reference Extractor|Decision Maker,1001,1
574,DS-MVTec/cable/image/good/012.png,Is there any defect in the object?,Anomaly Detection,eval,020.png,15.563623,-7.784801,-15.554679,3.226397,1.000000,0.000416,0.000000,0.961816,+0.825000,-0.174584,-0.175000,+0.786816,1,0,0,1,1001,Reference Extractor|Decision Maker,1001,1
575,DS-MVTec/cable/image/good/013.png,Is there any defect in the object?,Anomaly Detection,train,019.png,15.585365,-7.658675,-15.416469,3.204581,1.000000,0.000472,0.000000,0.961006,+0.825000,-0.174528,-0.175000,+0.786006,1,0,0,1,1001,Reference Extractor|Decision Maker,1001,1
576,DS-MVTec/cable/image/good/014.png,Is there any defect in the object?,Anomaly Detection,train,084.png,15.734101,-7.770913,-15.605465,3.241218,1.000000,0.000422,0.000000,0.962356,+0.825000,-0.174578,-0.175000,+0.787356,1,0,0,1,1001,Reference Extractor|Decision Maker,1001,1
577,DS-MVTec/cable/image/good/015.png,Is there any defect in the object?,Anomaly Detection,train,123.png,15.434208,-7.595815,-15.278426,3.177441,1.000000,0.000502,0.000000,0.959976,+0.825000,-0.174498,-0.175000,+0.784976,1,0,0,1,1001,Reference Extractor|Decision Maker,1001,1
578,DS-MVTec/cable/image/good/016.png,Is there any defect in the object?,Anomaly Detection,eval,110.png,16.041723,-7.816582,-15.810260,3.285576,1.000000,0.000403,0.000000,0.963931,+0.825000,-0.174597,-0.175000,+0.788931,1,0,0,1,1001,Reference Extractor|Decision Maker,1001,1
579,DS-MVTec/cable/image/good/017.png,Is there any defect in the object?,Anomaly Detection,eval,155.png,15.685178,-7.675873,-15.490886,3.221831,1.000000,0.000464,0.000000,0.961648,+0.825000,-0.174536,-0.175000,+0.786648,1,0,0,1,1001,Reference Extractor|Decision Maker,1001,1
580,DS-MVTec/cable/image/good/018.png,Is there any defect in the object?,Anomaly Detection,eval,019.png,15.879627,-7.717998,-15.623505,3.248407,1.000000,0.000445,0.000000,0.962616,+0.825000,-0.174555,-0.175000,+0.787616,1,0,0,1,1001,Reference Extractor|Decision Maker,1001,1
581,DS-MVTec/cable/image/good/019.png,Is there any defect in the object?,Anomaly Detection,train,127.png,15.990244,-7.736783,-15.681735,3.262423,1.000000,0.000436,0.000000,0.963117,+0.825000,-0.174564,-0.175000,+0.788117,1,0,0,1,1001,Reference Extractor|Decision Maker,1001,1
582,DS-MVTec/cable/image/good/020.png,Is there any defect in the object?,Anomaly Detection,eval,203.png,16.227282,-7.891024,-15.982950,3.319552,1.000000,0.000374,0.000000,0.965093,+0.825000,-0.174626,-0.175000,+0.790093,1,0,0,1,1001,Reference Extractor|Decision Maker,1001,1
583,DS-MVTec/cable/image/good/021.png,Is there any defect in the object?,Anomaly Detection,train,132.png,15.666084,-7.742544,-15.555660,3.231753,1.000000,0.000434,0.000000,0.962012,+0.825000,-0.174566,-0.175000,+0.787012,1,0,0,1,1001,Reference Extractor|Decision Maker,1001,1
584,DS-MVTec/cable/image/good/022.png,Is there any defect in the object?,Anomaly Detection,train,148.png,16.656338,-7.854214,-16.135378,3.359152,1.000000,0.000388,0.000000,0.966403,+0.825000,-0.174612,-0.175000,+0.791403,1,0,0,1,1001,Reference Extractor|Decision Maker,1001,1
585,DS-MVTec/cable/image/good/023.png,Is there any defect in the object?,Anomaly Detection,train,073.png,15.678841,-7.640821,-15.456435,3.216155,1.000000,0.000480,0.000000,0.961438,+0.825000,-0.174520,-0.175000,+0.786438,1,0,0,1,1001,Reference Extractor|Decision Maker,1001,1
586,DS-MVTec/cable/image/good/024.png,Is there any defect in the object?,Anomaly Detection,train,089.png,16.468138,-7.893458,-16.089769,3.345000,1.000000,0.000373,0.000000,0.965941,+0.825000,-0.174627,-0.175000,+0.790941,1,0,0,1,1001,Reference Extractor|Decision Maker,1001,1
587,DS-MVTec/cable/image/good/025.png,Is there any defect in the object?,Anomaly Detection,eval,138.png,16.014296,-7.740185,-15.720975,3.270566,1.000000,0.000435,0.000000,0.963405,+0.825000,-0.174565,-0.175000,+0.788405,1,0,0,1,1001,Reference Extractor|Decision Maker,1001,1
588,DS-MVTec/cable/image/good/026.png,Is there any defect in the object?,Anomaly Detection,train,208.png,16.021742,-7.883338,-15.878243,3.296096,1.000000,0.000377,0.000000,0.964295,+0.825000,-0.174623,-0.175000,+0.789295,1,0,0,1,1001,Reference Extractor|Decision Maker,1001,1
589,DS-MVTec/cable/image/good/027.png,Is there any defect in the object?,Anomaly Detection,eval,085.png,15.852652,-7.673645,-15.561879,3.237725,1.000000,0.000465,0.000000,0.962229,+0.825000,-0.174535,-0.175000,+0.787229,1,0,0,1,1001,Reference Extractor|Decision Maker,1001,1
590,DS-MVTec/cable/image/good/028.png,Is there any defect in the object?,Anomaly Detection,train,001.png,16.209768,-7.795965,-15.851007,3.295853,1.000000,0.000411,0.000000,0.964286,+0.825000,-0.174589,-0.175000,+0.789286,1,0,0,1,1001,Reference Extractor|Decision Maker,1001,1
591,DS-MVTec/cable/image/good/029.png,Is there any defect in the object?,Anomaly Detection,train,148.png,16.105207,-7.732369,-15.746190,3.276618,1.000000,0.000438,0.000000,0.963618,+0.825000,-0.174562,-0.175000,+0.788618,1,0,0,1,1001,Reference Extractor|Decision Maker,1001,1
592,DS-MVTec/cable/image/good/030.png,Is there any defect in the object?,Anomaly Detection,train,147.png,16.653191,-7.876048,-16.160624,3.361824,1.000000,0.000380,0.000000,0.966490,+0.825000,-0.174620,-0.175000,+0.791490,1,0,0,1,1001,Reference Extractor|Decision Maker,1001,1
593,DS-MVTec/cable/image/good/031.png,Is there any defect in the object?,Anomaly Detection,train,014.png,17.284475,-7.940931,-16.499720,3.437723,1.000000,0.000356,0.000000,0.968863,+0.825000,-0.174644,-0.175000,+0.793863,1,0,0,1,1001,Reference Extractor|Decision Maker,1001,1
594,DS-MVTec/cable/image/good/032.png,Is there any defect in the object?,Anomaly Detection,train,127.png,16.012253,-7.666255,-15.618030,3.251060,1.000000,0.000468,0.000000,0.962711,+0.825000,-0.174532,-0.175000,+0.787711,1,0,0,1,1001,Reference Extractor|Decision Maker,1001,1
595,DS-MVTec/cable/image/good/033.png,Is there any defect in the object?,Anomaly Detection,train,191.png,16.604834,-7.850522,-16.117220,3.355059,1.000000,0.000389,0.000000,0.966270,+0.825000,-0.174611,-0.175000,+0.791270,1,0,0,1,1001,Reference Extractor|Decision Maker,1001,1
596,DS-MVTec/cable/image/good/034.png,Is there any defect in the object?,Anomaly Detection,eval,149.png,16.875706,-7.887809,-16.284695,3.392601,1.000000,0.000375,0.000000,0.967473,+0.825000,-0.174625,-0.175000,+0.792473,1,0,0,1,1001,Reference Extractor|Decision Maker,1001,1
597,DS-MVTec/cable/image/good/035.png,Is there any defect in the object?,Anomaly Detection,train,129.png,15.335293,-7.606704,-15.257612,3.172699,1.000000,0.000497,0.000000,0.959794,+0.825000,-0.174503,-0.175000,+0.784794,1,0,0,1,1001,Reference Extractor|Decision Maker,1001,1
598,DS-MVTec/cable/image/good/036.png,Is there any defect in the object?,Anomaly Detection,train,059.png,15.523184,-7.807314,-15.550888,3.226776,1.000000,0.000407,0.000000,0.961830,+0.825000,-0.174593,-0.175000,+0.786830,1,0,0,1,1001,Reference Extractor|Decision Maker,1001,1
599,DS-MVTec/cable/image/good/037.png,Is there any defect in the object?,Anomaly Detection,train,115.png,15.727595,-7.803103,-15.645022,3.247296,1.000000,0.000408,0.000000,0.962576,+0.825000,-0.174592,-0.175000,+0.787576,1,0,0,1,1001,Reference Extractor|Decision Maker,1001,1
600,DS-MVTec/cable/image/good/038.png,Is there any defect in the object?,Anomaly Detection,train,080.png,15.978468,-7.666497,-15.610357,3.249719,1.000000,0.000468,0.000000,0.962663,+0.825000,-0.174532,-0.175000,+0.787663,1,0,0,1,1001,Reference Extractor|Decision Maker,1001,1
601,DS-MVTec/cable/image/good/039.png,Is there any defect in the object?,Anomaly Detection,train,128.png,16.973497,-7.920018,-16.357931,3.407315,1.000000,0.000363,0.000000,0.967932,+0.825000,-0.174637,-0.175000,+0.792932,1,0,0,1,1001,Reference Extractor|Decision Maker,1001,1
602,DS-MVTec/cable/image/good/040.png,Is there any defect in the object?,Anomaly Detection,train,093.png,14.858108,-7.539093,-14.952117,3.105930,1.000000,0.000532,0.000000,0.957137,+0.825000,-0.174468,-0.175000,+0.782137,1,0,0,1,1001,Reference Extractor|Decision Maker,1001,1
603,DS-MVTec/cable/image/good/041.png,Is there any defect in the object?,Anomaly Detection,eval,126.png,16.405460,-7.844141,-16.017019,3.330783,1.000000,0.000392,0.000000,0.965470,+0.825000,-0.174608,-0.175000,+0.790470,1,0,0,1,1001,Reference Extractor|Decision Maker,1001,1
604,DS-MVTec/cable/image/good/042.png,Is there any defect in the object?,Anomaly Detection,train,133.png,16.318884,-7.879306,-16.000687,3.325915,1.000000,0.000378,0.000000,0.965307,+0.825000,-0.174622,-0.175000,+0.790307,1,0,0,1,1001,Reference Extractor|Decision Maker,1001,1
605,DS-MVTec/cable/image/good/043.png,Is there any defect in the object?,Anomaly Detection,eval,120.png,15.863880,-7.783163,-15.688137,3.258755,1.000000,0.000417,0.000000,0.962986,+0.825000,-0.174583,-0.175000,+0.787986,1,0,0,1,1001,Reference Extractor|Decision Maker,1001,1
606,DS-MVTec/cable/image/good/044.png,Is there any defect in the object?,Anomaly Detection,eval,061.png,15.527449,-7.744509,-15.492985,3.214438,1.000000,0.000433,0.000000,0.961374,+0.825000,-0.174567,-0.175000,+0.786374,1,0,0,1,1001,Reference Extractor|Decision Maker,1001,1
607,DS-MVTec/cable/image/good/045.png,Is there any defect in the object?,Anomaly Detection,eval,095.png,16.091806,-7.877717,-15.909904,3.301616,1.000000,0.000379,0.000000,0.964484,+0.825000,-0.174621,-0.175000,+0.789484,1,0,0,1,1001,Reference Extractor|Decision Maker,1001,1
608,DS-MVTec/cable/image/good/046.png,Is there any defect in the object?,Anomaly Detection,train,139.png,15.674760,-7.861366,-15.686006,3.251910,1.000000,0.000385,0.000000,0.962742,+0.825000,-0.174615,-0.175000,+0.787742,1,0,0,1,1001,Reference Extractor|Decision Maker,1001,1
609,DS-MVTec/cable/image/good/047.png,Is there any defect in the object?,Anomaly Detection,eval,099.png,15.274883,-7.698897,-15.325976,3.180683,1.000000,0.000453,0.000000,0.960101,+0.825000,-0.174547,-0.175000,+0.785101,1,0,0,1,1001,Reference Extractor|Decision Maker,1001,1
610,DS-MVTec/cable/image/good/048.png,Is there any defect in the object?,Anomaly Detection,eval,131.png,15.571321,-7.742697,-15.515059,3.221161,1.000000,0.000434,0.000000,0.961623,+0.825000,-0.174566,-0.175000,+0.786623,1,0,0,1,1001,Reference Extractor|Decision Maker,1001,1
611,DS-MVTec/cable/image/good/049.png,Is there any defect in the object?,Anomaly Detection,train,017.png,15.113731,-7.616298,-15.151864,3.145276,1.000000,0.000492,0.000000,0.958722,+0.825000,-0.174508,-0.175000,+0.783722,1,0,0,1,1001,Reference Extractor|Decision Maker,1001,1
612,DS-MVTec/cable/image/good/050.png,Is there any defect in the object?,Anomaly Detection,train,017.png,14.884705,-7.580537,-15.007385,3.114321,1.000000,0.000510,0.000000,0.957480,+0.825000,-0.174490,-0.175000,+0.782480,1,0,0,1,1001,Reference Extractor|Decision Maker,1001,1
613,DS-MVTec/cable/image/good/051.png,Is there any defect in the object?,Anomaly Detection,train,133.png,16.033321,-7.862409,-15.849520,3.291091,1.000000,0.000385,0.000000,0.964122,+0.825000,-0.174615,-0.175000,+0.789122,1,0,0,1,1001,Reference Extractor|Decision Maker,1001,1
614,DS-MVTec/cable/image/good/052.png,Is there any defect in the object?,Anomaly Detection,train,099.png,15.304886,-7.696140,-15.346614,3.185322,1.000000,0.000454,0.000000,0.960278,+0.825000,-0.174546,-0.175000,+0.785278,1,0,0,1,1001,Reference Extractor|Decision Maker,1001,1
615,DS-MVTec/cable/image/good/053.png,Is there any defect in the object?,Anomaly Detection,train,208.png,15.428678,-7.691535,-15.393929,3.196725,1.000000,0.000456,0.000000,0.960711,+0.825000,-0.174544,-0.175000,+0.785711,1,0,0,1,1001,Reference Extractor|Decision Maker,1001,1
616,DS-MVTec/cable/image/good/054.png,Is there any defect in the object?,Anomaly Detection,train,133.png,16.116869,-7.812760,-15.840852,3.292127,1.000000,0.000404,0.000000,0.964158,+0.825000,-0.174596,-0.175000,+0.789158,1,0,0,1,1001,Reference Extractor|Decision Maker,1001,1
617,DS-MVTec/cable/image/good/055.png,Is there any defect in the object?,Anomaly Detection,train,169.png,16.269850,-7.723540,-15.838761,3.299345,1.000000,0.000442,0.000000,0.964406,+0.825000,-0.174558,-0.175000,+0.789406,1,0,0,1,1001,Reference Extractor|Decision Maker,1001,1
618,DS-MVTec/cable/image/good/056.png,Is there any defect in the object?,Anomaly Detection,train,099.png,16.254889,-7.806786,-15.901359,3.307241,1.000000,0.000407,0.000000,0.964676,+0.825000,-0.174593,-0.175000,+0.789676,1,0,0,1,1001,Reference Extractor|Decision Maker,1001,1
619,DS-MVTec/cable/image/good/057.png,Is there any defect in the object?,Anomaly Detection,eval,089.png,15.615461,-7.697037,-15.491950,3.220133,1.000000,0.000454,0.000000,0.961585,+0.825000,-0.174546,-0.175000,+0.786585,1,0,0,1,1001,Reference Extractor|Decision Maker,1001,1
620,DS-MVTec/cable/image/missing_cable/000.png,Is there any defect in the object?,Anomaly Detection,eval,000.png,15.144634,-7.514253,-15.057319,3.130218,1.000000,0.000545,0.000000,0.958122,+0.825000,-0.174455,-0.175000,+0.783122,1,0,0,1,1001,Reference Extractor|Decision Maker,1001,1
621,DS-MVTec/cable/image/missing_cable/000.png,There is a defect in the object. What is the type of the defect?,Defect Classification,train,000.png,12.649910,4.689274,-6.182404,3.662479,0.999997,0.990890,0.002061,0.974974,+0.824997,+0.815890,-0.172939,+0.799974,1,1,0,1,1101,Reference Extractor|Knowledge Guide|Decision Maker,1101,1
622,DS-MVTec/cable/image/missing_cable/000.png,There is a defect in the object. Where is the defect?,Defect Localization,eval,000.png,13.214343,-6.339482,-12.938413,2.733958,0.999998,0.001762,0.000002,0.939001,+0.824998,-0.173238,-0.174998,+0.764001,1,0,0,1,1001,Reference Extractor|Decision Maker,1001,1
623,DS-MVTec/cable/image/missing_cable/000.png,There is a defect in the object. What is the appearance of the defect?,Defect Description,train,000.png,4.731774,16.062309,5.382084,3.522719,0.991266,1.000000,0.995423,0.971327,+0.816266,+0.825000,+0.820423,+0.796327,1,1,1,1,1111,Reference Extractor|Knowledge Guide|Reasoning Expert|Decision Maker,1111,1
624,DS-MVTec/cable/image/missing_cable/000.png,There is a defect in the object. What is the effect of the defect?,Defect Analysis,train,000.png,-4.415032,17.553230,10.678332,2.644001,0.011950,1.000000,0.999977,0.933640,-0.163050,+0.825000,+0.824977,+0.758640,0,1,1,1,0111,Knowledge Guide|Reasoning Expert|Decision Maker,0111,1
625,DS-MVTec/cable/image/missing_cable/001.png,Is there any defect in the object?,Anomaly Detection,train,129.png,15.541163,-7.663127,-15.416827,3.203878,1.000000,0.000470,0.000000,0.960980,+0.825000,-0.174530,-0.175000,+0.785980,1,0,0,1,1001,Reference Extractor|Decision Maker,1001,1
626,DS-MVTec/cable/image/missing_cable/001.png,There is a defect in the object. What is the type of the defect?,Defect Classification,eval,129.png,12.770621,5.213273,-6.045703,3.789322,0.999997,0.994586,0.002362,0.977889,+0.824997,+0.819586,-0.172638,+0.802889,1,1,0,1,1101,Reference Extractor|Knowledge Guide|Decision Maker,1101,1
627,DS-MVTec/cable/image/missing_cable/001.png,There is a defect in the object. Where is the defect?,Defect Localization,train,129.png,13.486336,-6.226742,-13.098292,2.819955,0.999999,0.001972,0.000002,0.943745,+0.824999,-0.173028,-0.174998,+0.768745,1,0,0,1,1001,Reference Extractor|Decision Maker,1001,1
628,DS-MVTec/cable/image/missing_cable/001.png,There is a defect in the object. What is the appearance of the defect?,Defect Description,train,129.png,4.874628,16.573853,5.499043,3.650505,0.992420,1.000000,0.995926,0.974680,+0.817420,+0.825000,+0.820926,+0.799680,1,1,1,1,1111,Reference Extractor|Knowledge Guide|Reasoning Expert|Decision Maker,1111,1
629,DS-MVTec/cable/image/missing_cable/001.png,There is a defect in the object. What is the effect of the defect?,Defect Analysis,train,129.png,-4.371517,18.153564,10.932157,2.754725,0.012474,1.000000,0.999982,0.940180,-0.162526,+0.825000,+0.824982,+0.765180,0,1,1,1,0111,Knowledge Guide|Reasoning Expert|Decision Maker,0111,1
630,DS-MVTec/cable/image/missing_cable/002.png,Is there any defect in the object?,Anomaly Detection,eval,013.png,15.864000,-7.451313,-15.349897,3.205890,1.000000,0.000580,0.000000,0.961055,+0.825000,-0.174420,-0.175000,+0.786055,1,0,0,1,1001,Reference Extractor|Decision Maker,1001,1
631,DS-MVTec/cable/image/missing_cable/002.png,There is a defect in the object. What is the type of the defect?,Defect Classification,train,013.png,12.796458,6.450380,-5.298541,3.895526,0.999997,0.998423,0.004974,0.980072,+0.824997,+0.823423,-0.170026,+0.805072,1,1,0,1,1101,Reference Extractor|Knowledge Guide|Decision Maker,1101,1
632,DS-MVTec/cable/image/missing_cable/002.png,There is a defect in the object. Where is the defect?,Defect Localization,eval,013.png,13.573272,-5.136728,-12.474855,2.912655,0.999999,0.005843,0.000004,0.948468,+0.824999,-0.169157,-0.174996,+0.773468,1,0,0,1,1001,Reference Extractor|Decision Maker,1001,1
633,DS-MVTec/cable/image/missing_cable/002.png,There is a defect in the object. What is the appearance of the defect?,Defect Description,train,013.png,4.876935,17.790064,6.211459,3.763631,0.992437,1.000000,0.997998,0.977327,+0.817437,+0.825000,+0.822998,+0.802327,1,1,1,1,1111,Reference Extractor|Knowledge Guide|Reasoning Expert|Decision Maker,1111,1
634,DS-MVTec/cable/image/missing_cable/002.png,There is a defect in the object. What effect does the defect have on the object?,Defect Analysis,train,013.png,-6.111455,21.300867,13.317210,3.118969,0.002212,1.000000,0.999998,0.957668,-0.172788,+0.825000,+0.824998,+0.782668,0,1,1,1,0111,Knowledge Guide|Reasoning Expert|Decision Maker,0111,1
635,DS-MVTec/cable/image/missing_cable/003.png,Is there any defect in the object?,Anomaly Detection,eval,130.png,16.541906,-7.748896,-15.984241,3.330317,1.000000,0.000431,0.000000,0.965454,+0.825000,-0.174569,-0.175000,+0.790454,1,0,0,1,1001,Reference Extractor|Decision Maker,1001,1
636,DS-MVTec/cable/image/missing_cable/003.png,There is a defect in the object. What is the type of the defect?,Defect Classification,train,130.png,13.836995,5.354537,-6.568494,3.953465,0.999999,0.995296,0.001402,0.981173,+0.824999,+0.820296,-0.173598,+0.806173,1,1,0,1,1101,Reference Extractor|Knowledge Guide|Decision Maker,1101,1
637,DS-MVTec/cable/image/missing_cable/003.png,There is a defect in the object. Where is the defect?,Defect Localization,train,130.png,14.503763,-6.047280,-13.560026,2.982922,1.000000,0.002359,0.000001,0.951797,+0.825000,-0.172641,-0.174999,+0.776797,1,0,0,1,1001,Reference Extractor|Decision Maker,1001,1
638,DS-MVTec/cable/image/missing_cable/003.png,There is a defect in the object. What is the appearance of the defect?,Defect Description,train,130.png,5.956522,16.706133,4.961967,3.815374,0.997418,1.000000,0.993050,0.978445,+0.822418,+0.825000,+0.818049,+0.803445,1,1,1,1,1111,Reference Extractor|Knowledge Guide|Reasoning Expert|Decision Maker,1111,1
639,DS-MVTec/cable/image/missing_cable/003.png,There is a defect in the object. What is the likely effect of the defect on the cable's functionality?,Defect Analysis,train,130.png,-5.154856,15.420097,9.849199,2.374164,0.005738,1.000000,0.999947,0.914836,-0.169262,+0.825000,+0.824947,+0.739836,0,1,1,1,0111,Knowledge Guide|Reasoning Expert|Decision Maker,0111,1
640,DS-MVTec/cable/image/missing_cable/004.png,Is there any defect in the object?,Anomaly Detection,train,127.png,15.133988,-7.557283,-15.099353,3.137985,1.000000,0.000522,0.000000,0.958433,+0.825000,-0.174478,-0.175000,+0.783433,1,0,0,1,1001,Reference Extractor|Decision Maker,1001,1
641,DS-MVTec/cable/image/missing_cable/004.png,There is a defect in the object. What is the type of the defect?,Defect Classification,train,127.png,12.418406,5.068550,-5.879933,3.700566,0.999996,0.993748,0.002787,0.975886,+0.824996,+0.818748,-0.172213,+0.800886,1,1,0,1,1101,Reference Extractor|Knowledge Guide|Decision Maker,1101,1
642,DS-MVTec/cable/image/missing_cable/004.png,There is a defect in the object. Where is the defect?,Defect Localization,train,127.png,13.127034,-6.297466,-12.896797,2.742683,0.999998,0.001838,0.000003,0.939499,+0.824998,-0.173162,-0.174997,+0.764499,1,0,0,1,1001,Reference Extractor|Decision Maker,1001,1
643,DS-MVTec/cable/image/missing_cable/004.png,There is a defect in the object. What is the appearance of the defect?,Defect Description,train,127.png,4.518535,16.430368,5.666625,3.561822,0.989213,1.000000,0.996552,0.972396,+0.814213,+0.825000,+0.821552,+0.797396,1,1,1,1,1111,Reference Extractor|Knowledge Guide|Reasoning Expert|Decision Maker,1111,1
644,DS-MVTec/cable/image/missing_cable/004.png,There is a defect in the object. What effect does the defect have on the object?,Defect Analysis,train,127.png,-6.032135,19.970873,12.617598,2.957535,0.002395,1.000000,0.999997,0.950618,-0.172605,+0.825000,+0.824997,+0.775618,0,1,1,1,0111,Knowledge Guide|Reasoning Expert|Decision Maker,0111,1
645,DS-MVTec/cable/image/missing_cable/005.png,Is there any defect in the object?,Anomaly Detection,train,000.png,15.464767,-7.560626,-15.254865,3.175204,1.000000,0.000520,0.000000,0.959890,+0.825000,-0.174480,-0.175000,+0.784890,1,0,0,1,1001,Reference Extractor|Decision Maker,1001,1
646,DS-MVTec/cable/image/missing_cable/005.png,There is a defect in the object. What is the type of the defect?,Defect Classification,train,000.png,12.647041,5.462186,-5.762877,3.770860,0.999997,0.995774,0.003132,0.977486,+0.824997,+0.820774,-0.171868,+0.802486,1,1,0,1,1101,Reference Extractor|Knowledge Guide|Decision Maker,1101,1
647,DS-MVTec/cable/image/missing_cable/005.png,There is a defect in the object. Where is the defect?,Defect Localization,train,000.png,13.382174,-6.036381,-12.864137,2.795751,0.999998,0.002384,0.000003,0.942446,+0.824998,-0.172615,-0.174997,+0.767446,1,0,0,1,1001,Reference Extractor|Decision Maker,1001,1
648,DS-MVTec/cable/image/missing_cable/005.png,There is a defect in the object. What is the appearance of the defect?,Defect Description,eval,000.png,4.728778,16.830984,5.794305,3.632147,0.991240,1.000000,0.996964,0.974223,+0.816240,+0.825000,+0.821964,+0.799223,1,1,1,1,1111,Reference Extractor|Knowledge Guide|Reasoning Expert|Decision Maker,1111,1
649,DS-MVTec/cable/image/missing_cable/005.png,There is a defect in the object. What is the effect of the defect?,Defect Analysis,train,000.png,-4.468770,18.317404,11.086852,2.755039,0.011332,1.000000,0.999985,0.940197,-0.163668,+0.825000,+0.824985,+0.765197,0,1,1,1,0111,Knowledge Guide|Reasoning Expert|Decision Maker,0111,1
650,DS-MVTec/cable/image/missing_cable/006.png,Is there any defect in the object?,Anomaly Detection,train,188.png,16.188078,-7.758325,-15.829629,3.294179,1.000000,0.000427,0.000000,0.964229,+0.825000,-0.174573,-0.175000,+0.789229,1,0,0,1,1001,Reference Extractor|Decision Maker,1001,1
651,DS-MVTec/cable/image/missing_cable/006.png,There is a defect in the object. What is the type of the defect?,Defect Classification,train,188.png,13.305540,5.599095,-6.155933,3.927184,0.999998,0.996312,0.002116,0.980681,+0.824998,+0.821312,-0.172884,+0.805681,1,1,0,1,1101,Reference Extractor|Knowledge Guide|Decision Maker,1101,1
652,DS-MVTec/cable/image/missing_cable/006.png,There is a defect in the object. Where is the defect?,Defect Localization,train,188.png,14.027817,-5.912974,-13.252665,2.948373,0.999999,0.002697,0.000002,0.950187,+0.824999,-0.172303,-0.174998,+0.775187,1,0,0,1,1001,Reference Extractor|Decision Maker,1001,1
653,DS-MVTec/cable/image/missing_cable/006.png,There is a defect in the object. What is the appearance of the defect?,Defect Description,train,188.png,5.387400,16.972494,5.409198,3.787331,0.995447,1.000000,0.995545,0.977846,+0.820447,+0.825000,+0.820545,+0.802846,1,1,1,1,1111,Reference Extractor|Knowledge Guide|Reasoning Expert|Decision Maker,1111,1
654,DS-MVTec/cable/image/missing_cable/006.png,There is a defect in the object. What is the effect of the defect?,Defect Analysis,eval,188.png,-3.869933,18.572067,10.889613,2.882073,0.020434,1.000000,0.999981,0.946953,-0.154566,+0.825000,+0.824981,+0.771953,0,1,1,1,0111,Knowledge Guide|Reasoning Expert|Decision Maker,0111,1
655,DS-MVTec/cable/image/missing_cable/007.png,Is there any defect in the object?,Anomaly Detection,train,086.png,16.461353,-7.619269,-15.818322,3.303030,1.000000,0.000491,0.000000,0.964533,+0.825000,-0.174509,-0.175000,+0.789533,1,0,0,1,1001,Reference Extractor|Decision Maker,1001,1
656,DS-MVTec/cable/image/missing_cable/007.png,There is a defect in the object. What is the type of the defect?,Defect Classification,train,086.png,13.442015,6.255544,-5.813526,3.989304,0.999999,0.998084,0.002978,0.981824,+0.824999,+0.823084,-0.172022,+0.806824,1,1,0,1,1101,Reference Extractor|Knowledge Guide|Decision Maker,1101,1
657,DS-MVTec/cable/image/missing_cable/007.png,There is a defect in the object. Where is the defect?,Defect Localization,eval,086.png,14.207062,-5.322713,-12.973660,3.007735,0.999999,0.004856,0.000002,0.952922,+0.824999,-0.170144,-0.174998,+0.777922,1,0,0,1,1001,Reference Extractor|Decision Maker,1001,1
658,DS-MVTec/cable/image/missing_cable/007.png,There is a defect in the object. What is the appearance of the defect?,Defect Description,train,086.png,5.523895,17.627310,5.748760,3.849861,0.996026,1.000000,0.996823,0.979161,+0.821026,+0.825000,+0.821823,+0.804161,1,1,1,1,1111,Reference Extractor|Knowledge Guide|Reasoning Expert|Decision Maker,1111,1
659,DS-MVTec/cable/image/missing_cable/007.png,There is a defect in the object. What is the effect of the defect?,Defect Analysis,train,086.png,-3.717310,19.142208,11.108321,2.960344,0.023723,1.000000,0.999985,0.950750,-0.151277,+0.825000,+0.824985,+0.775750,0,1,1,1,0111,Knowledge Guide|Reasoning Expert|Decision Maker,0111,1
660,DS-MVTec/cable/image/missing_cable/008.png,Is there any defect in the object?,Anomaly Detection,eval,128.png,16.347479,-7.661538,-15.807877,3.296273,1.000000,0.000470,0.000000,0.964301,+0.825000,-0.174530,-0.175000,+0.789301,1,0,0,1,1001,Reference Extractor|Decision Maker,1001,1
661,DS-MVTec/cable/image/missing_cable/008.png,There is a defect in the object. What is the type of the defect?,Defect Classification,eval,128.png,13.369830,6.083917,-5.892293,3.968816,0.999998,0.997726,0.002753,0.981455,+0.824998,+0.822726,-0.172247,+0.806455,1,1,0,1,1101,Reference Extractor|Knowledge Guide|Decision Maker,1101,1
662,DS-MVTec/cable/image/missing_cable/008.png,There is a defect in the object. Where is the defect?,Defect Localization,eval,128.png,14.125376,-5.489756,-13.044012,2.987254,0.999999,0.004112,0.000002,0.951995,+0.824999,-0.170888,-0.174998,+0.776995,1,0,0,1,1001,Reference Extractor|Decision Maker,1001,1
663,DS-MVTec/cable/image/missing_cable/008.png,There is a defect in the object. What is the appearance of the defect?,Defect Description,eval,128.png,5.451690,17.457296,5.672808,3.828968,0.995729,1.000000,0.996574,0.978730,+0.820729,+0.825000,+0.821574,+0.803730,1,1,1,1,1111,Reference Extractor|Knowledge Guide|Reasoning Expert|Decision Maker,1111,1
664,DS-MVTec/cable/image/missing_cable/008.png,There is a defect in the object. What is the effect of the defect?,Defect Analysis,train,128.png,-3.843292,19.030603,11.106846,2.933376,0.020974,1.000000,0.999985,0.949472,-0.154026,+0.825000,+0.824985,+0.774472,0,1,1,1,0111,Knowledge Guide|Reasoning Expert|Decision Maker,0111,1
665,DS-MVTec/cable/image/missing_cable/009.png,Is there any defect in the object?,Anomaly Detection,train,159.png,15.979382,-7.546564,-15.508843,3.236930,1.000000,0.000528,0.000000,0.962201,+0.825000,-0.174472,-0.175000,+0.787201,1,0,0,1,1001,Reference Extractor|Decision Maker,1001,1
666,DS-MVTec/cable/image/missing_cable/009.png,There is a defect in the object. What is the type of the defect?,Defect Classification,train,159.png,12.901593,6.420922,-5.416683,3.936621,0.999997,0.998375,0.004422,0.980859,+0.824997,+0.823375,-0.170578,+0.805859,1,1,0,1,1101,Reference Extractor|Knowledge Guide|Decision Maker,1101,1
667,DS-MVTec/cable/image/missing_cable/009.png,There is a defect in the object. Where is the defect?,Defect Localization,eval,159.png,13.680170,-5.171815,-12.598014,2.953216,0.999999,0.005642,0.000003,0.950415,+0.824999,-0.169358,-0.174997,+0.775415,1,0,0,1,1001,Reference Extractor|Decision Maker,1001,1
668,DS-MVTec/cable/image/missing_cable/009.png,There is a defect in the object. What is the appearance of the defect?,Defect Description,train,159.png,4.982793,17.784607,6.131880,3.799146,0.993192,1.000000,0.997832,0.978100,+0.818192,+0.825000,+0.822832,+0.803100,1,1,1,1,1111,Reference Extractor|Knowledge Guide|Reasoning Expert|Decision Maker,1111,1
669,DS-MVTec/cable/image/missing_cable/009.png,There is a defect in the object. What is the effect of the defect?,Defect Analysis,train,159.png,-4.241712,19.262428,11.427581,2.919377,0.014179,1.000000,0.999989,0.948796,-0.160821,+0.825000,+0.824989,+0.773796,0,1,1,1,0111,Knowledge Guide|Reasoning Expert|Decision Maker,0111,1
670,DS-MVTec/cable/image/missing_cable/010.png,Is there any defect in the object?,Anomaly Detection,eval,160.png,16.009211,-7.565794,-15.525663,3.237132,1.000000,0.000518,0.000000,0.962208,+0.825000,-0.174482,-0.175000,+0.787208,1,0,0,1,1001,Reference Extractor|Decision Maker,1001,1
671,DS-MVTec/cable/image/missing_cable/010.png,There is a defect in the object. What is the type of the defect?,Defect Classification,eval,160.png,13.304362,5.407125,-6.145480,3.839225,0.999998,0.995535,0.002139,0.978943,+0.824998,+0.820535,-0.172861,+0.803943,1,1,0,1,1101,Reference Extractor|Knowledge Guide|Decision Maker,1101,1
672,DS-MVTec/cable/image/missing_cable/010.png,There is a defect in the object. Where is the defect?,Defect Localization,train,160.png,13.989326,-6.025155,-13.175262,2.869032,0.999999,0.002411,0.000002,0.946294,+0.824999,-0.172589,-0.174998,+0.771294,1,0,0,1,1001,Reference Extractor|Decision Maker,1001,1
673,DS-MVTec/cable/image/missing_cable/010.png,There is a defect in the object. What is the appearance of the defect?,Defect Description,train,160.png,5.386218,16.779533,5.417851,3.699629,0.995442,1.000000,0.995583,0.975864,+0.820442,+0.825000,+0.820583,+0.800864,1,1,1,1,1111,Reference Extractor|Knowledge Guide|Reasoning Expert|Decision Maker,1111,1
674,DS-MVTec/cable/image/missing_cable/010.png,There is a defect in the object. What effect does the defect have on the cable?,Defect Analysis,train,160.png,-5.235766,16.109068,10.266619,2.455212,0.005295,1.000000,0.999965,0.920942,-0.169705,+0.825000,+0.824965,+0.745942,0,1,1,1,0111,Knowledge Guide|Reasoning Expert|Decision Maker,0111,1
675,DS-MVTec/cable/image/missing_cable/011.png,Is there any defect in the object?,Anomaly Detection,eval,160.png,16.240770,-7.587308,-15.656943,3.266874,1.000000,0.000507,0.000000,0.963275,+0.825000,-0.174493,-0.175000,+0.788275,1,0,0,1,1001,Reference Extractor|Decision Maker,1001,1
676,DS-MVTec/cable/image/missing_cable/011.png,There is a defect in the object. What are the types of the defect?,Defect Classification,eval,160.png,9.674363,7.751444,-2.701635,3.561002,0.999937,0.999570,0.062877,0.972375,+0.824937,+0.824570,-0.112123,+0.797375,1,1,0,1,1101,Reference Extractor|Knowledge Guide|Decision Maker,1101,1
677,DS-MVTec/cable/image/missing_cable/011.png,There are some defects in the object. Where are the defects?,Defect Localization,train,160.png,16.260885,-7.632138,-15.710997,3.272447,1.000000,0.000484,0.000000,0.963471,+0.825000,-0.174516,-0.175000,+0.788471,1,0,0,1,1001,Reference Extractor|Decision Maker,1001,1
678,DS-MVTec/cable/image/missing_cable/011.png,There are some defects in the object. What is the appearance of the defects?,Defect Description,train,160.png,4.905884,15.498827,4.929253,3.504434,0.992652,1.000000,0.992820,0.970814,+0.817652,+0.825000,+0.817820,+0.795814,1,1,1,1,1111,Reference Extractor|Knowledge Guide|Reasoning Expert|Decision Maker,1111,1
679,DS-MVTec/cable/image/missing_cable/011.png,There are some defects in the object. What could be the effect of these defects?,Defect Analysis,eval,160.png,-5.202302,16.862011,10.694133,2.536481,0.005474,1.000000,0.999977,0.926660,-0.169526,+0.825000,+0.824977,+0.751660,0,1,1,1,0111,Knowledge Guide|Reasoning Expert|Decision Maker,0111,1
680,DS-MVTec/cable/image/missing_wire/000.png,Is there any defect in the object?,Anomaly Detection,train,115.png,15.706280,-7.706426,-15.528823,3.227407,1.000000,0.000450,0.000000,0.961853,+0.825000,-0.174550,-0.175000,+0.786853,1,0,0,1,1001,Reference Extractor|Decision Maker,1001,1
681,DS-MVTec/cable/image/missing_wire/000.png,There is a defect in the object. What is the type of the defect?,Defect Classification,train,115.png,13.038177,4.949246,-6.338099,3.798420,0.999998,0.992961,0.001765,0.978085,+0.824998,+0.817961,-0.173235,+0.803085,1,1,0,1,1101,Reference Extractor|Knowledge Guide|Decision Maker,1101,1
682,DS-MVTec/cable/image/missing_wire/000.png,There is a defect in the object. Where is the defect?,Defect Localization,eval,115.png,13.687420,-6.388988,-13.296782,2.836557,0.999999,0.001677,0.000002,0.944620,+0.824999,-0.173323,-0.174998,+0.769620,1,0,0,1,1001,Reference Extractor|Decision Maker,1001,1
683,DS-MVTec/cable/image/missing_wire/000.png,There is a defect in the object. What is the appearance of the defect?,Defect Description,train,115.png,5.164024,16.296835,5.186724,3.660537,0.994314,1.000000,0.994441,0.974926,+0.819314,+0.825000,+0.819441,+0.799926,1,1,1,1,1111,Reference Extractor|Knowledge Guide|Reasoning Expert|Decision Maker,1111,1
684,DS-MVTec/cable/image/missing_wire/000.png,There is a defect in the object. What is the effect of the defect?,Defect Analysis,train,115.png,-4.097047,17.910679,10.681985,2.754824,0.016350,1.000000,0.999977,0.940185,-0.158650,+0.825000,+0.824977,+0.765185,0,1,1,1,0111,Knowledge Guide|Reasoning Expert|Decision Maker,0111,1
685,DS-MVTec/cable/image/missing_wire/001.png,Is there any defect in the object?,Anomaly Detection,train,074.png,16.411169,-7.733789,-15.875121,3.308708,1.000000,0.000438,0.000000,0.964726,+0.825000,-0.174562,-0.175000,+0.789726,1,0,0,1,1001,Reference Extractor|Decision Maker,1001,1
686,DS-MVTec/cable/image/missing_wire/001.png,There is a defect in the object. What is the type of the defect?,Defect Classification,eval,074.png,13.681183,5.340173,-6.422928,3.916823,0.999999,0.995228,0.001621,0.980484,+0.824999,+0.820228,-0.173379,+0.805484,1,1,0,1,1101,Reference Extractor|Knowledge Guide|Decision Maker,1101,1
687,DS-MVTec/cable/image/missing_wire/001.png,There is a defect in the object. Where is the defect?,Defect Localization,eval,074.png,14.404274,-6.162748,-13.512090,2.944014,0.999999,0.002102,0.000001,0.949980,+0.824999,-0.172898,-0.174999,+0.774980,1,0,0,1,1001,Reference Extractor|Decision Maker,1001,1
688,DS-MVTec/cable/image/missing_wire/001.png,There is a defect in the object. What is the appearance of the defect?,Defect Description,train,074.png,5.768798,16.710241,5.136906,3.777239,0.996886,1.000000,0.994159,0.977626,+0.821886,+0.825000,+0.819158,+0.802626,1,1,1,1,1111,Reference Extractor|Knowledge Guide|Reasoning Expert|Decision Maker,1111,1
689,DS-MVTec/cable/image/missing_wire/001.png,There is a defect in the object. What is the effect of the defect?,Defect Analysis,train,074.png,-3.513308,18.307808,10.617381,2.872381,0.028936,1.000000,0.999976,0.946464,-0.146064,+0.825000,+0.824976,+0.771464,0,1,1,1,0111,Knowledge Guide|Reasoning Expert|Decision Maker,0111,1
690,DS-MVTec/cable/image/missing_wire/002.png,Is there any defect in the object?,Anomaly Detection,eval,157.png,16.208941,-7.829907,-15.897856,3.305306,1.000000,0.000398,0.000000,0.964610,+0.825000,-0.174602,-0.175000,+0.789610,1,0,0,1,1001,Reference Extractor|Decision Maker,1001,1
691,DS-MVTec/cable/image/missing_wire/002.png,There is a defect in the object. What is the type of the defect?,Defect Classification,train,157.png,13.397200,5.222638,-6.409303,3.899665,0.999998,0.994636,0.001643,0.980153,+0.824998,+0.819636,-0.173357,+0.805153,1,1,0,1,1101,Reference Extractor|Knowledge Guide|Decision Maker,1101,1
692,DS-MVTec/cable/image/missing_wire/002.png,There is a defect in the object. Where is the defect?,Defect Localization,train,157.png,14.126850,-6.288417,-13.506712,2.925339,0.999999,0.001854,0.000001,0.949085,+0.824999,-0.173146,-0.174999,+0.774085,1,0,0,1,1001,Reference Extractor|Decision Maker,1001,1
693,DS-MVTec/cable/image/missing_wire/002.png,There is a defect in the object. What is the appearance of the defect?,Defect Description,eval,157.png,5.484185,16.593071,5.151109,3.760052,0.995865,1.000000,0.994240,0.977247,+0.820865,+0.825000,+0.819240,+0.802247,1,1,1,1,1111,Reference Extractor|Knowledge Guide|Reasoning Expert|Decision Maker,1111,1
694,DS-MVTec/cable/image/missing_wire/002.png,There is a defect in the object. What is the effect of the defect on the cable?,Defect Analysis,train,157.png,-4.211774,15.768277,9.570300,2.508668,0.014604,1.000000,0.999930,0.924747,-0.160396,+0.825000,+0.824930,+0.749747,0,1,1,1,0111,Knowledge Guide|Reasoning Expert|Decision Maker,0111,1
695,DS-MVTec/cable/image/missing_wire/003.png,Is there any defect in the object?,Anomaly Detection,train,085.png,15.951925,-7.579387,-15.504193,3.233067,1.000000,0.000511,0.000000,0.962060,+0.825000,-0.174489,-0.175000,+0.787060,1,0,0,1,1001,Reference Extractor|Decision Maker,1001,1
696,DS-MVTec/cable/image/missing_wire/003.png,There is a defect in the object. What is the type of the defect?,Defect Classification,train,085.png,13.089338,5.766540,-5.830802,3.864985,0.999998,0.996879,0.002927,0.979467,+0.824998,+0.821879,-0.172073,+0.804467,1,1,0,1,1101,Reference Extractor|Knowledge Guide|Decision Maker,1101,1
697,DS-MVTec/cable/image/missing_wire/003.png,There is a defect in the object. Where is the defect?,Defect Localization,train,085.png,13.838663,-5.786773,-12.968637,2.885260,0.999999,0.003058,0.000002,0.947113,+0.824999,-0.171942,-0.174998,+0.772113,1,0,0,1,1001,Reference Extractor|Decision Maker,1001,1
698,DS-MVTec/cable/image/missing_wire/003.png,There is a defect in the object. What is the appearance of the defect?,Defect Description,train,085.png,5.170908,17.135094,5.725900,3.726333,0.994353,1.000000,0.996750,0.976485,+0.819353,+0.825000,+0.821750,+0.801485,1,1,1,1,1111,Reference Extractor|Knowledge Guide|Reasoning Expert|Decision Maker,1111,1
699,DS-MVTec/cable/image/missing_wire/003.png,There is a defect in the object. What is the effect of the defect?,Defect Analysis,train,085.png,-4.072444,18.643581,11.061234,2.842382,0.016750,1.000000,0.999984,0.944924,-0.158250,+0.825000,+0.824984,+0.769924,0,1,1,1,0111,Knowledge Guide|Reasoning Expert|Decision Maker,0111,1
700,DS-MVTec/cable/image/missing_wire/004.png,Is there any defect in the object?,Anomaly Detection,train,216.png,16.563478,-7.797458,-16.016418,3.336009,1.000000,0.000411,0.000000,0.965644,+0.825000,-0.174589,-0.175000,+0.790644,1,0,0,1,1001,Reference Extractor|Decision Maker,1001,1
701,DS-MVTec/cable/image/missing_wire/004.png,There is a defect in the object. What is the type of the defect?,Defect Classification,train,216.png,13.943253,5.001480,-6.763118,3.914140,0.999999,0.993317,0.001154,0.980433,+0.824999,+0.818317,-0.173846,+0.805433,1,1,0,1,1101,Reference Extractor|Knowledge Guide|Decision Maker,1101,1
702,DS-MVTec/cable/image/missing_wire/004.png,There is a defect in the object. Where is the defect?,Defect Localization,train,216.png,14.595823,-6.393956,-13.754832,2.951994,1.000000,0.001669,0.000001,0.950358,+0.825000,-0.173331,-0.174999,+0.775358,1,0,0,1,1001,Reference Extractor|Decision Maker,1001,1
703,DS-MVTec/cable/image/missing_wire/004.png,There is a defect in the object. What is the appearance of the defect?,Defect Description,train,216.png,6.025111,16.374880,4.802014,3.774287,0.997589,1.000000,0.991854,0.977562,+0.822589,+0.825000,+0.816854,+0.802562,1,1,1,1,1111,Reference Extractor|Knowledge Guide|Reasoning Expert|Decision Maker,1111,1
704,DS-MVTec/cable/image/missing_wire/004.png,There is a defect in the object. What might be the effect of the defect?,Defect Analysis,eval,216.png,-5.282528,18.357454,11.494582,2.716115,0.005054,1.000000,0.999990,0.937971,-0.169946,+0.825000,+0.824990,+0.762971,0,1,1,1,0111,Knowledge Guide|Reasoning Expert|Decision Maker,0111,1
705,DS-MVTec/cable/image/missing_wire/005.png,Is there any defect in the object?,Anomaly Detection,eval,113.png,16.625307,-7.770236,-16.022013,3.339469,1.000000,0.000422,0.000000,0.965758,+0.825000,-0.174578,-0.175000,+0.790758,1,0,0,1,1001,Reference Extractor|Decision Maker,1001,1
706,DS-MVTec/cable/image/missing_wire/005.png,There is a defect in the object. What is the type of the defect?,Defect Classification,train,113.png,13.948616,5.298839,-6.611113,3.952403,0.999999,0.995027,0.001344,0.981154,+0.824999,+0.820027,-0.173656,+0.806154,1,1,0,1,1101,Reference Extractor|Knowledge Guide|Decision Maker,1101,1
707,DS-MVTec/cable/image/missing_wire/005.png,There is a defect in the object. Where is the defect?,Defect Localization,eval,113.png,14.637742,-6.183170,-13.667373,2.979871,1.000000,0.002060,0.000001,0.951656,+0.825000,-0.172940,-0.174999,+0.776656,1,0,0,1,1001,Reference Extractor|Decision Maker,1001,1
708,DS-MVTec/cable/image/missing_wire/005.png,There is a defect in the object. What is the appearance of the defect?,Defect Description,train,113.png,6.060633,16.654783,4.926260,3.813961,0.997672,1.000000,0.992799,0.978416,+0.822672,+0.825000,+0.817799,+0.803416,1,1,1,1,1111,Reference Extractor|Knowledge Guide|Reasoning Expert|Decision Maker,1111,1
709,DS-MVTec/cable/image/missing_wire/005.png,There is a defect in the object. What is the effect of the defect on the cable?,Defect Analysis,eval,113.png,-3.662184,15.828027,9.347154,2.562445,0.025034,1.000000,0.999913,0.928405,-0.149966,+0.825000,+0.824913,+0.753405,0,1,1,1,0111,Knowledge Guide|Reasoning Expert|Decision Maker,0111,1
710,DS-MVTec/cable/image/missing_wire/006.png,Is there any defect in the object?,Anomaly Detection,eval,163.png,15.825871,-7.595187,-15.469904,3.223089,1.000000,0.000503,0.000000,0.961694,+0.825000,-0.174497,-0.175000,+0.786694,1,0,0,1,1001,Reference Extractor|Decision Maker,1001,1
711,DS-MVTec/cable/image/missing_wire/006.png,There is a defect in the object. What is the type of the defect?,Defect Classification,train,163.png,12.931402,5.759259,-5.781903,3.856011,0.999998,0.996856,0.003073,0.979286,+0.824998,+0.821856,-0.171927,+0.804286,1,1,0,1,1101,Reference Extractor|Knowledge Guide|Decision Maker,1101,1
712,DS-MVTec/cable/image/missing_wire/006.png,There is a defect in the object. Where is the defect?,Defect Localization,eval,163.png,13.682198,-5.783610,-12.915011,2.876611,0.999999,0.003068,0.000002,0.946678,+0.824999,-0.171932,-0.174998,+0.771678,1,0,0,1,1001,Reference Extractor|Decision Maker,1001,1
713,DS-MVTec/cable/image/missing_wire/006.png,There is a defect in the object. What is the appearance of the defect?,Defect Description,train,163.png,5.013242,17.129740,5.778133,3.716889,0.993395,1.000000,0.996915,0.976267,+0.818395,+0.825000,+0.821915,+0.801267,1,1,1,1,1111,Reference Extractor|Knowledge Guide|Reasoning Expert|Decision Maker,1111,1
714,DS-MVTec/cable/image/missing_wire/006.png,There is a defect in the object. How does the defect affect the wire?,Defect Analysis,train,163.png,-4.518350,14.956635,9.341502,2.346387,0.010789,1.000000,0.999912,0.912647,-0.164211,+0.825000,+0.824912,+0.737647,0,1,1,1,0111,Knowledge Guide|Reasoning Expert|Decision Maker,0111,1
715,DS-MVTec/cable/image/missing_wire/007.png,Is there any defect in the object?,Anomaly Detection,train,084.png,15.473289,-7.586170,-15.291450,3.180931,1.000000,0.000507,0.000000,0.960110,+0.825000,-0.174493,-0.175000,+0.785110,1,0,0,1,1001,Reference Extractor|Decision Maker,1001,1
716,DS-MVTec/cable/image/missing_wire/007.png,There is a defect in the object. What is the type of the defect?,Defect Classification,train,084.png,12.714451,5.270769,-5.936312,3.767277,0.999997,0.994887,0.002635,0.977407,+0.824997,+0.819887,-0.172365,+0.802407,1,1,0,1,1101,Reference Extractor|Knowledge Guide|Decision Maker,1101,1
717,DS-MVTec/cable/image/missing_wire/007.png,There is a defect in the object. Where is the defect?,Defect Localization,eval,084.png,13.429228,-6.168335,-12.991170,2.798633,0.999999,0.002090,0.000002,0.942602,+0.824999,-0.172910,-0.174998,+0.767602,1,0,0,1,1001,Reference Extractor|Decision Maker,1001,1
718,DS-MVTec/cable/image/missing_wire/007.png,There is a defect in the object. What is the appearance of the defect?,Defect Description,train,084.png,4.816231,16.632086,5.609517,3.628495,0.991968,1.000000,0.996351,0.974131,+0.816968,+0.825000,+0.821351,+0.799131,1,1,1,1,1111,Reference Extractor|Knowledge Guide|Reasoning Expert|Decision Maker,1111,1
719,DS-MVTec/cable/image/missing_wire/007.png,There is a defect in the object. What could be the effect of the defect?,Defect Analysis,train,084.png,-5.254958,18.012440,11.292003,2.673629,0.005194,1.000000,0.999987,0.935453,-0.169806,+0.825000,+0.824987,+0.760453,0,1,1,1,0111,Knowledge Guide|Reasoning Expert|Decision Maker,0111,1
720,DS-MVTec/cable/image/missing_wire/008.png,Is there any defect in the object?,Anomaly Detection,train,074.png,15.766702,-7.697588,-15.547894,3.233399,1.000000,0.000454,0.000000,0.962072,+0.825000,-0.174546,-0.175000,+0.787072,1,0,0,1,1001,Reference Extractor|Decision Maker,1001,1
721,DS-MVTec/cable/image/missing_wire/008.png,There is a defect in the object. What is the type of the defect?,Defect Classification,train,074.png,13.031189,5.178461,-6.191591,3.821263,0.999998,0.994395,0.002042,0.978569,+0.824998,+0.819395,-0.172958,+0.803569,1,1,0,1,1101,Reference Extractor|Knowledge Guide|Decision Maker,1101,1
722,DS-MVTec/cable/image/missing_wire/008.png,There is a defect in the object. Where is the defect?,Defect Localization,train,074.png,13.755030,-6.291670,-13.268312,2.851866,0.999999,0.001848,0.000002,0.945415,+0.824999,-0.173152,-0.174998,+0.770415,1,0,0,1,1001,Reference Extractor|Decision Maker,1001,1
723,DS-MVTec/cable/image/missing_wire/008.png,There is a defect in the object. What is the appearance of the defect?,Defect Description,eval,074.png,5.123932,16.545561,5.363522,3.681919,0.994083,1.000000,0.995337,0.975444,+0.819083,+0.825000,+0.820337,+0.800444,1,1,1,1,1111,Reference Extractor|Knowledge Guide|Reasoning Expert|Decision Maker,1111,1
724,DS-MVTec/cable/image/missing_wire/008.png,There is a defect in the object. How might the defect affect the cable?,Defect Analysis,train,074.png,-5.003439,14.803757,9.524106,2.295224,0.006670,1.000000,0.999927,0.908481,-0.168330,+0.825000,+0.824927,+0.733481,0,1,1,1,0111,Knowledge Guide|Reasoning Expert|Decision Maker,0111,1
725,DS-MVTec/cable/image/missing_wire/009.png,Is there any defect in the object?,Anomaly Detection,train,003.png,17.234188,-7.938145,-16.486170,3.435169,1.000000,0.000357,0.000000,0.968786,+0.825000,-0.174643,-0.175000,+0.793786,1,0,0,1,1001,Reference Extractor|Decision Maker,1001,1
726,DS-MVTec/cable/image/missing_wire/009.png,There is a defect in the object. What is the type of the defect?,Defect Classification,eval,003.png,14.653637,4.944462,-7.230987,4.025793,1.000000,0.992928,0.000723,0.982464,+0.825000,+0.817928,-0.174277,+0.807464,1,1,0,1,1101,Reference Extractor|Knowledge Guide|Decision Maker,1101,1
727,DS-MVTec/cable/image/missing_wire/009.png,There is a defect in the object. Where is the defect?,Defect Localization,eval,003.png,15.297522,-6.463592,-14.216807,3.064637,1.000000,0.001557,0.000001,0.955410,+0.825000,-0.173443,-0.174999,+0.780410,1,0,0,1,1001,Reference Extractor|Decision Maker,1001,1
728,DS-MVTec/cable/image/missing_wire/009.png,There is a defect in the object. What is the appearance of the defect?,Defect Description,train,003.png,6.762068,16.302483,4.309688,3.887182,0.998845,1.000000,0.986740,0.979909,+0.823844,+0.825000,+0.811740,+0.804909,1,1,1,1,1111,Reference Extractor|Knowledge Guide|Reasoning Expert|Decision Maker,1111,1
729,DS-MVTec/cable/image/missing_wire/009.png,There is a defect in the object. What could the effect of the defect be?,Defect Analysis,train,003.png,-5.809888,19.892826,12.499349,2.931988,0.002989,1.000000,0.999996,0.949405,-0.172011,+0.825000,+0.824996,+0.774405,0,1,1,1,0111,Knowledge Guide|Reasoning Expert|Decision Maker,0111,1
730,DS-MVTec/cable/image/poke_insulation/000.png,Is there any defect in the object?,Anomaly Detection,train,003.png,16.015530,-7.748884,-15.716818,3.269179,1.000000,0.000431,0.000000,0.963356,+0.825000,-0.174569,-0.175000,+0.788356,1,0,0,1,1001,Reference Extractor|Decision Maker,1001,1
731,DS-MVTec/cable/image/poke_insulation/000.png,There is a defect in the object. What is the type of the defect?,Defect Classification,train,003.png,13.338135,5.080700,-6.421849,3.856344,0.999998,0.993823,0.001623,0.979293,+0.824998,+0.818823,-0.173377,+0.804293,1,1,0,1,1101,Reference Extractor|Knowledge Guide|Decision Maker,1101,1
732,DS-MVTec/cable/image/poke_insulation/000.png,There is a defect in the object. Where is the defect?,Defect Localization,train,003.png,14.016322,-6.333903,-13.439296,2.888925,0.999999,0.001772,0.000001,0.947296,+0.824999,-0.173228,-0.174999,+0.772296,1,0,0,1,1001,Reference Extractor|Decision Maker,1001,1
733,DS-MVTec/cable/image/poke_insulation/000.png,There is a defect in the object. What is the appearance of the defect?,Defect Description,eval,003.png,5.438101,16.443533,5.126662,3.717317,0.995671,1.000000,0.994099,0.976277,+0.820671,+0.825000,+0.819099,+0.801277,1,1,1,1,1111,Reference Extractor|Knowledge Guide|Reasoning Expert|Decision Maker,1111,1
734,DS-MVTec/cable/image/poke_insulation/000.png,There is a defect in the object. What is the potential effect of the defect?,Defect Analysis,train,003.png,-5.367733,19.106213,11.916824,2.809060,0.004643,1.000000,0.999993,0.943163,-0.170357,+0.825000,+0.824993,+0.768163,0,1,1,1,0111,Knowledge Guide|Reasoning Expert|Decision Maker,0111,1
735,DS-MVTec/cable/image/poke_insulation/001.png,Is there any defect in the object?,Anomaly Detection,train,123.png,16.083990,-7.781590,-15.779815,3.281304,1.000000,0.000417,0.000000,0.963782,+0.825000,-0.174583,-0.175000,+0.788782,1,0,0,1,1001,Reference Extractor|Decision Maker,1001,1
736,DS-MVTec/cable/image/poke_insulation/001.png,There is a defect in the object. What is the type of the defect?,Defect Classification,eval,123.png,13.517041,4.778734,-6.680991,3.843399,0.999999,0.991663,0.001253,0.979029,+0.824999,+0.816663,-0.173747,+0.804029,1,1,0,1,1101,Reference Extractor|Knowledge Guide|Decision Maker,1101,1
737,DS-MVTec/cable/image/poke_insulation/001.png,There is a defect in the object. Where is the defect?,Defect Localization,train,123.png,14.137764,-6.496603,-13.592847,2.890578,0.999999,0.001506,0.000001,0.947379,+0.824999,-0.173494,-0.174999,+0.772379,1,0,0,1,1001,Reference Extractor|Decision Maker,1001,1
738,DS-MVTec/cable/image/poke_insulation/001.png,There is a defect in the object. What is the appearance of the defect?,Defect Description,train,123.png,5.625933,16.136417,4.859296,3.704792,0.996410,1.000000,0.992304,0.975986,+0.821410,+0.825000,+0.817304,+0.800986,1,1,1,1,1111,Reference Extractor|Knowledge Guide|Reasoning Expert|Decision Maker,1111,1
739,DS-MVTec/cable/image/poke_insulation/001.png,There is a defect in the object. What is the effect of the defect?,Defect Analysis,train,123.png,-3.675336,17.800446,10.432931,2.788783,0.024715,1.000000,0.999971,0.942067,-0.150285,+0.825000,+0.824971,+0.767067,0,1,1,1,0111,Knowledge Guide|Reasoning Expert|Decision Maker,0111,1
740,DS-MVTec/cable/image/poke_insulation/002.png,Is there any defect in the object?,Anomaly Detection,train,084.png,15.964085,-7.740455,-15.683352,3.262008,1.000000,0.000435,0.000000,0.963102,+0.825000,-0.174565,-0.175000,+0.788102,1,0,0,1,1001,Reference Extractor|Decision Maker,1001,1
741,DS-MVTec/cable/image/poke_insulation/002.png,There is a defect in the object. What is the type of the defect?,Defect Classification,train,084.png,13.239270,5.156020,-6.321650,3.850805,0.999998,0.994268,0.001794,0.979180,+0.824998,+0.819268,-0.173206,+0.804180,1,1,0,1,1101,Reference Extractor|Knowledge Guide|Decision Maker,1101,1
742,DS-MVTec/cable/image/poke_insulation/002.png,There is a defect in the object. What is the appearance of the defect?,Defect Description,train,084.png,5.330693,16.523884,5.234678,3.711399,0.995183,1.000000,0.994700,0.976140,+0.820183,+0.825000,+0.819700,+0.801140,1,1,1,1,1111,Reference Extractor|Knowledge Guide|Reasoning Expert|Decision Maker,1111,1
743,DS-MVTec/cable/image/poke_insulation/003.png,Is there any defect in the object?,Anomaly Detection,eval,191.png,17.034569,-7.921149,-16.378544,3.410616,1.000000,0.000363,0.000000,0.968035,+0.825000,-0.174637,-0.175000,+0.793035,1,0,0,1,1001,Reference Extractor|Decision Maker,1001,1
744,DS-MVTec/cable/image/poke_insulation/003.png,There is a defect in the object. What is the type of the defect?,Defect Classification,train,191.png,14.407692,4.956298,-7.096609,3.994613,0.999999,0.993010,0.000827,0.981918,+0.824999,+0.818010,-0.174173,+0.806918,1,1,0,1,1101,Reference Extractor|Knowledge Guide|Decision Maker,1101,1
745,DS-MVTec/cable/image/poke_insulation/003.png,There is a defect in the object. Where is the defect?,Defect Localization,train,191.png,15.065037,-6.463152,-14.097614,3.032513,1.000000,0.001557,0.000001,0.954022,+0.825000,-0.173443,-0.174999,+0.779022,1,0,0,1,1001,Reference Extractor|Decision Maker,1001,1
746,DS-MVTec/cable/image/poke_insulation/003.png,There is a defect in the object. What is the appearance of the defect?,Defect Description,eval,191.png,6.508265,16.318867,4.451298,3.855636,0.998511,1.000000,0.988471,0.979278,+0.823511,+0.825000,+0.813471,+0.804278,1,1,1,1,1111,Reference Extractor|Knowledge Guide|Reasoning Expert|Decision Maker,1111,1
747,DS-MVTec/cable/image/poke_insulation/003.png,There is a defect in the object. What is the effect of the defect?,Defect Analysis,eval,191.png,-2.813408,18.033995,10.111285,2.927483,0.056604,1.000000,0.999959,0.949188,-0.118396,+0.825000,+0.824959,+0.774188,0,1,1,1,0111,Knowledge Guide|Reasoning Expert|Decision Maker,0111,1
748,DS-MVTec/cable/image/poke_insulation/004.png,Is there any defect in the object?,Anomaly Detection,train,198.png,15.753799,-7.763110,-15.612735,3.242458,1.000000,0.000425,0.000000,0.962401,+0.825000,-0.174575,-0.175000,+0.787401,1,0,0,1,1001,Reference Extractor|Decision Maker,1001,1
749,DS-MVTec/cable/image/poke_insulation/004.png,There is a defect in the object. What is the type of the defect?,Defect Classification,train,198.png,13.150500,4.617457,-6.584143,3.778210,0.999998,0.990219,0.001380,0.977647,+0.824998,+0.815219,-0.173620,+0.802647,1,1,0,1,1101,Reference Extractor|Knowledge Guide|Decision Maker,1101,1
750,DS-MVTec/cable/image/poke_insulation/004.png,There is a defect in the object. Where is the defect?,Defect Localization,train,198.png,13.759687,-6.546864,-13.434902,2.839143,0.999999,0.001433,0.000001,0.944755,+0.824999,-0.173567,-0.174999,+0.769755,1,0,0,1,1001,Reference Extractor|Decision Maker,1001,1
751,DS-MVTec/cable/image/poke_insulation/004.png,There is a defect in the object. What is the appearance of the defect?,Defect Description,eval,198.png,5.239829,15.986535,4.974113,3.638707,0.994727,1.000000,0.993133,0.974387,+0.819727,+0.825000,+0.818133,+0.799387,1,1,1,1,1111,Reference Extractor|Knowledge Guide|Reasoning Expert|Decision Maker,1111,1
752,DS-MVTec/cable/image/poke_insulation/004.png,There is a defect in the object. Is there an additional anomaly present in the cable?,Defect Analysis,train,198.png,-4.802927,14.679634,9.350627,2.278922,0.008139,1.000000,0.999913,0.907116,-0.166861,+0.825000,+0.824913,+0.732116,0,1,1,1,0111,Knowledge Guide|Reasoning Expert|Decision Maker,0111,1
753,DS-MVTec/cable/image/poke_insulation/005.png,Is there any defect in the object?,Anomaly Detection,train,002.png,17.513578,-8.257128,-16.957615,3.517842,1.000000,0.000259,0.000000,0.971191,+0.825000,-0.174741,-0.175000,+0.796191,1,0,0,1,1001,Reference Extractor|Decision Maker,1001,1
754,DS-MVTec/cable/image/poke_insulation/005.png,There are some defects in the object. How many different defects are observed in the object?,Defect Classification,train,002.png,6.512212,3.577224,-3.276067,2.671514,0.998517,0.972807,0.036401,0.935325,+0.823517,+0.797807,-0.138599,+0.760325,1,1,0,1,1101,Reference Extractor|Knowledge Guide|Decision Maker,1101,1
755,DS-MVTec/cable/image/poke_insulation/005.png,There is a defect in the object. Where is the defect on the blue conductor located?,Defect Localization,eval,002.png,9.089773,-4.314243,-9.327014,2.234633,0.999887,0.013200,0.000089,0.903317,+0.824887,-0.161800,-0.174911,+0.728317,1,0,0,1,1001,Reference Extractor|Decision Maker,1001,1
756,DS-MVTec/cable/image/poke_insulation/005.png,There is a defect in the object. What is the appearance of the defect on the green and yellow conductor?,Defect Description,train,002.png,3.697937,13.103695,4.173896,3.051430,0.975824,0.999998,0.984841,0.954844,+0.800824,+0.824998,+0.809841,+0.779844,1,1,1,1,1111,Reference Extractor|Knowledge Guide|Reasoning Expert|Decision Maker,1111,1
757,DS-MVTec/cable/image/poke_insulation/005.png,There are some defects in the object. What is the potential impact of the defects on the cable's functionality?,Defect Analysis,train,002.png,-4.300115,11.372121,7.302150,1.920643,0.013385,0.999988,0.999326,0.872210,-0.161615,+0.824988,+0.824326,+0.697210,0,1,1,1,0111,Knowledge Guide|Reasoning Expert|Decision Maker,0111,1
758,DS-MVTec/cable/image/poke_insulation/006.png,Is there any defect in the object?,Anomaly Detection,train,163.png,16.317144,-7.869345,-15.984459,3.322282,1.000000,0.000382,0.000000,0.965185,+0.825000,-0.174618,-0.175000,+0.790185,1,0,0,1,1001,Reference Extractor|Decision Maker,1001,1
759,DS-MVTec/cable/image/poke_insulation/006.png,There is a defect in the object. What is the type of the defect?,Defect Classification,eval,163.png,13.719070,4.704420,-6.860286,3.877098,0.999999,0.991026,0.001048,0.979709,+0.824999,+0.816026,-0.173952,+0.804709,1,1,0,1,1101,Reference Extractor|Knowledge Guide|Decision Maker,1101,1
760,DS-MVTec/cable/image/poke_insulation/006.png,There is a defect in the object. Where is the defect?,Defect Localization,train,163.png,14.355040,-6.586489,-13.787503,2.926879,0.999999,0.001377,0.000001,0.949159,+0.824999,-0.173623,-0.174999,+0.774159,1,0,0,1,1001,Reference Extractor|Decision Maker,1001,1
761,DS-MVTec/cable/image/poke_insulation/006.png,There is a defect in the object. What is the appearance of the defect?,Defect Description,train,163.png,5.806953,16.074333,4.699301,3.737527,0.997002,1.000000,0.990980,0.976741,+0.822002,+0.825000,+0.815980,+0.801741,1,1,1,1,1111,Reference Extractor|Knowledge Guide|Reasoning Expert|Decision Maker,1111,1
762,DS-MVTec/cable/image/poke_insulation/006.png,There is a defect in the object. What is the potential effect of the defect?,Defect Analysis,eval,163.png,-5.303711,18.913612,11.790357,2.783381,0.004948,1.000000,0.999992,0.941771,-0.170052,+0.825000,+0.824992,+0.766771,0,1,1,1,0111,Knowledge Guide|Reasoning Expert|Decision Maker,0111,1
763,DS-MVTec/cable/image/poke_insulation/007.png,Is there any defect in the object?,Anomaly Detection,train,084.png,16.168772,-7.819023,-15.875602,3.299977,1.000000,0.000402,0.000000,0.964428,+0.825000,-0.174598,-0.175000,+0.789428,1,0,0,1,1001,Reference Extractor|Decision Maker,1001,1
764,DS-MVTec/cable/image/poke_insulation/007.png,There is a defect in the object. What is the type of the defect?,Defect Classification,train,084.png,13.425047,5.049390,-6.531875,3.883620,0.999999,0.993628,0.001454,0.979839,+0.824999,+0.818628,-0.173546,+0.804839,1,1,0,1,1101,Reference Extractor|Knowledge Guide|Decision Maker,1101,1
765,DS-MVTec/cable/image/poke_insulation/007.png,There is a defect in the object. Where is the defect?,Defect Localization,train,084.png,14.132994,-6.384739,-13.573274,2.917227,0.999999,0.001684,0.000001,0.948691,+0.824999,-0.173316,-0.174999,+0.773691,1,0,0,1,1001,Reference Extractor|Decision Maker,1001,1
766,DS-MVTec/cable/image/poke_insulation/007.png,There is a defect in the object. What is the appearance of the defect?,Defect Description,eval,084.png,5.513484,16.418983,5.027202,3.744075,0.995984,1.000000,0.993486,0.976889,+0.820984,+0.825000,+0.818486,+0.801889,1,1,1,1,1111,Reference Extractor|Knowledge Guide|Reasoning Expert|Decision Maker,1111,1
767,DS-MVTec/cable/image/poke_insulation/007.png,There is a defect in the object. What could be the effect of the defect?,Defect Analysis,train,084.png,-5.161589,18.071609,11.264760,2.686847,0.005700,1.000000,0.999987,0.936246,-0.169300,+0.825000,+0.824987,+0.761246,0,1,1,1,0111,Knowledge Guide|Reasoning Expert|Decision Maker,0111,1
768,DS-MVTec/cable/image/poke_insulation/008.png,Is there any defect in the object?,Anomaly Detection,train,168.png,16.050867,-7.777818,-15.761611,3.276799,1.000000,0.000419,0.000000,0.963624,+0.825000,-0.174581,-0.175000,+0.788624,1,0,0,1,1001,Reference Extractor|Decision Maker,1001,1
769,DS-MVTec/cable/image/poke_insulation/008.png,There is a defect in the object. What is the type of the defect?,Defect Classification,train,168.png,13.481606,4.756888,-6.672139,3.834203,0.999999,0.991481,0.001264,0.978839,+0.824999,+0.816481,-0.173736,+0.803839,1,1,0,1,1101,Reference Extractor|Knowledge Guide|Decision Maker,1101,1
770,DS-MVTec/cable/image/poke_insulation/008.png,There is a defect in the object. Where is the defect?,Defect Localization,train,168.png,14.066350,-6.465087,-13.534881,2.881519,0.999999,0.001554,0.000001,0.946925,+0.824999,-0.173446,-0.174999,+0.771925,1,0,0,1,1001,Reference Extractor|Decision Maker,1001,1
771,DS-MVTec/cable/image/poke_insulation/008.png,There is a defect in the object. What is the appearance of the defect?,Defect Description,train,168.png,5.572464,16.124792,4.884858,3.694699,0.996213,1.000000,0.992496,0.975748,+0.821213,+0.825000,+0.817496,+0.800748,1,1,1,1,1111,Reference Extractor|Knowledge Guide|Reasoning Expert|Decision Maker,1111,1
772,DS-MVTec/cable/image/poke_insulation/008.png,There are some defects in the object. What could be the effect of these defects?,Defect Analysis,train,168.png,-5.194826,16.159470,10.327629,2.458048,0.005515,1.000000,0.999967,0.921148,-0.169485,+0.825000,+0.824967,+0.746148,0,1,1,1,0111,Knowledge Guide|Reasoning Expert|Decision Maker,0111,1
773,DS-MVTec/cable/image/poke_insulation/009.png,Is there any defect in the object?,Anomaly Detection,train,105.png,15.943932,-7.712036,-15.650752,3.255606,1.000000,0.000447,0.000000,0.962874,+0.825000,-0.174553,-0.175000,+0.787874,1,0,0,1,1001,Reference Extractor|Decision Maker,1001,1
774,DS-MVTec/cable/image/poke_insulation/009.png,There is a defect in the object. What is the type of the first defect?,Defect Classification,train,105.png,13.366340,3.648074,-7.232709,3.694473,0.999998,0.974620,0.000722,0.975742,+0.824998,+0.799620,-0.174278,+0.800742,1,1,0,1,1101,Reference Extractor|Knowledge Guide|Decision Maker,1101,1
775,DS-MVTec/cable/image/poke_insulation/009.png,There is a defect in the object. Where is the missing wire defect located?,Defect Localization,eval,105.png,5.724411,1.610947,-4.160577,2.464338,0.996745,0.833543,0.015359,0.921604,+0.821745,+0.658543,-0.159641,+0.746604,1,1,0,1,1101,Reference Extractor|Knowledge Guide|Decision Maker,1001,0
776,DS-MVTec/cable/image/poke_insulation/009.png,There is a defect in the object. What is the appearance of the second defect?,Defect Description,train,105.png,2.671646,18.202696,7.536397,3.542586,0.935333,1.000000,0.999467,0.971875,+0.760333,+0.825000,+0.824467,+0.796875,1,1,1,1,1111,Reference Extractor|Knowledge Guide|Reasoning Expert|Decision Maker,1111,1
777,DS-MVTec/cable/image/poke_insulation/009.png,There are some defects in the object. What impact might the defects have?,Defect Analysis,train,105.png,-4.543252,12.894537,8.344692,2.071535,0.010527,0.999997,0.999762,0.888106,-0.164473,+0.824997,+0.824762,+0.713106,0,1,1,1,0111,Knowledge Guide|Reasoning Expert|Decision Maker,0111,1
778,DS-MVTec/capsule/image/crack/000.png,Is there any defect in the object?,Anomaly Detection,train,158.png,14.920290,-7.595578,-15.117423,3.135168,1.000000,0.000502,0.000000,0.958320,+0.825000,-0.174498,-0.175000,+0.783320,1,0,0,1,1001,Reference Extractor|Decision Maker,1001,1
779,DS-MVTec/capsule/image/crack/000.png,There is a defect in the object. What is the type of the defect?,Defect Classification,train,158.png,11.915652,5.583692,-5.509776,3.758496,0.999993,0.996255,0.004031,0.977213,+0.824993,+0.821255,-0.170969,+0.802213,1,1,0,1,1101,Reference Extractor|Knowledge Guide|Decision Maker,1101,1
780,DS-MVTec/capsule/image/crack/000.png,There is a defect in the object. Where is the defect?,Defect Localization,eval,158.png,12.685238,-5.897147,-12.618902,2.785281,0.999997,0.002740,0.000003,0.941875,+0.824997,-0.172260,-0.174997,+0.766875,1,0,0,1,1001,Reference Extractor|Decision Maker,1001,1
781,DS-MVTec/capsule/image/crack/000.png,There is a defect in the object. What is the effect of the defect?,Defect Analysis,train,158.png,-4.970683,18.371506,11.263541,2.744607,0.006891,1.000000,0.999987,0.939608,-0.168109,+0.825000,+0.824987,+0.764608,0,1,1,1,0111,Knowledge Guide|Reasoning Expert|Decision Maker,0111,1
782,DS-MVTec/capsule/image/crack/001.png,Is there any defect in the object?,Anomaly Detection,eval,176.png,15.195164,-7.596124,-15.244849,3.165555,1.000000,0.000502,0.000000,0.959517,+0.825000,-0.174498,-0.175000,+0.784517,1,0,0,1,1001,Reference Extractor|Decision Maker,1001,1
783,DS-MVTec/capsule/image/crack/001.png,There is a defect in the object. What is the type of the defect?,Defect Classification,train,176.png,12.058630,5.986081,-5.347756,3.819387,0.999994,0.997493,0.004736,0.978530,+0.824994,+0.822493,-0.170264,+0.803530,1,1,0,1,1101,Reference Extractor|Knowledge Guide|Decision Maker,1101,1
784,DS-MVTec/capsule/image/crack/001.png,There is a defect in the object. Where is the defect?,Defect Localization,train,176.png,12.848270,-5.554150,-12.504170,2.841649,0.999997,0.003856,0.000004,0.944885,+0.824997,-0.171144,-0.174996,+0.769885,1,0,0,1,1001,Reference Extractor|Decision Maker,1001,1
785,DS-MVTec/capsule/image/crack/001.png,There is a defect in the object. What is the appearance of the defect?,Defect Description,train,176.png,4.143932,17.356274,6.213279,3.679764,0.984387,1.000000,0.998001,0.975392,+0.809387,+0.825000,+0.823001,+0.800392,1,1,1,1,1111,Reference Extractor|Knowledge Guide|Reasoning Expert|Decision Maker,1111,1
786,DS-MVTec/capsule/image/crack/001.png,There is a defect in the object. What additional information can be observed about the defect?,Defect Analysis,train,176.png,-2.843404,14.832623,8.457561,2.532576,0.055023,1.000000,0.999788,0.926394,-0.119977,+0.825000,+0.824788,+0.751394,0,1,1,1,0111,Knowledge Guide|Reasoning Expert|Decision Maker,0111,1
787,DS-MVTec/capsule/image/crack/002.png,Is there any defect in the object?,Anomaly Detection,train,099.png,14.023119,-7.268004,-14.371518,2.983744,0.999999,0.000697,0.000001,0.951834,+0.824999,-0.174303,-0.174999,+0.776834,1,0,0,1,1001,Reference Extractor|Decision Maker,1001,1
788,DS-MVTec/capsule/image/crack/002.png,There is a defect in the object. What is the type of the defect?,Defect Classification,train,099.png,10.809649,6.307376,-4.458299,3.651456,0.999980,0.998181,0.011449,0.974703,+0.824980,+0.823180,-0.163551,+0.799703,1,1,0,1,1101,Reference Extractor|Knowledge Guide|Decision Maker,1101,1
789,DS-MVTec/capsule/image/crack/002.png,There is a defect in the object. Where is the defect?,Defect Localization,train,099.png,11.576222,-5.198737,-11.587552,2.672364,0.999991,0.005493,0.000009,0.935376,+0.824991,-0.169507,-0.174991,+0.760376,1,0,0,1,1001,Reference Extractor|Decision Maker,1001,1
790,DS-MVTec/capsule/image/crack/002.png,There is a defect in the object. What is the appearance of the defect?,Defect Description,eval,099.png,2.896220,17.634876,7.038734,3.520662,0.947659,1.000000,0.999124,0.971270,+0.772659,+0.825000,+0.824124,+0.796270,1,1,1,1,1111,Reference Extractor|Knowledge Guide|Reasoning Expert|Decision Maker,1111,1
791,DS-MVTec/capsule/image/crack/002.png,There is a defect in the object. Where on the black half is the defect more pronounced?,Defect Analysis,train,099.png,-2.485471,12.954861,7.070619,2.395913,0.076883,0.999998,0.999151,0.916515,-0.098117,+0.824998,+0.824151,+0.741515,0,1,1,1,0111,Knowledge Guide|Reasoning Expert|Decision Maker,0111,1
792,DS-MVTec/capsule/image/crack/003.png,Is there any defect in the object?,Anomaly Detection,eval,212.png,15.520232,-7.759255,-15.577979,3.230242,1.000000,0.000427,0.000000,0.961957,+0.825000,-0.174573,-0.175000,+0.786957,1,0,0,1,1001,Reference Extractor|Decision Maker,1001,1
793,DS-MVTec/capsule/image/crack/003.png,There is a defect in the object. What is the type of the defect?,Defect Classification,train,212.png,12.578569,5.395491,-6.020578,3.847170,0.999997,0.995484,0.002422,0.979106,+0.824997,+0.820484,-0.172578,+0.804106,1,1,0,1,1101,Reference Extractor|Knowledge Guide|Decision Maker,1101,1
794,DS-MVTec/capsule/image/crack/003.png,There is a defect in the object. Where is the defect?,Defect Localization,train,212.png,13.321909,-6.097078,-13.117063,2.872293,0.999998,0.002244,0.000002,0.946460,+0.824998,-0.172756,-0.174998,+0.771460,1,0,0,1,1001,Reference Extractor|Decision Maker,1001,1
795,DS-MVTec/capsule/image/crack/003.png,There is a defect in the object. What is the appearance of the defect?,Defect Description,train,212.png,4.676803,16.759413,5.529481,3.708083,0.990777,1.000000,0.996048,0.976063,+0.815777,+0.825000,+0.821048,+0.801063,1,1,1,1,1111,Reference Extractor|Knowledge Guide|Reasoning Expert|Decision Maker,1111,1
796,DS-MVTec/capsule/image/crack/003.png,There is a defect in the object. What is the effect of the defect on the capsule?,Defect Analysis,train,212.png,-6.410820,21.855724,13.697150,3.206598,0.001641,1.000000,0.999999,0.961082,-0.173359,+0.825000,+0.824999,+0.786082,0,1,1,1,0111,Knowledge Guide|Reasoning Expert|Decision Maker,0111,1
797,DS-MVTec/capsule/image/crack/004.png,Is there any defect in the object?,Anomaly Detection,train,208.png,14.360382,-7.437994,-14.692857,3.048052,0.999999,0.000588,0.000000,0.954698,+0.824999,-0.174412,-0.175000,+0.779698,1,0,0,1,1001,Reference Extractor|Decision Maker,1001,1
798,DS-MVTec/capsule/image/crack/004.png,There is a defect in the object. What is the type of the defect?,Defect Classification,eval,208.png,11.166003,5.972843,-4.862099,3.691236,0.999986,0.997459,0.007675,0.975666,+0.824986,+0.822459,-0.167325,+0.800666,1,1,0,1,1101,Reference Extractor|Knowledge Guide|Decision Maker,1101,1
799,DS-MVTec/capsule/image/crack/004.png,There is a defect in the object. Where is the defect?,Defect Localization,train,208.png,11.998141,-5.537188,-12.026786,2.718930,0.999994,0.003922,0.000006,0.938134,+0.824994,-0.171078,-0.174994,+0.763134,1,0,0,1,1001,Reference Extractor|Decision Maker,1001,1
800,DS-MVTec/capsule/image/crack/004.png,There is a defect in the object. What is the appearance of the defect?,Defect Description,eval,208.png,3.264493,17.318600,6.669535,3.553920,0.963190,1.000000,0.998733,0.972184,+0.788190,+0.825000,+0.823733,+0.797184,1,1,1,1,1111,Reference Extractor|Knowledge Guide|Reasoning Expert|Decision Maker,1111,1
801,DS-MVTec/capsule/image/crack/004.png,There is a defect in the object. What is the effect of the defect on the object?,Defect Analysis,eval,208.png,-5.563882,19.332718,12.019988,2.852832,0.003819,1.000000,0.999994,0.945465,-0.171181,+0.825000,+0.824994,+0.770465,0,1,1,1,0111,Knowledge Guide|Reasoning Expert|Decision Maker,0111,1
802,DS-MVTec/capsule/image/crack/005.png,Is there any defect in the object?,Anomaly Detection,eval,166.png,15.203176,-7.640803,-15.299632,3.175029,1.000000,0.000480,0.000000,0.959884,+0.825000,-0.174520,-0.175000,+0.784884,1,0,0,1,1001,Reference Extractor|Decision Maker,1001,1
803,DS-MVTec/capsule/image/crack/005.png,There is a defect in the object. What is the type of the defect?,Defect Classification,eval,166.png,12.196674,5.727823,-5.587729,3.817813,0.999995,0.996756,0.003730,0.978497,+0.824995,+0.821756,-0.171270,+0.803497,1,1,0,1,1101,Reference Extractor|Knowledge Guide|Decision Maker,1101,1
804,DS-MVTec/capsule/image/crack/005.png,There is a defect in the object. Where is the defect?,Defect Localization,eval,166.png,12.958151,-5.798882,-12.720529,2.839408,0.999998,0.003022,0.000003,0.944769,+0.824998,-0.171978,-0.174997,+0.769769,1,0,0,1,1001,Reference Extractor|Decision Maker,1001,1
805,DS-MVTec/capsule/image/crack/005.png,There is a defect in the object. What is the appearance of the defect?,Defect Description,train,166.png,4.301210,17.080875,5.951075,3.679279,0.986629,1.000000,0.997404,0.975380,+0.811629,+0.825000,+0.822404,+0.800380,1,1,1,1,1111,Reference Extractor|Knowledge Guide|Reasoning Expert|Decision Maker,1111,1
806,DS-MVTec/capsule/image/crack/005.png,There is a defect in the object. What part of the capsule does the defect affect?,Defect Analysis,eval,166.png,-6.472968,21.393036,13.491738,3.157432,0.001542,1.000000,0.999999,0.959201,-0.173458,+0.825000,+0.824999,+0.784201,0,1,1,1,0111,Knowledge Guide|Reasoning Expert|Decision Maker,0111,1
807,DS-MVTec/capsule/image/crack/006.png,Is there any defect in the object?,Anomaly Detection,eval,062.png,15.497608,-7.617170,-15.421836,3.203634,1.000000,0.000492,0.000000,0.960971,+0.825000,-0.174508,-0.175000,+0.785971,1,0,0,1,1001,Reference Extractor|Decision Maker,1001,1
808,DS-MVTec/capsule/image/crack/006.png,There is a defect in the object. What is the type of the defect?,Defect Classification,train,062.png,12.541354,5.872789,-5.682970,3.860531,0.999996,0.997193,0.003392,0.979377,+0.824996,+0.822193,-0.171608,+0.804377,1,1,0,1,1101,Reference Extractor|Knowledge Guide|Decision Maker,1101,1
809,DS-MVTec/capsule/image/crack/006.png,There is a defect in the object. Where is the defect?,Defect Localization,train,062.png,13.275571,-5.644252,-12.790801,2.881414,0.999998,0.003525,0.000003,0.946920,+0.824998,-0.171475,-0.174997,+0.771920,1,0,0,1,1001,Reference Extractor|Decision Maker,1001,1
810,DS-MVTec/capsule/image/crack/006.png,There is a defect in the object. What is the appearance of the defect?,Defect Description,train,062.png,4.632724,17.240685,5.873409,3.721123,0.990366,1.000000,0.997195,0.976365,+0.815365,+0.825000,+0.822195,+0.801365,1,1,1,1,1111,Reference Extractor|Knowledge Guide|Reasoning Expert|Decision Maker,1111,1
811,DS-MVTec/capsule/image/crack/006.png,There is a defect in the object. What is the effect of the defect?,Defect Analysis,train,062.png,-4.513956,18.740707,11.225296,2.829223,0.010836,1.000000,0.999987,0.944235,-0.164164,+0.825000,+0.824987,+0.769235,0,1,1,1,0111,Knowledge Guide|Reasoning Expert|Decision Maker,0111,1
812,DS-MVTec/capsule/image/crack/007.png,Is there any defect in the object?,Anomaly Detection,train,024.png,14.681343,-7.496905,-14.902818,3.092950,1.000000,0.000554,0.000000,0.956601,+0.825000,-0.174446,-0.175000,+0.781601,1,0,0,1,1001,Reference Extractor|Decision Maker,1001,1
813,DS-MVTec/capsule/image/crack/007.png,There is a defect in the object. What is the type of the defect?,Defect Classification,train,024.png,11.524862,6.021712,-5.031084,3.746681,0.999990,0.997580,0.006489,0.976948,+0.824990,+0.822580,-0.168511,+0.801948,1,1,0,1,1101,Reference Extractor|Knowledge Guide|Decision Maker,1101,1
814,DS-MVTec/capsule/image/crack/007.png,There is a defect in the object. Where is the defect?,Defect Localization,train,024.png,12.328484,-5.508055,-12.191936,2.770311,0.999996,0.004038,0.000005,0.941050,+0.824996,-0.170962,-0.174995,+0.766050,1,0,0,1,1001,Reference Extractor|Decision Maker,1001,1
815,DS-MVTec/capsule/image/crack/007.png,There is a defect in the object. What is the appearance of the defect?,Defect Description,eval,024.png,3.619009,17.374304,6.510205,3.608305,0.973891,1.000000,0.998514,0.973617,+0.798891,+0.825000,+0.823514,+0.798617,1,1,1,1,1111,Reference Extractor|Knowledge Guide|Reasoning Expert|Decision Maker,1111,1
816,DS-MVTec/capsule/image/crack/007.png,There is a defect in the object. What is the potential effect of the defect?,Defect Analysis,train,024.png,-5.766131,19.424938,12.203298,2.876132,0.003122,1.000000,0.999995,0.946654,-0.171878,+0.825000,+0.824995,+0.771654,0,1,1,1,0111,Knowledge Guide|Reasoning Expert|Decision Maker,0111,1
817,DS-MVTec/capsule/image/crack/008.png,Is there any defect in the object?,Anomaly Detection,train,197.png,15.167090,-7.581137,-15.228990,3.163155,1.000000,0.000510,0.000000,0.959424,+0.825000,-0.174490,-0.175000,+0.784424,1,0,0,1,1001,Reference Extractor|Decision Maker,1001,1
818,DS-MVTec/capsule/image/crack/008.png,There is a defect in the object. What is the type of the defect?,Defect Classification,eval,197.png,12.064348,6.124369,-5.291428,3.841339,0.999994,0.997816,0.005009,0.978986,+0.824994,+0.822816,-0.169991,+0.803986,1,1,0,1,1101,Reference Extractor|Knowledge Guide|Decision Maker,1101,1
819,DS-MVTec/capsule/image/crack/008.png,There is a defect in the object. Where is the defect?,Defect Localization,train,197.png,12.826415,-5.429726,-12.443502,2.859450,0.999997,0.004365,0.000004,0.945805,+0.824997,-0.170635,-0.174996,+0.770805,1,0,0,1,1001,Reference Extractor|Decision Maker,1001,1
820,DS-MVTec/capsule/image/crack/008.png,There is a defect in the object. What is the appearance of the defect?,Defect Description,train,197.png,4.160897,17.480568,6.253621,3.702456,0.984646,1.000000,0.998080,0.975931,+0.809646,+0.825000,+0.823080,+0.800931,1,1,1,1,1111,Reference Extractor|Knowledge Guide|Reasoning Expert|Decision Maker,1111,1
821,DS-MVTec/capsule/image/crack/008.png,There is a defect in the object. Is there an additional defect on the capsule?,Defect Analysis,train,197.png,-3.853931,13.498923,8.081471,2.323858,0.020756,0.999999,0.999691,0.910834,-0.154244,+0.824999,+0.824691,+0.735834,0,1,1,1,0111,Knowledge Guide|Reasoning Expert|Decision Maker,0111,1
822,DS-MVTec/capsule/image/crack/009.png,Is there any defect in the object?,Anomaly Detection,train,062.png,14.981718,-7.590027,-15.145974,3.140648,1.000000,0.000505,0.000000,0.958539,+0.825000,-0.174495,-0.175000,+0.783539,1,0,0,1,1001,Reference Extractor|Decision Maker,1001,1
823,DS-MVTec/capsule/image/crack/009.png,There is a defect in the object. What is the type of the defect?,Defect Classification,eval,062.png,12.053661,5.533282,-5.612410,3.759953,0.999994,0.996063,0.003639,0.977245,+0.824994,+0.821063,-0.171361,+0.802245,1,1,0,1,1101,Reference Extractor|Knowledge Guide|Decision Maker,1101,1
824,DS-MVTec/capsule/image/crack/009.png,There is a defect in the object. Where is the defect?,Defect Localization,train,062.png,12.763849,-5.914389,-12.667085,2.785000,0.999997,0.002693,0.000003,0.941860,+0.824997,-0.172307,-0.174997,+0.766860,1,0,0,1,1001,Reference Extractor|Decision Maker,1001,1
825,DS-MVTec/capsule/image/crack/009.png,There is a defect in the object. What is the appearance of the defect?,Defect Description,train,062.png,4.145028,16.901108,5.944009,3.620527,0.984404,1.000000,0.997385,0.973929,+0.809404,+0.825000,+0.822385,+0.798929,1,1,1,1,1111,Reference Extractor|Knowledge Guide|Reasoning Expert|Decision Maker,1111,1
826,DS-MVTec/capsule/image/crack/009.png,There is a defect in the object. What is the potential effect of the defect?,Defect Analysis,train,062.png,-5.625831,19.127819,11.984852,2.829939,0.003591,1.000000,0.999994,0.944272,-0.171409,+0.825000,+0.824994,+0.769272,0,1,1,1,0111,Knowledge Guide|Reasoning Expert|Decision Maker,0111,1
827,DS-MVTec/capsule/image/crack/010.png,Is there any defect in the object?,Anomaly Detection,train,176.png,15.200077,-7.677170,-15.338273,3.180454,1.000000,0.000463,0.000000,0.960092,+0.825000,-0.174537,-0.175000,+0.785092,1,0,0,1,1001,Reference Extractor|Decision Maker,1001,1
828,DS-MVTec/capsule/image/crack/010.png,There is a defect in the object. What is the type of the defect?,Defect Classification,train,176.png,12.209670,5.456203,-5.766547,3.795542,0.999995,0.995748,0.003121,0.978023,+0.824995,+0.820748,-0.171879,+0.803023,1,1,0,1,1101,Reference Extractor|Knowledge Guide|Decision Maker,1101,1
829,DS-MVTec/capsule/image/crack/010.png,There is a defect in the object. Where is the defect?,Defect Localization,train,176.png,12.974598,-6.010972,-12.862050,2.824148,0.999998,0.002446,0.000003,0.943967,+0.824998,-0.172554,-0.174997,+0.768967,1,0,0,1,1001,Reference Extractor|Decision Maker,1001,1
830,DS-MVTec/capsule/image/crack/010.png,There is a defect in the object. What is the appearance of the defect?,Defect Description,train,176.png,4.307751,16.818996,5.782724,3.656516,0.986715,1.000000,0.996929,0.974828,+0.811715,+0.825000,+0.821929,+0.799828,1,1,1,1,1111,Reference Extractor|Knowledge Guide|Reasoning Expert|Decision Maker,1111,1
831,DS-MVTec/capsule/image/crack/010.png,There is a defect in the object. What effect does the defect have on the capsule?,Defect Analysis,eval,176.png,-7.006373,22.879791,14.466056,3.373256,0.000905,1.000000,1.000000,0.966858,-0.174095,+0.825000,+0.825000,+0.791858,0,1,1,1,0111,Knowledge Guide|Reasoning Expert|Decision Maker,0111,1
832,DS-MVTec/capsule/image/crack/011.png,Is there any defect in the object?,Anomaly Detection,train,002.png,15.482812,-7.717569,-15.526569,3.218766,1.000000,0.000445,0.000000,0.961534,+0.825000,-0.174555,-0.175000,+0.786534,1,0,0,1,1001,Reference Extractor|Decision Maker,1001,1
833,DS-MVTec/capsule/image/crack/011.png,There is a defect in the object. What is the type of the defect?,Defect Classification,train,002.png,12.637054,5.247991,-6.135842,3.819658,0.999997,0.994769,0.002159,0.978535,+0.824997,+0.819769,-0.172841,+0.803535,1,1,0,1,1101,Reference Extractor|Knowledge Guide|Decision Maker,1101,1
834,DS-MVTec/capsule/image/crack/011.png,There is a defect in the object. Where is the defect?,Defect Localization,train,002.png,13.316876,-6.155056,-13.137317,2.848758,0.999998,0.002118,0.000002,0.945255,+0.824998,-0.172882,-0.174998,+0.770254,1,0,0,1,1001,Reference Extractor|Decision Maker,1001,1
835,DS-MVTec/capsule/image/crack/011.png,There is a defect in the object. What is the appearance of the defect?,Defect Description,eval,002.png,4.723154,16.618938,5.425386,3.680003,0.991191,1.000000,0.995616,0.975398,+0.816191,+0.825000,+0.820616,+0.800398,1,1,1,1,1111,Reference Extractor|Knowledge Guide|Reasoning Expert|Decision Maker,1111,1
836,DS-MVTec/capsule/image/crack/011.png,There is a defect in the object. What is the potential effect of the defect?,Defect Analysis,train,002.png,-5.539745,19.079895,11.911066,2.818264,0.003912,1.000000,0.999993,0.943655,-0.171088,+0.825000,+0.824993,+0.768655,0,1,1,1,0111,Knowledge Guide|Reasoning Expert|Decision Maker,0111,1
837,DS-MVTec/capsule/image/crack/012.png,Is there any defect in the object?,Anomaly Detection,train,173.png,15.726933,-7.791027,-15.703618,3.257256,1.000000,0.000413,0.000000,0.962933,+0.825000,-0.174587,-0.175000,+0.787933,1,0,0,1,1001,Reference Extractor|Decision Maker,1001,1
838,DS-MVTec/capsule/image/crack/012.png,There is a defect in the object. What is the type of the defect?,Defect Classification,train,173.png,12.930073,5.219532,-6.297210,3.867706,0.999998,0.994619,0.001838,0.979522,+0.824998,+0.819619,-0.173162,+0.804522,1,1,0,1,1101,Reference Extractor|Knowledge Guide|Decision Maker,1101,1
839,DS-MVTec/capsule/image/crack/012.png,There is a defect in the object. Where is the defect?,Defect Localization,eval,173.png,13.611297,-6.205110,-13.319569,2.895393,0.999999,0.002015,0.000002,0.947618,+0.824999,-0.172985,-0.174998,+0.772618,1,0,0,1,1001,Reference Extractor|Decision Maker,1001,1
840,DS-MVTec/capsule/image/crack/012.png,There is a defect in the object. What is the appearance of the defect?,Defect Description,train,173.png,5.032235,16.581181,5.249234,3.728803,0.993518,1.000000,0.994776,0.976542,+0.818518,+0.825000,+0.819776,+0.801542,1,1,1,1,1111,Reference Extractor|Knowledge Guide|Reasoning Expert|Decision Maker,1111,1
841,DS-MVTec/capsule/image/crack/012.png,There is a defect in the object. What is the effect of the defect?,Defect Analysis,train,173.png,-4.182291,18.206242,10.794881,2.810864,0.015034,1.000000,0.999979,0.943260,-0.159966,+0.825000,+0.824979,+0.768260,0,1,1,1,0111,Knowledge Guide|Reasoning Expert|Decision Maker,0111,1
842,DS-MVTec/capsule/image/crack/013.png,Is there any defect in the object?,Anomaly Detection,eval,176.png,15.120684,-7.614955,-15.244839,3.163007,1.000000,0.000493,0.000000,0.959418,+0.825000,-0.174507,-0.175000,+0.784418,1,0,0,1,1001,Reference Extractor|Decision Maker,1001,1
843,DS-MVTec/capsule/image/crack/013.png,There is a defect in the object. What is the type of the defect?,Defect Classification,eval,176.png,12.083465,5.736912,-5.538746,3.804325,0.999994,0.996786,0.003916,0.978211,+0.824994,+0.821786,-0.171084,+0.803211,1,1,0,1,1101,Reference Extractor|Knowledge Guide|Decision Maker,1101,1
844,DS-MVTec/capsule/image/crack/013.png,There is a defect in the object. Where is the defect?,Defect Localization,train,176.png,12.844147,-5.780394,-12.665027,2.826785,0.999997,0.003078,0.000003,0.944106,+0.824997,-0.171922,-0.174997,+0.769106,1,0,0,1,1001,Reference Extractor|Decision Maker,1001,1
845,DS-MVTec/capsule/image/crack/013.png,There is a defect in the object. What is the appearance of the defect?,Defect Description,eval,176.png,4.178867,17.098484,6.010878,3.665329,0.984915,1.000000,0.997554,0.975043,+0.809915,+0.825000,+0.822554,+0.800043,1,1,1,1,1111,Reference Extractor|Knowledge Guide|Reasoning Expert|Decision Maker,1111,1
846,DS-MVTec/capsule/image/crack/013.png,There is a defect in the object. What is the effect of the defect on the capsule?,Defect Analysis,eval,176.png,-6.470792,21.947086,13.768947,3.221675,0.001546,1.000000,0.999999,0.961642,-0.173454,+0.825000,+0.824999,+0.786642,0,1,1,1,0111,Knowledge Guide|Reasoning Expert|Decision Maker,0111,1
847,DS-MVTec/capsule/image/crack/014.png,Is there any defect in the object?,Anomaly Detection,train,200.png,15.111647,-7.639742,-15.263594,3.166070,1.000000,0.000481,0.000000,0.959537,+0.825000,-0.174519,-0.175000,+0.784537,1,0,0,1,1001,Reference Extractor|Decision Maker,1001,1
848,DS-MVTec/capsule/image/crack/014.png,There is a defect in the object. What is the type of the defect?,Defect Classification,train,200.png,12.028196,5.738187,-5.513471,3.805067,0.999994,0.996790,0.004016,0.978227,+0.824994,+0.821790,-0.170984,+0.803227,1,1,0,1,1101,Reference Extractor|Knowledge Guide|Decision Maker,1101,1
849,DS-MVTec/capsule/image/crack/014.png,There is a defect in the object. Where is the defect?,Defect Localization,train,200.png,12.811410,-5.777391,-12.650915,2.829356,0.999997,0.003087,0.000003,0.944242,+0.824997,-0.171913,-0.174997,+0.769242,1,0,0,1,1001,Reference Extractor|Decision Maker,1001,1
850,DS-MVTec/capsule/image/crack/014.png,There is a defect in the object. What is the appearance of the defect?,Defect Description,eval,200.png,4.121126,17.101871,6.038946,3.665917,0.984033,1.000000,0.997622,0.975057,+0.809033,+0.825000,+0.822622,+0.800057,1,1,1,1,1111,Reference Extractor|Knowledge Guide|Reasoning Expert|Decision Maker,1111,1
851,DS-MVTec/capsule/image/crack/014.png,There is a defect in the object. How does the defect extend on the lighter-colored half of the capsule?,Defect Analysis,train,200.png,-6.811097,22.252529,14.081767,3.283616,0.001100,1.000000,0.999999,0.963862,-0.173900,+0.825000,+0.824999,+0.788862,0,1,1,1,0111,Knowledge Guide|Reasoning Expert|Decision Maker,0111,1
852,DS-MVTec/capsule/image/crack/015.png,Is there any defect in the object?,Anomaly Detection,train,176.png,15.451913,-7.698120,-15.485028,3.213008,1.000000,0.000453,0.000000,0.961321,+0.825000,-0.174547,-0.175000,+0.786321,1,0,0,1,1001,Reference Extractor|Decision Maker,1001,1
853,DS-MVTec/capsule/image/crack/015.png,There is a defect in the object. What is the type of the defect?,Defect Classification,train,176.png,12.511969,5.545900,-5.885368,3.844172,0.999996,0.996112,0.002772,0.979044,+0.824996,+0.821112,-0.172228,+0.804044,1,1,0,1,1101,Reference Extractor|Knowledge Guide|Decision Maker,1101,1
854,DS-MVTec/capsule/image/crack/015.png,There is a defect in the object. Where is the defect?,Defect Localization,eval,176.png,13.239476,-5.948448,-12.976329,2.866911,0.999998,0.002603,0.000002,0.946186,+0.824998,-0.172397,-0.174998,+0.771186,1,0,0,1,1001,Reference Extractor|Decision Maker,1001,1
855,DS-MVTec/capsule/image/crack/015.png,There is a defect in the object. What is the appearance of the defect?,Defect Description,train,176.png,4.603836,16.909595,5.667593,3.704935,0.990086,1.000000,0.996556,0.975989,+0.815086,+0.825000,+0.821556,+0.800989,1,1,1,1,1111,Reference Extractor|Knowledge Guide|Reasoning Expert|Decision Maker,1111,1
856,DS-MVTec/capsule/image/crack/015.png,There is a defect in the object. What is a potential effect of the defect?,Defect Analysis,train,176.png,-5.972330,19.839073,12.515813,2.938652,0.002542,1.000000,0.999996,0.949724,-0.172458,+0.825000,+0.824996,+0.774724,0,1,1,1,0111,Knowledge Guide|Reasoning Expert|Decision Maker,0111,1
857,DS-MVTec/capsule/image/crack/016.png,Is there any defect in the object?,Anomaly Detection,train,158.png,14.782669,-7.543592,-15.000436,3.111888,1.000000,0.000529,0.000000,0.957380,+0.825000,-0.174471,-0.175000,+0.782380,1,0,0,1,1001,Reference Extractor|Decision Maker,1001,1
858,DS-MVTec/capsule/image/crack/016.png,There is a defect in the object. What is the type of the defect?,Defect Classification,train,158.png,11.682545,5.810997,-5.249355,3.750331,0.999992,0.997015,0.005223,0.977030,+0.824992,+0.822015,-0.169777,+0.802030,1,1,0,1,1101,Reference Extractor|Knowledge Guide|Decision Maker,1101,1
859,DS-MVTec/capsule/image/crack/016.png,There is a defect in the object. Where is the defect?,Defect Localization,train,158.png,12.485545,-5.696451,-12.395061,2.776754,0.999996,0.003347,0.000004,0.941407,+0.824996,-0.171653,-0.174996,+0.766407,1,0,0,1,1001,Reference Extractor|Decision Maker,1001,1
860,DS-MVTec/capsule/image/crack/016.png,There is a defect in the object. What is the appearance of the defect?,Defect Description,train,158.png,3.788013,17.163460,6.288515,3.611944,0.977861,1.000000,0.998146,0.973710,+0.802861,+0.825000,+0.823146,+0.798710,1,1,1,1,1111,Reference Extractor|Knowledge Guide|Reasoning Expert|Decision Maker,1111,1
861,DS-MVTec/capsule/image/crack/016.png,There is a defect in the object. What additional information can be provided about the defect?,Defect Analysis,train,158.png,-1.235301,13.244136,6.602875,2.606497,0.225255,0.999998,0.998645,0.931279,+0.050255,+0.824998,+0.823645,+0.756279,1,1,1,1,1111,Reference Extractor|Knowledge Guide|Reasoning Expert|Decision Maker,0111,0
862,DS-MVTec/capsule/image/crack/017.png,Is there any defect in the object?,Anomaly Detection,train,167.png,14.724258,-7.512208,-14.936555,3.100277,1.000000,0.000546,0.000000,0.956904,+0.825000,-0.174454,-0.175000,+0.781904,1,0,0,1,1001,Reference Extractor|Decision Maker,1001,1
863,DS-MVTec/capsule/image/crack/017.png,There is a defect in the object. What is the type of the defect?,Defect Classification,eval,167.png,11.632493,5.921992,-5.145443,3.751586,0.999991,0.997327,0.005792,0.977058,+0.824991,+0.822327,-0.169208,+0.802058,1,1,0,1,1101,Reference Extractor|Knowledge Guide|Decision Maker,1101,1
864,DS-MVTec/capsule/image/crack/017.png,There is a defect in the object. Where is the defect?,Defect Localization,train,167.png,12.418091,-5.607454,-12.296659,2.773809,0.999996,0.003657,0.000005,0.941244,+0.824996,-0.171343,-0.174995,+0.766244,1,0,0,1,1001,Reference Extractor|Decision Maker,1001,1
865,DS-MVTec/capsule/image/crack/017.png,There is a defect in the object. What is the appearance of the defect?,Defect Description,train,167.png,3.735897,17.264313,6.385442,3.613422,0.976704,1.000000,0.998317,0.973748,+0.801704,+0.825000,+0.823317,+0.798748,1,1,1,1,1111,Reference Extractor|Knowledge Guide|Reasoning Expert|Decision Maker,1111,1
866,DS-MVTec/capsule/image/crack/017.png,There is a defect in the object. What is the effect of the defect?,Defect Analysis,train,167.png,-5.150133,18.631718,11.485597,2.762769,0.005765,1.000000,0.999990,0.940630,-0.169235,+0.825000,+0.824990,+0.765630,0,1,1,1,0111,Knowledge Guide|Reasoning Expert|Decision Maker,0111,1
867,DS-MVTec/capsule/image/crack/018.png,Is there any defect in the object?,Anomaly Detection,eval,007.png,14.244492,-7.378335,-14.587348,3.026955,0.999999,0.000624,0.000000,0.953777,+0.824999,-0.174376,-0.175000,+0.778777,1,0,0,1,1001,Reference Extractor|Decision Maker,1001,1
868,DS-MVTec/capsule/image/crack/018.png,There is a defect in the object. What is the type of the defect?,Defect Classification,train,007.png,11.009352,6.192378,-4.660050,3.688341,0.999983,0.997959,0.009377,0.975597,+0.824983,+0.822959,-0.165623,+0.800597,1,1,0,1,1101,Reference Extractor|Knowledge Guide|Decision Maker,1101,1
869,DS-MVTec/capsule/image/crack/018.png,There is a defect in the object. Where is the defect?,Defect Localization,train,007.png,11.817833,-5.328226,-11.819747,2.712171,0.999993,0.004829,0.000007,0.937741,+0.824993,-0.170171,-0.174993,+0.762741,1,0,0,1,1001,Reference Extractor|Decision Maker,1001,1
870,DS-MVTec/capsule/image/crack/018.png,There is a defect in the object. What is the appearance of the defect?,Defect Description,train,007.png,3.109889,17.526690,6.856179,3.553033,0.957299,1.000000,0.998948,0.972160,+0.782299,+0.825000,+0.823948,+0.797160,1,1,1,1,1111,Reference Extractor|Knowledge Guide|Reasoning Expert|Decision Maker,1111,1
871,DS-MVTec/capsule/image/crack/018.png,There is a defect in the object. What additional information can be provided about the defect?,Defect Analysis,train,007.png,-1.912644,13.622286,7.192137,2.544850,0.128684,0.999999,0.999248,0.927227,-0.046316,+0.824999,+0.824248,+0.752227,0,1,1,1,0111,Knowledge Guide|Reasoning Expert|Decision Maker,0111,1
872,DS-MVTec/capsule/image/crack/019.png,Is there any defect in the object?,Anomaly Detection,train,044.png,15.196585,-7.560380,-15.220629,3.160649,1.000000,0.000520,0.000000,0.959326,+0.825000,-0.174480,-0.175000,+0.784326,1,0,0,1,1001,Reference Extractor|Decision Maker,1001,1
873,DS-MVTec/capsule/image/crack/019.png,There is a defect in the object. What is the type of the defect?,Defect Classification,eval,044.png,12.180157,5.957641,-5.431114,3.817712,0.999995,0.997421,0.004359,0.978495,+0.824995,+0.822421,-0.170641,+0.803495,1,1,0,1,1101,Reference Extractor|Knowledge Guide|Decision Maker,1101,1
874,DS-MVTec/capsule/image/crack/019.png,There is a defect in the object. Where is the defect?,Defect Localization,train,044.png,12.925193,-5.568911,-12.554115,2.837985,0.999998,0.003800,0.000004,0.944694,+0.824998,-0.171200,-0.174996,+0.769694,1,0,0,1,1001,Reference Extractor|Decision Maker,1001,1
875,DS-MVTec/capsule/image/crack/019.png,There is a defect in the object. What is the appearance of the defect?,Defect Description,train,044.png,4.275079,17.320274,6.119606,3.678486,0.986280,1.000000,0.997806,0.975361,+0.811280,+0.825000,+0.822806,+0.800361,1,1,1,1,1111,Reference Extractor|Knowledge Guide|Reasoning Expert|Decision Maker,1111,1
876,DS-MVTec/capsule/image/crack/019.png,There is a defect in the object. What effect does the defect have on the capsule?,Defect Analysis,eval,044.png,-7.008259,23.215490,14.634254,3.410863,0.000904,1.000000,1.000000,0.968042,-0.174096,+0.825000,+0.825000,+0.793042,0,1,1,1,0111,Knowledge Guide|Reasoning Expert|Decision Maker,0111,1
877,DS-MVTec/capsule/image/crack/020.png,Is there any defect in the object?,Anomaly Detection,eval,151.png,15.202450,-7.682137,-15.348825,3.182398,1.000000,0.000461,0.000000,0.960167,+0.825000,-0.174539,-0.175000,+0.785167,1,0,0,1,1001,Reference Extractor|Decision Maker,1001,1
878,DS-MVTec/capsule/image/crack/020.png,There is a defect in the object. What is the type of the defect?,Defect Classification,eval,151.png,12.179924,5.548791,-5.708411,3.806121,0.999995,0.996123,0.003307,0.978249,+0.824995,+0.821123,-0.171693,+0.803249,1,1,0,1,1101,Reference Extractor|Knowledge Guide|Decision Maker,1101,1
879,DS-MVTec/capsule/image/crack/020.png,There is a defect in the object. Where is the defect?,Defect Localization,eval,151.png,12.945270,-5.951108,-12.824477,2.831261,0.999998,0.002596,0.000003,0.944342,+0.824998,-0.172404,-0.174997,+0.769342,1,0,0,1,1001,Reference Extractor|Decision Maker,1001,1
880,DS-MVTec/capsule/image/crack/020.png,There is a defect in the object. What is the appearance of the defect?,Defect Description,train,151.png,4.274063,16.913536,5.844237,3.666929,0.986266,1.000000,0.997112,0.975082,+0.811266,+0.825000,+0.822112,+0.800082,1,1,1,1,1111,Reference Extractor|Knowledge Guide|Reasoning Expert|Decision Maker,1111,1
881,DS-MVTec/capsule/image/crack/020.png,There is a defect in the object. What is the effect of the defect?,Defect Analysis,train,151.png,-4.829783,18.427280,11.215190,2.771734,0.007925,1.000000,0.999987,0.941129,-0.167075,+0.825000,+0.824987,+0.766129,0,1,1,1,0111,Knowledge Guide|Reasoning Expert|Decision Maker,0111,1
882,DS-MVTec/capsule/image/crack/021.png,Is there any defect in the object?,Anomaly Detection,eval,124.png,15.111274,-7.615718,-15.242702,3.160876,1.000000,0.000492,0.000000,0.959335,+0.825000,-0.174508,-0.175000,+0.784335,1,0,0,1,1001,Reference Extractor|Decision Maker,1001,1
883,DS-MVTec/capsule/image/crack/021.png,There is a defect in the object. What is the type of the defect?,Defect Classification,train,124.png,12.205158,5.416959,-5.786124,3.774223,0.999995,0.995579,0.003060,0.977560,+0.824995,+0.820579,-0.171940,+0.802560,1,1,0,1,1101,Reference Extractor|Knowledge Guide|Decision Maker,1101,1
884,DS-MVTec/capsule/image/crack/021.png,There is a defect in the object. Where is the defect?,Defect Localization,train,124.png,12.915755,-6.019366,-12.830803,2.801427,0.999997,0.002425,0.000003,0.942753,+0.824997,-0.172575,-0.174997,+0.767753,1,0,0,1,1001,Reference Extractor|Decision Maker,1001,1
885,DS-MVTec/capsule/image/crack/021.png,There is a defect in the object. What is the appearance of the defect?,Defect Description,train,124.png,4.301767,16.781822,5.765432,3.635060,0.986636,1.000000,0.996876,0.974296,+0.811636,+0.825000,+0.821876,+0.799296,1,1,1,1,1111,Reference Extractor|Knowledge Guide|Reasoning Expert|Decision Maker,1111,1
886,DS-MVTec/capsule/image/crack/021.png,There is a defect in the object. What is the potential effect of the defect on the capsule?,Defect Analysis,train,124.png,-6.926469,22.741400,14.376753,3.349615,0.000980,1.000000,0.999999,0.966092,-0.174020,+0.825000,+0.824999,+0.791092,0,1,1,1,0111,Knowledge Guide|Reasoning Expert|Decision Maker,0111,1
887,DS-MVTec/capsule/image/crack/022.png,Is there any defect in the object?,Anomaly Detection,train,158.png,15.548573,-7.779312,-15.607270,3.235809,1.000000,0.000418,0.000000,0.962160,+0.825000,-0.174582,-0.175000,+0.787160,1,0,0,1,1001,Reference Extractor|Decision Maker,1001,1
888,DS-MVTec/capsule/image/crack/022.png,There is a defect in the object. What is the type of the defect?,Defect Classification,train,158.png,12.676123,5.229424,-6.162046,3.841286,0.999997,0.994672,0.002104,0.978985,+0.824997,+0.819672,-0.172896,+0.803985,1,1,0,1,1101,Reference Extractor|Knowledge Guide|Decision Maker,1101,1
889,DS-MVTec/capsule/image/crack/022.png,There is a defect in the object. Where is the defect?,Defect Localization,train,158.png,13.392860,-6.217525,-13.216319,2.869154,0.999998,0.001990,0.000002,0.946300,+0.824998,-0.173010,-0.174998,+0.771300,1,0,0,1,1001,Reference Extractor|Decision Maker,1001,1
890,DS-MVTec/capsule/image/crack/022.png,There is a defect in the object. What is the appearance of the defect?,Defect Description,train,158.png,4.782485,16.585531,5.378160,3.702753,0.991694,1.000000,0.995405,0.975938,+0.816694,+0.825000,+0.820405,+0.800938,1,1,1,1,1111,Reference Extractor|Knowledge Guide|Reasoning Expert|Decision Maker,1111,1
891,DS-MVTec/capsule/image/crack/022.png,There is a defect in the object. How could the defect potentially affect the capsule?,Defect Analysis,eval,158.png,-5.813501,17.826210,11.423635,2.694934,0.002978,1.000000,0.999989,0.936727,-0.172022,+0.825000,+0.824989,+0.761727,0,1,1,1,0111,Knowledge Guide|Reasoning Expert|Decision Maker,0111,1
892,DS-MVTec/capsule/image/faulty_imprint/000.png,Is there any defect in the object?,Anomaly Detection,train,187.png,15.714469,-7.773437,-15.677318,3.253742,1.000000,0.000421,0.000000,0.962807,+0.825000,-0.174579,-0.175000,+0.787807,1,0,0,1,1001,Reference Extractor|Decision Maker,1001,1
893,DS-MVTec/capsule/image/faulty_imprint/000.png,There are some defects in the object. What type of defects are present in the object?,Defect Classification,train,187.png,9.567555,5.545416,-4.110572,3.392953,0.999930,0.996110,0.016134,0.967484,+0.824930,+0.821110,-0.158866,+0.792484,1,1,0,1,1101,Reference Extractor|Knowledge Guide|Decision Maker,1101,1
894,DS-MVTec/capsule/image/faulty_imprint/000.png,There are some defects in the object. Where are the defects located?,Defect Localization,eval,187.png,13.301344,-6.281460,-13.176212,2.825548,0.999998,0.001867,0.000002,0.944041,+0.824998,-0.173133,-0.174998,+0.769041,1,0,0,1,1001,Reference Extractor|Decision Maker,1001,1
895,DS-MVTec/capsule/image/faulty_imprint/000.png,There are some defects in the object. What is the appearance of the defects?,Defect Description,train,187.png,4.286073,15.343164,4.939864,3.501252,0.986428,1.000000,0.992895,0.970723,+0.811428,+0.825000,+0.817895,+0.795723,1,1,1,1,1111,Reference Extractor|Knowledge Guide|Reasoning Expert|Decision Maker,1111,1
896,DS-MVTec/capsule/image/faulty_imprint/000.png,There are some defects in the object. What are the potential effects of these defects?,Defect Analysis,eval,187.png,-5.822145,17.862255,11.427274,2.702474,0.002953,1.000000,0.999989,0.937172,-0.172047,+0.825000,+0.824989,+0.762172,0,1,1,1,0111,Knowledge Guide|Reasoning Expert|Decision Maker,0111,1
897,DS-MVTec/capsule/image/faulty_imprint/001.png,Is there any defect in the object?,Anomaly Detection,train,082.png,15.896510,-7.832580,-15.833803,3.285150,1.000000,0.000396,0.000000,0.963916,+0.825000,-0.174604,-0.175000,+0.788916,1,0,0,1,1001,Reference Extractor|Decision Maker,1001,1
898,DS-MVTec/capsule/image/faulty_imprint/001.png,There is a defect in the object. What is the type of the defect?,Defect Classification,eval,082.png,12.932760,5.505431,-6.168372,3.917960,0.999998,0.995952,0.002090,0.980506,+0.824998,+0.820952,-0.172910,+0.805506,1,1,0,1,1101,Reference Extractor|Knowledge Guide|Decision Maker,1101,1
899,DS-MVTec/capsule/image/faulty_imprint/001.png,There is a defect in the object. Where is the defect?,Defect Localization,train,082.png,13.669769,-6.015744,-13.277833,2.939588,0.999999,0.002434,0.000002,0.949769,+0.824999,-0.172566,-0.174998,+0.774769,1,0,0,1,1001,Reference Extractor|Decision Maker,1001,1
900,DS-MVTec/capsule/image/faulty_imprint/001.png,There is a defect in the object. What is the appearance of the defect?,Defect Description,eval,082.png,5.035774,16.866589,5.377289,3.779097,0.993541,1.000000,0.995401,0.977667,+0.818541,+0.825000,+0.820401,+0.802667,1,1,1,1,1111,Reference Extractor|Knowledge Guide|Reasoning Expert|Decision Maker,1111,1
901,DS-MVTec/capsule/image/faulty_imprint/001.png,There is a defect in the object. What might the effect of this defect be?,Defect Analysis,train,082.png,-5.009101,16.692421,10.415782,2.554735,0.006633,1.000000,0.999970,0.927891,-0.168367,+0.825000,+0.824970,+0.752891,0,1,1,1,0111,Knowledge Guide|Reasoning Expert|Decision Maker,0111,1
902,DS-MVTec/capsule/image/faulty_imprint/002.png,Is there any defect in the object?,Anomaly Detection,eval,187.png,15.545347,-7.718043,-15.545978,3.226969,1.000000,0.000445,0.000000,0.961837,+0.825000,-0.174555,-0.175000,+0.786837,1,0,0,1,1001,Reference Extractor|Decision Maker,1001,1
903,DS-MVTec/capsule/image/faulty_imprint/002.png,There is a defect in the object. What is the type of the defect?,Defect Classification,train,187.png,12.563686,5.699852,-5.826032,3.874861,0.999997,0.996665,0.002941,0.979665,+0.824997,+0.821665,-0.172059,+0.804665,1,1,0,1,1101,Reference Extractor|Knowledge Guide|Decision Maker,1101,1
904,DS-MVTec/capsule/image/faulty_imprint/002.png,There is a defect in the object. Where is the defect?,Defect Localization,train,187.png,13.312108,-5.838973,-12.956335,2.894686,0.999998,0.002903,0.000002,0.947583,+0.824998,-0.172097,-0.174998,+0.772583,1,0,0,1,1001,Reference Extractor|Decision Maker,1001,1
905,DS-MVTec/capsule/image/faulty_imprint/002.png,There is a defect in the object. What is the appearance of the defect?,Defect Description,train,187.png,4.659395,17.064577,5.725850,3.735693,0.990617,1.000000,0.996750,0.976699,+0.815617,+0.825000,+0.821750,+0.801699,1,1,1,1,1111,Reference Extractor|Knowledge Guide|Reasoning Expert|Decision Maker,1111,1
906,DS-MVTec/capsule/image/faulty_imprint/002.png,"There is a defect in the object. Compared to a normal sample, how does the defective imprint affect the capsule?",Defect Analysis,train,187.png,-8.073899,27.810642,17.481848,4.030245,0.000311,1.000000,1.000000,0.982540,-0.174689,+0.825000,+0.825000,+0.807540,0,1,1,1,0111,Knowledge Guide|Reasoning Expert|Decision Maker,0111,1
907,DS-MVTec/capsule/image/faulty_imprint/003.png,Is there any defect in the object?,Anomaly Detection,train,173.png,15.705078,-7.739884,-15.645734,3.248326,1.000000,0.000435,0.000000,0.962613,+0.825000,-0.174565,-0.175000,+0.787613,1,0,0,1,1001,Reference Extractor|Decision Maker,1001,1
908,DS-MVTec/capsule/image/faulty_imprint/003.png,There is a defect in the object. What is the type of the defect?,Defect Classification,train,173.png,12.765473,5.680283,-5.949661,3.898542,0.999997,0.996599,0.002600,0.980131,+0.824997,+0.821599,-0.172400,+0.805131,1,1,0,1,1101,Reference Extractor|Knowledge Guide|Decision Maker,1101,1
909,DS-MVTec/capsule/image/faulty_imprint/003.png,There is a defect in the object. Where is the defect?,Defect Localization,eval,173.png,13.498692,-5.842391,-13.060545,2.918957,0.999999,0.002894,0.000002,0.948776,+0.824999,-0.172106,-0.174998,+0.773776,1,0,0,1,1001,Reference Extractor|Decision Maker,1001,1
910,DS-MVTec/capsule/image/faulty_imprint/003.png,There is a defect in the object. What is the appearance of the defect?,Defect Description,train,173.png,4.862901,17.043777,5.600458,3.759467,0.992331,1.000000,0.996317,0.977234,+0.817331,+0.825000,+0.821317,+0.802234,1,1,1,1,1111,Reference Extractor|Knowledge Guide|Reasoning Expert|Decision Maker,1111,1
911,DS-MVTec/capsule/image/faulty_imprint/003.png,There is a defect in the object. What is the effect of the defect?,Defect Analysis,train,173.png,-4.346689,18.631786,11.086984,2.849854,0.012784,1.000000,0.999985,0.945311,-0.162216,+0.825000,+0.824985,+0.770311,0,1,1,1,0111,Knowledge Guide|Reasoning Expert|Decision Maker,0111,1
912,DS-MVTec/capsule/image/faulty_imprint/004.png,Is there any defect in the object?,Anomaly Detection,train,197.png,15.096165,-7.598773,-15.193143,3.154507,1.000000,0.000501,0.000000,0.959086,+0.825000,-0.174499,-0.175000,+0.784086,1,0,0,1,1001,Reference Extractor|Decision Maker,1001,1
913,DS-MVTec/capsule/image/faulty_imprint/004.png,There is a defect in the object. What is the type of the defect?,Defect Classification,eval,197.png,11.978220,5.906222,-5.337909,3.801620,0.999994,0.997285,0.004783,0.978153,+0.824994,+0.822285,-0.170217,+0.803153,1,1,0,1,1101,Reference Extractor|Knowledge Guide|Decision Maker,1101,1
914,DS-MVTec/capsule/image/faulty_imprint/004.png,There is a defect in the object. Where is the defect?,Defect Localization,eval,197.png,12.764532,-5.647721,-12.503046,2.822111,0.999997,0.003513,0.000004,0.943859,+0.824997,-0.171487,-0.174996,+0.768859,1,0,0,1,1001,Reference Extractor|Decision Maker,1001,1
915,DS-MVTec/capsule/image/faulty_imprint/004.png,There is a defect in the object. What is the appearance of the defect?,Defect Description,train,197.png,4.070498,17.270386,6.215187,3.662434,0.983218,1.000000,0.998005,0.974973,+0.808218,+0.825000,+0.823005,+0.799973,1,1,1,1,1111,Reference Extractor|Knowledge Guide|Reasoning Expert|Decision Maker,1111,1
916,DS-MVTec/capsule/image/faulty_imprint/004.png,There is a defect in the object. What is the effect of the defect?,Defect Analysis,train,197.png,-4.991335,18.736099,11.467814,2.789983,0.006751,1.000000,0.999990,0.942132,-0.168249,+0.825000,+0.824989,+0.767132,0,1,1,1,0111,Knowledge Guide|Reasoning Expert|Decision Maker,0111,1
917,DS-MVTec/capsule/image/faulty_imprint/005.png,Is there any defect in the object?,Anomaly Detection,train,021.png,15.643906,-7.779568,-15.639702,3.244712,1.000000,0.000418,0.000000,0.962483,+0.825000,-0.174582,-0.175000,+0.787483,1,0,0,1,1001,Reference Extractor|Decision Maker,1001,1
918,DS-MVTec/capsule/image/faulty_imprint/005.png,There is a defect in the object. What is the type of the defect?,Defect Classification,eval,021.png,12.731535,5.354439,-6.096406,3.857972,0.999997,0.995295,0.002246,0.979326,+0.824997,+0.820295,-0.172754,+0.804326,1,1,0,1,1101,Reference Extractor|Knowledge Guide|Decision Maker,1101,1
919,DS-MVTec/capsule/image/faulty_imprint/005.png,There is a defect in the object. Where is the defect?,Defect Localization,train,021.png,13.469516,-6.147446,-13.195544,2.881872,0.999999,0.002134,0.000002,0.946943,+0.824999,-0.172866,-0.174998,+0.771943,1,0,0,1,1001,Reference Extractor|Decision Maker,1001,1
920,DS-MVTec/capsule/image/faulty_imprint/005.png,There is a defect in the object. What is the appearance of the defect?,Defect Description,eval,021.png,4.835147,16.712852,5.446876,3.719271,0.992117,1.000000,0.995709,0.976323,+0.817117,+0.825000,+0.820709,+0.801323,1,1,1,1,1111,Reference Extractor|Knowledge Guide|Reasoning Expert|Decision Maker,1111,1
921,DS-MVTec/capsule/image/faulty_imprint/005.png,There is a defect in the object. Is there an additional defect on the capsule?,Defect Analysis,eval,021.png,-3.215160,12.726413,7.290537,2.335987,0.038599,0.999997,0.999318,0.911814,-0.136401,+0.824997,+0.824318,+0.736814,0,1,1,1,0111,Knowledge Guide|Reasoning Expert|Decision Maker,0111,1
922,DS-MVTec/capsule/image/faulty_imprint/006.png,Is there any defect in the object?,Anomaly Detection,train,213.png,15.080620,-7.575255,-15.185805,3.151687,1.000000,0.000513,0.000000,0.958975,+0.825000,-0.174487,-0.175000,+0.783975,1,0,0,1,1001,Reference Extractor|Decision Maker,1001,1
923,DS-MVTec/capsule/image/faulty_imprint/006.png,There is a defect in the object. What is the type of the defect?,Defect Classification,train,213.png,11.988359,5.978344,-5.341144,3.809345,0.999994,0.997473,0.004768,0.978318,+0.824994,+0.822473,-0.170232,+0.803318,1,1,0,1,1101,Reference Extractor|Knowledge Guide|Decision Maker,1101,1
924,DS-MVTec/capsule/image/faulty_imprint/006.png,There is a defect in the object. Where is the defect?,Defect Localization,train,213.png,12.745514,-5.561205,-12.479243,2.828764,0.999997,0.003829,0.000004,0.944211,+0.824997,-0.171171,-0.174996,+0.769211,1,0,0,1,1001,Reference Extractor|Decision Maker,1001,1
925,DS-MVTec/capsule/image/faulty_imprint/006.png,There is a defect in the object. What is the appearance of the defect?,Defect Description,train,213.png,4.076366,17.348186,6.218329,3.669780,0.983314,1.000000,0.998011,0.975151,+0.808314,+0.825000,+0.823011,+0.800151,1,1,1,1,1111,Reference Extractor|Knowledge Guide|Reasoning Expert|Decision Maker,1111,1
926,DS-MVTec/capsule/image/faulty_imprint/006.png,There is a defect in the object. Is there a secondary defect present on the capsule?,Defect Analysis,train,213.png,-5.414630,18.526833,11.560728,2.744223,0.004431,1.000000,0.999990,0.939586,-0.170569,+0.825000,+0.824990,+0.764586,0,1,1,1,0111,Knowledge Guide|Reasoning Expert|Decision Maker,0111,1
927,DS-MVTec/capsule/image/faulty_imprint/007.png,Is there any defect in the object?,Anomaly Detection,eval,187.png,16.003984,-7.811429,-15.856732,3.292709,1.000000,0.000405,0.000000,0.964178,+0.825000,-0.174595,-0.175000,+0.789178,1,0,0,1,1001,Reference Extractor|Decision Maker,1001,1
928,DS-MVTec/capsule/image/faulty_imprint/007.png,There is a defect in the object. What is the type of the defect?,Defect Classification,train,187.png,13.133090,5.567638,-6.215158,3.939433,0.999998,0.996195,0.001995,0.980912,+0.824998,+0.821195,-0.173005,+0.805912,1,1,0,1,1101,Reference Extractor|Knowledge Guide|Decision Maker,1101,1
929,DS-MVTec/capsule/image/faulty_imprint/007.png,There is a defect in the object. Where is the defect?,Defect Localization,train,187.png,13.857987,-5.949543,-13.315387,2.960802,0.999999,0.002600,0.000002,0.950772,+0.824999,-0.172400,-0.174998,+0.775772,1,0,0,1,1001,Reference Extractor|Decision Maker,1001,1
930,DS-MVTec/capsule/image/faulty_imprint/007.png,There is a defect in the object. What is the appearance of the defect?,Defect Description,eval,187.png,5.239098,16.927061,5.327747,3.800709,0.994723,1.000000,0.995168,0.978134,+0.819723,+0.825000,+0.820168,+0.803134,1,1,1,1,1111,Reference Extractor|Knowledge Guide|Reasoning Expert|Decision Maker,1111,1
931,DS-MVTec/capsule/image/faulty_imprint/007.png,There is a defect in the object. What numerical value is not clearly visible on the defective capsule's imprint?,Defect Analysis,train,187.png,-6.690735,20.639116,13.248439,3.088166,0.001241,1.000000,0.999998,0.956402,-0.173759,+0.825000,+0.824998,+0.781402,0,1,1,1,0111,Knowledge Guide|Reasoning Expert|Decision Maker,0111,1
932,DS-MVTec/capsule/image/faulty_imprint/008.png,Is there any defect in the object?,Anomaly Detection,train,174.png,15.130939,-7.619159,-15.252875,3.163944,1.000000,0.000491,0.000000,0.959455,+0.825000,-0.174509,-0.175000,+0.784455,1,0,0,1,1001,Reference Extractor|Decision Maker,1001,1
933,DS-MVTec/capsule/image/faulty_imprint/008.png,There is a defect in the object. What is the type of the defect?,Defect Classification,train,174.png,11.993113,5.861373,-5.420643,3.804697,0.999994,0.997161,0.004405,0.978219,+0.824994,+0.822161,-0.170595,+0.803219,1,1,0,1,1101,Reference Extractor|Knowledge Guide|Decision Maker,1101,1
934,DS-MVTec/capsule/image/faulty_imprint/008.png,There is a defect in the object. Where is the defect?,Defect Localization,train,174.png,12.766661,-5.680398,-12.567406,2.825509,0.999997,0.003401,0.000003,0.944039,+0.824997,-0.171599,-0.174997,+0.769039,1,0,0,1,1001,Reference Extractor|Decision Maker,1001,1
935,DS-MVTec/capsule/image/faulty_imprint/008.png,There is a defect in the object. What is the appearance of the defect?,Defect Description,train,174.png,4.076365,17.233967,6.143206,3.664910,0.983314,1.000000,0.997857,0.975033,+0.808314,+0.825000,+0.822857,+0.800033,1,1,1,1,1111,Reference Extractor|Knowledge Guide|Reasoning Expert|Decision Maker,1111,1
936,DS-MVTec/capsule/image/faulty_imprint/008.png,There is a defect in the object. What is the effect of the defect?,Defect Analysis,eval,174.png,-4.981219,18.696985,11.419420,2.785943,0.006819,1.000000,0.999989,0.941911,-0.168181,+0.825000,+0.824989,+0.766911,0,1,1,1,0111,Knowledge Guide|Reasoning Expert|Decision Maker,0111,1
937,DS-MVTec/capsule/image/faulty_imprint/009.png,Is there any defect in the object?,Anomaly Detection,eval,173.png,16.081804,-7.864507,-15.952516,3.310922,1.000000,0.000384,0.000000,0.964802,+0.825000,-0.174616,-0.175000,+0.789802,1,0,0,1,1001,Reference Extractor|Decision Maker,1001,1
938,DS-MVTec/capsule/image/faulty_imprint/009.png,There is a defect in the object. What is the type of the primary defect?,Defect Classification,train,173.png,11.734289,6.331407,-4.931283,3.798730,0.999992,0.998224,0.007166,0.978092,+0.824992,+0.823224,-0.167834,+0.803092,1,1,0,1,1101,Reference Extractor|Knowledge Guide|Decision Maker,1101,1
939,DS-MVTec/capsule/image/faulty_imprint/009.png,There is a defect in the object. Where is the primary defect located?,Defect Localization,eval,173.png,9.782785,-0.424208,-7.793670,2.896247,0.999944,0.395510,0.000412,0.947661,+0.824944,+0.220510,-0.174588,+0.772661,1,1,0,1,1101,Reference Extractor|Knowledge Guide|Decision Maker,1001,0
940,DS-MVTec/capsule/image/faulty_imprint/009.png,There is a defect in the object. What is the appearance of the primary defect?,Defect Description,train,173.png,4.733844,17.186844,5.752244,3.757083,0.991284,1.000000,0.996834,0.977181,+0.816284,+0.825000,+0.821834,+0.802181,1,1,1,1,1111,Reference Extractor|Knowledge Guide|Reasoning Expert|Decision Maker,1111,1
941,DS-MVTec/capsule/image/faulty_imprint/009.png,There is a defect in the object. What additional defect is present on the capsule?,Defect Analysis,train,173.png,-4.887373,17.181549,10.634204,2.596855,0.007485,1.000000,0.999976,0.930659,-0.167515,+0.825000,+0.824976,+0.755659,0,1,1,1,0111,Knowledge Guide|Reasoning Expert|Decision Maker,0111,1
942,DS-MVTec/capsule/image/faulty_imprint/010.png,Is there any defect in the object?,Anomaly Detection,train,119.png,15.702848,-7.632597,-15.539660,3.230346,1.000000,0.000484,0.000000,0.961960,+0.825000,-0.174516,-0.175000,+0.786960,1,0,0,1,1001,Reference Extractor|Decision Maker,1001,1
943,DS-MVTec/capsule/image/faulty_imprint/010.png,There is a defect in the object. What is the type of the defect?,Defect Classification,train,119.png,12.722002,6.033624,-5.699015,3.906378,0.999997,0.997609,0.003338,0.980283,+0.824997,+0.822609,-0.171662,+0.805283,1,1,0,1,1101,Reference Extractor|Knowledge Guide|Decision Maker,1101,1
944,DS-MVTec/capsule/image/faulty_imprint/010.png,There is a defect in the object. Where is the defect?,Defect Localization,eval,119.png,13.456093,-5.496611,-12.814307,2.925891,0.999999,0.004084,0.000003,0.949112,+0.824999,-0.170916,-0.174997,+0.774112,1,0,0,1,1001,Reference Extractor|Decision Maker,1001,1
945,DS-MVTec/capsule/image/faulty_imprint/010.png,There is a defect in the object. What is the appearance of the defect?,Defect Description,eval,119.png,4.827007,17.393459,5.844900,3.767565,0.992053,1.000000,0.997114,0.977414,+0.817053,+0.825000,+0.822114,+0.802414,1,1,1,1,1111,Reference Extractor|Knowledge Guide|Reasoning Expert|Decision Maker,1111,1
946,DS-MVTec/capsule/image/faulty_imprint/010.png,There is a defect in the object. What might be the effect of the defect?,Defect Analysis,eval,119.png,-5.616374,18.965664,11.881638,2.811467,0.003625,1.000000,0.999993,0.943292,-0.171375,+0.825000,+0.824993,+0.768292,0,1,1,1,0111,Knowledge Guide|Reasoning Expert|Decision Maker,0111,1
947,DS-MVTec/capsule/image/faulty_imprint/011.png,Is there any defect in the object?,Anomaly Detection,train,042.png,14.949190,-7.550670,-15.101497,3.132882,1.000000,0.000525,0.000000,0.958229,+0.825000,-0.174475,-0.175000,+0.783229,1,0,0,1,1001,Reference Extractor|Decision Maker,1001,1
948,DS-MVTec/capsule/image/faulty_imprint/011.png,There is a defect in the object. What is the type of the defect?,Defect Classification,train,042.png,11.966908,5.712092,-5.480769,3.770213,0.999994,0.996705,0.004149,0.977472,+0.824994,+0.821705,-0.170851,+0.802472,1,1,0,1,1101,Reference Extractor|Knowledge Guide|Decision Maker,1101,1
949,DS-MVTec/capsule/image/faulty_imprint/011.png,There is a defect in the object. Where is the defect?,Defect Localization,train,042.png,12.693850,-5.760009,-12.560184,2.793916,0.999997,0.003141,0.000004,0.942346,+0.824997,-0.171859,-0.174996,+0.767346,1,0,0,1,1001,Reference Extractor|Decision Maker,1001,1
950,DS-MVTec/capsule/image/faulty_imprint/011.png,There is a defect in the object. What is the appearance of the defect?,Defect Description,train,042.png,4.063628,17.076500,6.070415,3.631094,0.983104,1.000000,0.997695,0.974196,+0.808104,+0.825000,+0.822695,+0.799196,1,1,1,1,1111,Reference Extractor|Knowledge Guide|Reasoning Expert|Decision Maker,1111,1
951,DS-MVTec/capsule/image/faulty_imprint/011.png,There is a defect in the object. What effect does the defect potentially have on the capsule?,Defect Analysis,train,042.png,-7.367869,23.229826,14.792582,3.442837,0.000631,1.000000,1.000000,0.969017,-0.174369,+0.825000,+0.825000,+0.794017,0,1,1,1,0111,Knowledge Guide|Reasoning Expert|Decision Maker,0111,1
952,DS-MVTec/capsule/image/faulty_imprint/012.png,Is there any defect in the object?,Anomaly Detection,train,098.png,15.813478,-7.762806,-15.726800,3.265559,1.000000,0.000425,0.000000,0.963228,+0.825000,-0.174575,-0.175000,+0.788228,1,0,0,1,1001,Reference Extractor|Decision Maker,1001,1
953,DS-MVTec/capsule/image/faulty_imprint/012.png,There is a defect in the object. What is the type of the defect?,Defect Classification,train,098.png,12.846235,5.762842,-5.962336,3.925885,0.999997,0.996868,0.002567,0.980657,+0.824997,+0.821868,-0.172433,+0.805657,1,1,0,1,1101,Reference Extractor|Knowledge Guide|Decision Maker,1101,1
954,DS-MVTec/capsule/image/faulty_imprint/012.png,There is a defect in the object. Where is the defect?,Defect Localization,eval,098.png,13.582538,-5.765507,-13.078676,2.945974,0.999999,0.003124,0.000002,0.950073,+0.824999,-0.171876,-0.174998,+0.775073,1,0,0,1,1001,Reference Extractor|Decision Maker,1001,1
955,DS-MVTec/capsule/image/faulty_imprint/012.png,There is a defect in the object. What is the appearance of the defect?,Defect Description,train,098.png,4.941709,17.127487,5.589598,3.786718,0.992908,1.000000,0.996277,0.977833,+0.817908,+0.825000,+0.821277,+0.802833,1,1,1,1,1111,Reference Extractor|Knowledge Guide|Reasoning Expert|Decision Maker,1111,1
956,DS-MVTec/capsule/image/faulty_imprint/012.png,There is a defect in the object. Is there any additional anomaly besides the imprint defect?,Defect Analysis,eval,098.png,-3.197021,17.840794,10.187811,2.856742,0.039278,1.000000,0.999962,0.945666,-0.135722,+0.825000,+0.824962,+0.770666,0,1,1,1,0111,Knowledge Guide|Reasoning Expert|Decision Maker,0111,1
957,DS-MVTec/capsule/image/faulty_imprint/013.png,Is there any defect in the object?,Anomaly Detection,train,197.png,15.308657,-7.628605,-15.342591,3.186000,1.000000,0.000486,0.000000,0.960304,+0.825000,-0.174514,-0.175000,+0.785304,1,0,0,1,1001,Reference Extractor|Decision Maker,1001,1
958,DS-MVTec/capsule/image/faulty_imprint/013.png,There is a defect in the object. What is the type of the defect?,Defect Classification,train,197.png,12.273235,5.910636,-5.530264,3.847903,0.999995,0.997297,0.003949,0.979121,+0.824995,+0.822297,-0.171051,+0.804121,1,1,0,1,1101,Reference Extractor|Knowledge Guide|Decision Maker,1101,1
959,DS-MVTec/capsule/image/faulty_imprint/013.png,There is a defect in the object. Where is the defect?,Defect Localization,train,197.png,13.029806,-5.634898,-12.672168,2.867020,0.999998,0.003558,0.000003,0.946192,+0.824998,-0.171442,-0.174997,+0.771192,1,0,0,1,1001,Reference Extractor|Decision Maker,1001,1
960,DS-MVTec/capsule/image/faulty_imprint/013.png,There is a defect in the object. What is the appearance of the defect?,Defect Description,eval,197.png,4.369052,17.273516,6.020158,3.708839,0.987495,1.000000,0.997577,0.976080,+0.812495,+0.825000,+0.822577,+0.801080,1,1,1,1,1111,Reference Extractor|Knowledge Guide|Reasoning Expert|Decision Maker,1111,1
961,DS-MVTec/capsule/image/faulty_imprint/013.png,There is a defect in the object. What is the effect of the defect?,Defect Analysis,train,197.png,-4.761449,18.772812,11.362395,2.819374,0.008481,1.000000,0.999988,0.943714,-0.166519,+0.825000,+0.824988,+0.768714,0,1,1,1,0111,Knowledge Guide|Reasoning Expert|Decision Maker,0111,1
962,DS-MVTec/capsule/image/faulty_imprint/014.png,Is there any defect in the object?,Anomaly Detection,eval,043.png,14.618608,-7.415472,-14.796833,3.073191,1.000000,0.000602,0.000000,0.955773,+0.825000,-0.174398,-0.175000,+0.780773,1,0,0,1,1001,Reference Extractor|Decision Maker,1001,1
963,DS-MVTec/capsule/image/faulty_imprint/014.png,There is a defect in the object. What is the type of the defect?,Defect Classification,eval,043.png,11.505289,6.299566,-4.849523,3.756590,0.999990,0.998166,0.007771,0.977170,+0.824990,+0.823166,-0.167229,+0.802170,1,1,0,1,1101,Reference Extractor|Knowledge Guide|Decision Maker,1101,1
964,DS-MVTec/capsule/image/faulty_imprint/014.png,There is a defect in the object. Where is the defect?,Defect Localization,eval,043.png,12.259406,-5.241360,-11.990888,2.774039,0.999995,0.005265,0.000006,0.941257,+0.824995,-0.169735,-0.174994,+0.766257,1,0,0,1,1001,Reference Extractor|Decision Maker,1001,1
965,DS-MVTec/capsule/image/faulty_imprint/014.png,There is a defect in the object. What is the appearance of the defect?,Defect Description,eval,043.png,3.594021,17.652771,6.686829,3.619956,0.973248,1.000000,0.998754,0.973915,+0.798248,+0.825000,+0.823754,+0.798915,1,1,1,1,1111,Reference Extractor|Knowledge Guide|Reasoning Expert|Decision Maker,1111,1
966,DS-MVTec/capsule/image/faulty_imprint/014.png,There is a defect in the object. What does the defective imprint look like?,Defect Analysis,train,043.png,-7.153629,24.009354,15.155549,3.514452,0.000781,1.000000,1.000000,0.971096,-0.174219,+0.825000,+0.825000,+0.796096,0,1,1,1,0111,Knowledge Guide|Reasoning Expert|Decision Maker,0111,1
967,DS-MVTec/capsule/image/faulty_imprint/015.png,Is there any defect in the object?,Anomaly Detection,train,104.png,14.903923,-7.539987,-15.068952,3.125844,1.000000,0.000531,0.000000,0.957946,+0.825000,-0.174469,-0.175000,+0.782946,1,0,0,1,1001,Reference Extractor|Decision Maker,1001,1
968,DS-MVTec/capsule/image/faulty_imprint/015.png,There is a defect in the object. What is the type of the defect?,Defect Classification,train,104.png,11.764144,5.916213,-5.255642,3.767885,0.999992,0.997312,0.005191,0.977421,+0.824992,+0.822312,-0.169809,+0.802421,1,1,0,1,1101,Reference Extractor|Knowledge Guide|Decision Maker,1101,1
969,DS-MVTec/capsule/image/faulty_imprint/015.png,There is a defect in the object. Where is the defect?,Defect Localization,eval,104.png,12.536474,-5.592543,-12.382641,2.791462,0.999996,0.003712,0.000004,0.942213,+0.824996,-0.171288,-0.174996,+0.767213,1,0,0,1,1001,Reference Extractor|Decision Maker,1001,1
970,DS-MVTec/capsule/image/faulty_imprint/015.png,There is a defect in the object. What is the appearance of the defect?,Defect Description,eval,104.png,3.846013,17.289524,6.309358,3.628054,0.979082,1.000000,0.998184,0.974120,+0.804082,+0.825000,+0.823184,+0.799120,1,1,1,1,1111,Reference Extractor|Knowledge Guide|Reasoning Expert|Decision Maker,1111,1
971,DS-MVTec/capsule/image/faulty_imprint/015.png,There is a defect in the object. What does the defect affect?,Defect Analysis,eval,104.png,-4.817765,15.188990,9.530625,2.366688,0.008020,1.000000,0.999927,0.914252,-0.166980,+0.825000,+0.824927,+0.739251,0,1,1,1,0111,Knowledge Guide|Reasoning Expert|Decision Maker,0111,1
972,DS-MVTec/capsule/image/faulty_imprint/016.png,Is there any defect in the object?,Anomaly Detection,train,032.png,15.800012,-7.795059,-15.747619,3.267403,1.000000,0.000412,0.000000,0.963293,+0.825000,-0.174588,-0.175000,+0.788293,1,0,0,1,1001,Reference Extractor|Decision Maker,1001,1
973,DS-MVTec/capsule/image/faulty_imprint/016.png,There is a defect in the object. What is the type of the defect?,Defect Classification,train,032.png,12.977063,5.348839,-6.260960,3.892192,0.999998,0.995269,0.001906,0.980007,+0.824998,+0.820269,-0.173094,+0.805007,1,1,0,1,1101,Reference Extractor|Knowledge Guide|Decision Maker,1101,1
974,DS-MVTec/capsule/image/faulty_imprint/016.png,There is a defect in the object. Where is the defect?,Defect Localization,train,032.png,13.685332,-6.128881,-13.327659,2.916725,0.999999,0.002174,0.000002,0.948667,+0.824999,-0.172826,-0.174998,+0.773667,1,0,0,1,1001,Reference Extractor|Decision Maker,1001,1
975,DS-MVTec/capsule/image/faulty_imprint/016.png,There is a defect in the object. What is the appearance of the defect?,Defect Description,train,032.png,5.078400,16.710968,5.286245,3.753251,0.993809,1.000000,0.994965,0.977095,+0.818809,+0.825000,+0.819965,+0.802095,1,1,1,1,1111,Reference Extractor|Knowledge Guide|Reasoning Expert|Decision Maker,1111,1
976,DS-MVTec/capsule/image/faulty_imprint/016.png,There is a defect in the object. How does the defect affect the capsule?,Defect Analysis,train,032.png,-5.511401,17.446299,11.054914,2.628502,0.004024,1.000000,0.999984,0.932674,-0.170976,+0.825000,+0.824984,+0.757674,0,1,1,1,0111,Knowledge Guide|Reasoning Expert|Decision Maker,0111,1
977,DS-MVTec/capsule/image/faulty_imprint/017.png,Is there any defect in the object?,Anomaly Detection,eval,017.png,15.672655,-7.773452,-15.666220,3.249594,1.000000,0.000421,0.000000,0.962658,+0.825000,-0.174579,-0.175000,+0.787658,1,0,0,1,1001,Reference Extractor|Decision Maker,1001,1
978,DS-MVTec/capsule/image/faulty_imprint/017.png,There is a defect in the object. What is the type of the defect?,Defect Classification,train,017.png,12.712868,5.424830,-6.079961,3.867674,0.999997,0.995613,0.002283,0.979521,+0.824997,+0.820613,-0.172717,+0.804521,1,1,0,1,1101,Reference Extractor|Knowledge Guide|Decision Maker,1101,1
979,DS-MVTec/capsule/image/faulty_imprint/017.png,There is a defect in the object. Where is the defect?,Defect Localization,train,017.png,13.425671,-6.040499,-13.143595,2.892177,0.999999,0.002375,0.000002,0.947458,+0.824999,-0.172625,-0.174998,+0.772458,1,0,0,1,1001,Reference Extractor|Decision Maker,1001,1
980,DS-MVTec/capsule/image/faulty_imprint/017.png,There is a defect in the object. What is the appearance of the defect?,Defect Description,train,017.png,4.799424,16.795513,5.480849,3.728041,0.991833,1.000000,0.995852,0.976524,+0.816833,+0.825000,+0.820852,+0.801524,1,1,1,1,1111,Reference Extractor|Knowledge Guide|Reasoning Expert|Decision Maker,1111,1
981,DS-MVTec/capsule/image/faulty_imprint/017.png,There is a defect in the object. How does the defect manifest on the imprint?,Defect Analysis,train,017.png,-5.689434,19.425138,12.158340,2.868036,0.003370,1.000000,0.999995,0.946244,-0.171630,+0.825000,+0.824995,+0.771244,0,1,1,1,0111,Knowledge Guide|Reasoning Expert|Decision Maker,0111,1
982,DS-MVTec/capsule/image/faulty_imprint/018.png,Is there any defect in the object?,Anomaly Detection,train,072.png,15.234385,-7.542208,-15.228350,3.163790,1.000000,0.000530,0.000000,0.959449,+0.825000,-0.174470,-0.175000,+0.784449,1,0,0,1,1001,Reference Extractor|Decision Maker,1001,1
983,DS-MVTec/capsule/image/faulty_imprint/018.png,There is a defect in the object. What is the type of the defect?,Defect Classification,eval,072.png,12.251719,5.978926,-5.470906,3.830548,0.999995,0.997475,0.004190,0.978763,+0.824995,+0.822475,-0.170810,+0.803763,1,1,0,1,1101,Reference Extractor|Knowledge Guide|Decision Maker,1101,1
984,DS-MVTec/capsule/image/faulty_imprint/018.png,There is a defect in the object. Where is the defect?,Defect Localization,train,072.png,12.960947,-5.501763,-12.544941,2.851071,0.999998,0.004063,0.000004,0.945374,+0.824998,-0.170937,-0.174996,+0.770374,1,0,0,1,1001,Reference Extractor|Decision Maker,1001,1
985,DS-MVTec/capsule/image/faulty_imprint/018.png,There is a defect in the object. What is the appearance of the defect?,Defect Description,train,072.png,4.341236,17.341276,6.082381,3.691317,0.987147,1.000000,0.997722,0.975668,+0.812147,+0.825000,+0.822722,+0.800668,1,1,1,1,1111,Reference Extractor|Knowledge Guide|Reasoning Expert|Decision Maker,1111,1
986,DS-MVTec/capsule/image/faulty_imprint/018.png,There is a defect in the object. What is the effect of the defect?,Defect Analysis,eval,072.png,-4.725148,18.785236,11.343343,2.811375,0.008791,1.000000,0.999988,0.943287,-0.166209,+0.825000,+0.824988,+0.768287,0,1,1,1,0111,Knowledge Guide|Reasoning Expert|Decision Maker,0111,1
987,DS-MVTec/capsule/image/faulty_imprint/019.png,Is there any defect in the object?,Anomaly Detection,eval,171.png,15.713628,-7.735575,-15.647979,3.248189,1.000000,0.000437,0.000000,0.962608,+0.825000,-0.174563,-0.175000,+0.787608,1,0,0,1,1001,Reference Extractor|Decision Maker,1001,1
988,DS-MVTec/capsule/image/faulty_imprint/019.png,There is a defect in the object. What is the type of the defect?,Defect Classification,eval,171.png,12.863497,5.543597,-6.077455,3.888835,0.999997,0.996103,0.002289,0.979941,+0.824997,+0.821103,-0.172711,+0.804941,1,1,0,1,1101,Reference Extractor|Knowledge Guide|Decision Maker,1101,1
989,DS-MVTec/capsule/image/faulty_imprint/019.png,There is a defect in the object. Where is the defect?,Defect Localization,train,171.png,13.582160,-5.949657,-13.160779,2.911880,0.999999,0.002600,0.000002,0.948431,+0.824999,-0.172400,-0.174998,+0.773431,1,0,0,1,1001,Reference Extractor|Decision Maker,1001,1
990,DS-MVTec/capsule/image/faulty_imprint/019.png,There is a defect in the object. What is the appearance of the defect?,Defect Description,train,171.png,4.964262,16.906031,5.470285,3.749861,0.993065,1.000000,0.995808,0.977019,+0.818065,+0.825000,+0.820808,+0.802019,1,1,1,1,1111,Reference Extractor|Knowledge Guide|Reasoning Expert|Decision Maker,1111,1
991,DS-MVTec/capsule/image/faulty_imprint/019.png,There is a defect in the object. What effect does the defect have?,Defect Analysis,eval,171.png,-5.805519,18.203617,11.570591,2.740038,0.003002,1.000000,0.999991,0.939348,-0.171998,+0.825000,+0.824991,+0.764348,0,1,1,1,0111,Knowledge Guide|Reasoning Expert|Decision Maker,0111,1
992,DS-MVTec/capsule/image/faulty_imprint/020.png,Is there any defect in the object?,Anomaly Detection,train,213.png,15.435425,-7.651212,-15.432728,3.202831,1.000000,0.000475,0.000000,0.960941,+0.825000,-0.174525,-0.175000,+0.785941,1,0,0,1,1001,Reference Extractor|Decision Maker,1001,1
993,DS-MVTec/capsule/image/faulty_imprint/020.png,There is a defect in the object. What is the type of the defect?,Defect Classification,train,213.png,12.511163,5.641288,-5.818530,3.837921,0.999996,0.996464,0.002963,0.978916,+0.824996,+0.821464,-0.172037,+0.803916,1,1,0,1,1101,Reference Extractor|Knowledge Guide|Decision Maker,1101,1
994,DS-MVTec/capsule/image/faulty_imprint/020.png,There is a defect in the object. Where is the defect?,Defect Localization,eval,213.png,13.219471,-5.828640,-12.883544,2.861366,0.999998,0.002933,0.000003,0.945903,+0.824998,-0.172067,-0.174997,+0.770903,1,0,0,1,1001,Reference Extractor|Decision Maker,1001,1
995,DS-MVTec/capsule/image/faulty_imprint/020.png,There is a defect in the object. What is the appearance of the defect?,Defect Description,train,213.png,4.616848,17.000580,5.724838,3.699103,0.990213,1.000000,0.996747,0.975852,+0.815213,+0.825000,+0.821747,+0.800852,1,1,1,1,1111,Reference Extractor|Knowledge Guide|Reasoning Expert|Decision Maker,1111,1
996,DS-MVTec/capsule/image/faulty_imprint/020.png,There is a defect in the object. What is the likely effect of the defect?,Defect Analysis,train,213.png,-4.695353,17.638172,10.732949,2.677344,0.009055,1.000000,0.999978,0.935676,-0.165945,+0.825000,+0.824978,+0.760676,0,1,1,1,0111,Knowledge Guide|Reasoning Expert|Decision Maker,0111,1
997,DS-MVTec/capsule/image/faulty_imprint/021.png,Is there any defect in the object?,Anomaly Detection,train,187.png,15.059816,-7.643466,-15.233493,3.159761,1.000000,0.000479,0.000000,0.959292,+0.825000,-0.174521,-0.175000,+0.784292,1,0,0,1,1001,Reference Extractor|Decision Maker,1001,1
998,DS-MVTec/capsule/image/faulty_imprint/021.png,There is a defect in the object. What is the type of the defect?,Defect Classification,train,187.png,11.884258,5.810749,-5.384915,3.797184,0.999993,0.997014,0.004564,0.978058,+0.824993,+0.822014,-0.170436,+0.803058,1,1,0,1,1101,Reference Extractor|Knowledge Guide|Decision Maker,1101,1
999,DS-MVTec/capsule/image/faulty_imprint/021.png,There is a defect in the object. Where is the defect?,Defect Localization,train,187.png,12.693812,-5.700573,-12.534101,2.823297,0.999997,0.003333,0.000004,0.943922,+0.824997,-0.171667,-0.174996,+0.768922,1,0,0,1,1001,Reference Extractor|Decision Maker,1001,1
1000,DS-MVTec/capsule/image/faulty_imprint/021.png,There is a defect in the object. What is the appearance of the defect?,Defect Description,train,187.png,3.970263,17.181751,6.176401,3.657526,0.981481,1.000000,0.997926,0.974852,+0.806481,+0.825000,+0.822926,+0.799852,1,1,1,1,1111,Reference Extractor|Knowledge Guide|Reasoning Expert|Decision Maker,1111,1
1001,DS-MVTec/capsule/image/faulty_imprint/021.png,There is a defect in the object. What could be the effect of this defect?,Defect Analysis,train,187.png,-2.845694,16.887295,9.411630,2.838325,0.054904,1.000000,0.999918,0.944712,-0.120096,+0.825000,+0.824918,+0.769712,0,1,1,1,0111,Knowledge Guide|Reasoning Expert|Decision Maker,0111,1
1002,DS-MVTec/capsule/image/good/007.png,Is there any defect in the object?,Anomaly Detection,train,020.png,14.779757,-7.494979,-14.953239,3.103222,1.000000,0.000556,0.000000,0.957026,+0.825000,-0.174444,-0.175000,+0.782026,1,0,0,1,1001,Reference Extractor|Decision Maker,1001,1
1003,DS-MVTec/capsule/image/good/009.png,Is there any defect in the object?,Anomaly Detection,eval,089.png,15.024970,-7.632602,-15.216285,3.154795,1.000000,0.000484,0.000000,0.959097,+0.825000,-0.174516,-0.175000,+0.784097,1,0,0,1,1001,Reference Extractor|Decision Maker,1001,1
1004,DS-MVTec/capsule/image/good/010.png,Is there any defect in the object?,Anomaly Detection,train,179.png,14.935217,-7.615465,-15.148843,3.140766,1.000000,0.000493,0.000000,0.958543,+0.825000,-0.174507,-0.175000,+0.783543,1,0,0,1,1001,Reference Extractor|Decision Maker,1001,1
1005,DS-MVTec/capsule/image/good/011.png,Is there any defect in the object?,Anomaly Detection,train,115.png,14.860253,-7.599642,-15.099900,3.130297,1.000000,0.000500,0.000000,0.958125,+0.825000,-0.174500,-0.175000,+0.783125,1,0,0,1,1001,Reference Extractor|Decision Maker,1001,1
1006,DS-MVTec/capsule/image/poke/000.png,Is there any defect in the object?,Anomaly Detection,unknown,021.png,15.491896,-7.721968,-15.512201,3.218295,1.000000,0.000443,0.000000,0.961517,+0.825000,-0.174557,-0.175000,+0.786517,1,0,0,1,1001,Reference Extractor|Decision Maker,1001,1
1007,DS-MVTec/capsule/image/poke/000.png,There is a defect in the object. What is the type of the defect?,Defect Classification,unknown,021.png,12.623114,5.342696,-6.032012,3.829663,0.999997,0.995240,0.002395,0.978745,+0.824997,+0.820240,-0.172605,+0.803745,1,1,0,1,1101,Reference Extractor|Knowledge Guide|Decision Maker,1101,1
1008,DS-MVTec/capsule/image/poke/000.png,There is a defect in the object. Where is the defect?,Defect Localization,unknown,021.png,13.333124,-6.130875,-13.100031,2.853923,0.999998,0.002170,0.000002,0.945521,+0.824998,-0.172830,-0.174998,+0.770521,1,0,0,1,1001,Reference Extractor|Decision Maker,1001,1
1009,DS-MVTec/capsule/image/poke/000.png,There is a defect in the object. What is the appearance of the defect?,Defect Description,unknown,021.png,4.711138,16.711946,5.527011,3.690101,0.991086,1.000000,0.996038,0.975639,+0.816086,+0.825000,+0.821038,+0.800639,1,1,1,1,1111,Reference Extractor|Knowledge Guide|Reasoning Expert|Decision Maker,1111,1
1010,DS-MVTec/capsule/image/poke/000.png,There is a defect in the object. What does the appearance of the defect indicate?,Defect Analysis,unknown,021.png,-2.730841,21.450294,11.820652,3.330014,0.061178,1.000000,0.999993,0.965444,-0.113822,+0.825000,+0.824993,+0.790444,0,1,1,1,0111,Knowledge Guide|Reasoning Expert|Decision Maker,0111,1
1011,DS-MVTec/capsule/image/poke/001.png,Is there any defect in the object?,Anomaly Detection,unknown,125.png,14.581875,-7.505637,-14.865808,3.082957,1.000000,0.000550,0.000000,0.956184,+0.825000,-0.174450,-0.175000,+0.781184,1,0,0,1,1001,Reference Extractor|Decision Maker,1001,1
1012,DS-MVTec/capsule/image/poke/001.png,There is a defect in the object. What is the type of the defect?,Defect Classification,unknown,125.png,11.501914,5.695429,-5.212367,3.708228,0.999990,0.996650,0.005419,0.976066,+0.824990,+0.821650,-0.169581,+0.801066,1,1,0,1,1101,Reference Extractor|Knowledge Guide|Decision Maker,1101,1
1013,DS-MVTec/capsule/image/poke/001.png,There is a defect in the object. Where is the defect?,Defect Localization,unknown,125.png,12.296305,-5.777783,-12.332091,2.737074,0.999995,0.003086,0.000004,0.939179,+0.824995,-0.171914,-0.174996,+0.764179,1,0,0,1,1001,Reference Extractor|Decision Maker,1001,1
1014,DS-MVTec/capsule/image/poke/001.png,There is a defect in the object. What is the appearance of the defect?,Defect Description,unknown,125.png,3.593993,17.055958,6.338078,3.569173,0.973247,1.000000,0.998235,0.972593,+0.798247,+0.825000,+0.823235,+0.797593,1,1,1,1,1111,Reference Extractor|Knowledge Guide|Reasoning Expert|Decision Maker,1111,1
1015,DS-MVTec/capsule/image/poke/001.png,There is a defect in the object. What can be inferred about the surface around the indentation?,Defect Analysis,unknown,125.png,-4.174168,17.771791,10.672326,2.685526,0.015155,1.000000,0.999977,0.936167,-0.159845,+0.825000,+0.824977,+0.761167,0,1,1,1,0111,Knowledge Guide|Reasoning Expert|Decision Maker,0111,1
1016,DS-MVTec/capsule/image/poke/002.png,Is there any defect in the object?,Anomaly Detection,unknown,204.png,14.898348,-7.584219,-15.098245,3.131829,1.000000,0.000508,0.000000,0.958187,+0.825000,-0.174492,-0.175000,+0.783187,1,0,0,1,1001,Reference Extractor|Decision Maker,1001,1
1017,DS-MVTec/capsule/image/poke/002.png,There is a defect in the object. What is the type of the defect?,Defect Classification,unknown,204.png,11.832243,5.734904,-5.383316,3.767179,0.999993,0.996779,0.004572,0.977405,+0.824993,+0.821779,-0.170428,+0.802405,1,1,0,1,1101,Reference Extractor|Knowledge Guide|Decision Maker,1101,1
1018,DS-MVTec/capsule/image/poke/002.png,There is a defect in the object. Where is the defect?,Defect Localization,unknown,204.png,12.617466,-5.774031,-12.519395,2.792152,0.999997,0.003098,0.000004,0.942250,+0.824997,-0.171902,-0.174996,+0.767250,1,0,0,1,1001,Reference Extractor|Decision Maker,1001,1
1019,DS-MVTec/capsule/image/poke/002.png,There is a defect in the object. What is the appearance of the defect?,Defect Description,unknown,204.png,3.928773,17.093290,6.163365,3.628302,0.980712,1.000000,0.997899,0.974126,+0.805712,+0.825000,+0.822899,+0.799126,1,1,1,1,1111,Reference Extractor|Knowledge Guide|Reasoning Expert|Decision Maker,1111,1
1020,DS-MVTec/capsule/image/poke/002.png,There is a defect in the object. What is the effect of the defect on the capsule?,Defect Analysis,unknown,204.png,-6.496116,21.872360,13.748301,3.215158,0.001507,1.000000,0.999999,0.961401,-0.173493,+0.825000,+0.824999,+0.786401,0,1,1,1,0111,Knowledge Guide|Reasoning Expert|Decision Maker,0111,1
1021,DS-MVTec/capsule/image/poke/003.png,Is there any defect in the object?,Anomaly Detection,unknown,107.png,14.783354,-7.522940,-14.978832,3.108217,1.000000,0.000540,0.000000,0.957230,+0.825000,-0.174460,-0.175000,+0.782230,1,0,0,1,1001,Reference Extractor|Decision Maker,1001,1
1022,DS-MVTec/capsule/image/poke/003.png,There is a defect in the object. What is the type of the defect?,Defect Classification,unknown,107.png,11.731921,5.784936,-5.279528,3.745724,0.999992,0.996936,0.005069,0.976926,+0.824992,+0.821936,-0.169931,+0.801926,1,1,0,1,1101,Reference Extractor|Knowledge Guide|Decision Maker,1101,1
1023,DS-MVTec/capsule/image/poke/003.png,There is a defect in the object. Where is the defect?,Defect Localization,unknown,107.png,12.509520,-5.728662,-12.414872,2.769449,0.999996,0.003241,0.000004,0.941002,+0.824996,-0.171759,-0.174996,+0.766002,1,0,0,1,1001,Reference Extractor|Decision Maker,1001,1
1024,DS-MVTec/capsule/image/poke/003.png,There is a defect in the object. What is the appearance of the defect?,Defect Description,unknown,107.png,3.838848,17.125626,6.248836,3.607538,0.978935,1.000000,0.998071,0.973597,+0.803935,+0.825000,+0.823071,+0.798597,1,1,1,1,1111,Reference Extractor|Knowledge Guide|Reasoning Expert|Decision Maker,1111,1
1025,DS-MVTec/capsule/image/poke/003.png,"There is a defect in the object. How is the defect positioned in relation to the printed ""500"" on the capsule?",Defect Analysis,unknown,107.png,-5.184963,14.960004,9.649560,2.321513,0.005569,1.000000,0.999936,0.910643,-0.169431,+0.825000,+0.824935,+0.735643,0,1,1,1,0111,Knowledge Guide|Reasoning Expert|Decision Maker,0111,1
1026,DS-MVTec/capsule/image/poke/004.png,Is there any defect in the object?,Anomaly Detection,unknown,187.png,15.440965,-7.679410,-15.457622,3.209266,1.000000,0.000462,0.000000,0.961182,+0.825000,-0.174538,-0.175000,+0.786182,1,0,0,1,1001,Reference Extractor|Decision Maker,1001,1
1027,DS-MVTec/capsule/image/poke/004.png,There is a defect in the object. What is the type of the defect?,Defect Classification,unknown,187.png,12.417873,5.846155,-5.657968,3.868336,0.999996,0.997117,0.003477,0.979535,+0.824996,+0.822117,-0.171523,+0.804534,1,1,0,1,1101,Reference Extractor|Knowledge Guide|Decision Maker,1101,1
1028,DS-MVTec/capsule/image/poke/004.png,There is a defect in the object. Where is the defect?,Defect Localization,unknown,187.png,13.172123,-5.700389,-12.798377,2.887419,0.999998,0.003334,0.000003,0.947221,+0.824998,-0.171666,-0.174997,+0.772221,1,0,0,1,1001,Reference Extractor|Decision Maker,1001,1
1029,DS-MVTec/capsule/image/poke/004.png,There is a defect in the object. What is the appearance of the defect?,Defect Description,unknown,187.png,4.515560,17.207977,5.890753,3.729359,0.989181,1.000000,0.997243,0.976555,+0.814181,+0.825000,+0.822243,+0.801555,1,1,1,1,1111,Reference Extractor|Knowledge Guide|Reasoning Expert|Decision Maker,1111,1
1030,DS-MVTec/capsule/image/poke/004.png,There is a defect in the object. What is the likely cause of the defect?,Defect Analysis,unknown,187.png,-1.166526,14.089414,6.913698,2.754223,0.237484,0.999999,0.999007,0.940151,+0.062484,+0.824999,+0.824007,+0.765151,1,1,1,1,1111,Reference Extractor|Knowledge Guide|Reasoning Expert|Decision Maker,0111,0
1031,DS-MVTec/capsule/image/poke/005.png,Is there any defect in the object?,Anomaly Detection,unknown,196.png,14.832735,-7.492081,-14.984519,3.110862,1.000000,0.000557,0.000000,0.957339,+0.825000,-0.174443,-0.175000,+0.782339,1,0,0,1,1001,Reference Extractor|Decision Maker,1001,1
1032,DS-MVTec/capsule/image/poke/005.png,There is a defect in the object. What is the type of the defect?,Defect Classification,unknown,196.png,11.741111,6.064077,-5.144997,3.776509,0.999992,0.997680,0.005795,0.977610,+0.824992,+0.822680,-0.169205,+0.802610,1,1,0,1,1101,Reference Extractor|Knowledge Guide|Decision Maker,1101,1
1033,DS-MVTec/capsule/image/poke/005.png,There is a defect in the object. Where is the defect?,Defect Localization,unknown,196.png,12.488131,-5.458218,-12.269816,2.796058,0.999996,0.004243,0.000005,0.942462,+0.824996,-0.170757,-0.174995,+0.767462,1,0,0,1,1001,Reference Extractor|Decision Maker,1001,1
1034,DS-MVTec/capsule/image/poke/005.png,There is a defect in the object. What is the appearance of the defect?,Defect Description,unknown,196.png,3.838760,17.412945,6.393384,3.637843,0.978933,1.000000,0.998330,0.974365,+0.803933,+0.825000,+0.823330,+0.799365,1,1,1,1,1111,Reference Extractor|Knowledge Guide|Reasoning Expert|Decision Maker,1111,1
1035,DS-MVTec/capsule/image/poke/005.png,There is a defect in the object. Is there an additional defect on the capsule's light lower half?,Defect Analysis,unknown,196.png,-6.243865,19.396372,12.377488,2.907656,0.001939,1.000000,0.999996,0.948224,-0.173061,+0.825000,+0.824996,+0.773224,0,1,1,1,0111,Knowledge Guide|Reasoning Expert|Decision Maker,0111,1
1036,DS-MVTec/capsule/image/poke/006.png,Is there any defect in the object?,Anomaly Detection,unknown,204.png,14.577413,-7.513449,-14.873405,3.084317,1.000000,0.000545,0.000000,0.956241,+0.825000,-0.174455,-0.175000,+0.781241,1,0,0,1,1001,Reference Extractor|Decision Maker,1001,1
1037,DS-MVTec/capsule/image/poke/006.png,There is a defect in the object. What is the type of the defect?,Defect Classification,unknown,204.png,11.461685,5.747340,-5.166810,3.713456,0.999990,0.996819,0.005670,0.976188,+0.824989,+0.821819,-0.169330,+0.801188,1,1,0,1,1101,Reference Extractor|Knowledge Guide|Decision Maker,1101,1
1038,DS-MVTec/capsule/image/poke/006.png,There is a defect in the object. Where is the defect?,Defect Localization,unknown,204.png,12.274854,-5.746946,-12.309942,2.741928,0.999995,0.003182,0.000005,0.939456,+0.824995,-0.171818,-0.174995,+0.764456,1,0,0,1,1001,Reference Extractor|Decision Maker,1001,1
1039,DS-MVTec/capsule/image/poke/006.png,There is a defect in the object. What is the appearance of the defect?,Defect Description,unknown,204.png,3.565238,17.095989,6.369134,3.575079,0.972488,1.000000,0.998289,0.972750,+0.797488,+0.825000,+0.823289,+0.797750,1,1,1,1,1111,Reference Extractor|Knowledge Guide|Reasoning Expert|Decision Maker,1111,1
1040,DS-MVTec/capsule/image/poke/006.png,There is a defect in the object. What is the potential effect of the defect?,Defect Analysis,unknown,204.png,-5.748270,19.153702,12.055110,2.843883,0.003178,1.000000,0.999994,0.945002,-0.171822,+0.825000,+0.824994,+0.770002,0,1,1,1,0111,Knowledge Guide|Reasoning Expert|Decision Maker,0111,1
1041,DS-MVTec/capsule/image/poke/007.png,Is there any defect in the object?,Anomaly Detection,unknown,068.png,14.769965,-7.574281,-15.030512,3.116330,1.000000,0.000513,0.000000,0.957561,+0.825000,-0.174487,-0.175000,+0.782561,1,0,0,1,1001,Reference Extractor|Decision Maker,1001,1
1042,DS-MVTec/capsule/image/poke/007.png,There is a defect in the object. What is the type of the defect?,Defect Classification,unknown,068.png,11.707118,5.593515,-5.407671,3.738069,0.999992,0.996292,0.004462,0.976753,+0.824992,+0.821292,-0.170538,+0.801753,1,1,0,1,1101,Reference Extractor|Knowledge Guide|Decision Maker,1101,1
1043,DS-MVTec/capsule/image/poke/007.png,There is a defect in the object. Where is the defect?,Defect Localization,unknown,068.png,12.496208,-5.876976,-12.520777,2.767049,0.999996,0.002795,0.000004,0.940869,+0.824996,-0.172205,-0.174996,+0.765869,1,0,0,1,1001,Reference Extractor|Decision Maker,1001,1
1044,DS-MVTec/capsule/image/poke/007.png,There is a defect in the object. What is the appearance of the defect?,Defect Description,unknown,068.png,3.804522,16.946123,6.134249,3.599345,0.978215,1.000000,0.997837,0.973386,+0.803215,+0.825000,+0.822837,+0.798386,1,1,1,1,1111,Reference Extractor|Knowledge Guide|Reasoning Expert|Decision Maker,1111,1
1045,DS-MVTec/capsule/image/poke/007.png,There is a defect in the object. What is the effect of the defect?,Defect Analysis,unknown,068.png,-5.118381,18.355114,11.321502,2.732962,0.005950,1.000000,0.999988,0.938944,-0.169050,+0.825000,+0.824988,+0.763944,0,1,1,1,0111,Knowledge Guide|Reasoning Expert|Decision Maker,0111,1
1046,DS-MVTec/capsule/image/poke/008.png,Is there any defect in the capsule?,Anomaly Detection,unknown,124.png,1.412076,4.682714,-0.009988,2.179048,0.804093,0.990831,0.497503,0.898352,+0.629093,+0.815831,+0.322503,+0.723352,1,1,1,1,1111,Reference Extractor|Knowledge Guide|Reasoning Expert|Decision Maker,1001,0
1047,DS-MVTec/capsule/image/poke/008.png,There is a defect in the object. What is the type of the defect?,Defect Classification,unknown,124.png,11.768389,6.001885,-5.174748,3.768757,0.999992,0.997532,0.005626,0.977440,+0.824992,+0.822532,-0.169374,+0.802440,1,1,0,1,1101,Reference Extractor|Knowledge Guide|Decision Maker,1101,1
1048,DS-MVTec/capsule/image/poke/008.png,There is a defect in the object. Where is the defect located on the capsule?,Defect Localization,unknown,124.png,-3.194199,13.865078,8.000422,2.399507,0.039385,0.999999,0.999665,0.916790,-0.135615,+0.824999,+0.824665,+0.741790,0,1,1,1,0111,Knowledge Guide|Reasoning Expert|Decision Maker,1001,0
1049,DS-MVTec/capsule/image/poke/008.png,There is a defect in the object. What is the appearance of the defect?,Defect Description,unknown,124.png,3.868105,17.361000,6.369803,3.630101,0.979530,1.000000,0.998290,0.974171,+0.804530,+0.825000,+0.823290,+0.799171,1,1,1,1,1111,Reference Extractor|Knowledge Guide|Reasoning Expert|Decision Maker,1111,1
1050,DS-MVTec/capsule/image/poke/008.png,There is a defect in the object. On which half of the capsule does the defect appear?,Defect Analysis,unknown,124.png,-6.485943,23.147686,14.404151,3.361210,0.001522,1.000000,0.999999,0.966470,-0.173478,+0.825000,+0.824999,+0.791470,0,1,1,1,0111,Knowledge Guide|Reasoning Expert|Decision Maker,0111,1
1051,DS-MVTec/capsule/image/poke/009.png,Is there any defect in the object?,Anomaly Detection,unknown,166.png,15.027061,-7.630905,-15.206983,3.153326,1.000000,0.000485,0.000000,0.959040,+0.825000,-0.174515,-0.175000,+0.784040,1,0,0,1,1001,Reference Extractor|Decision Maker,1001,1
1052,DS-MVTec/capsule/image/poke/009.png,There is a defect in the object. What is the type of the defect?,Defect Classification,unknown,166.png,12.025847,5.535176,-5.608654,3.773093,0.999994,0.996070,0.003653,0.977535,+0.824994,+0.821070,-0.171347,+0.802535,1,1,0,1,1101,Reference Extractor|Knowledge Guide|Decision Maker,1101,1
1053,DS-MVTec/capsule/image/poke/009.png,There is a defect in the object. Where is the defect?,Defect Localization,unknown,166.png,12.795583,-5.947429,-12.718020,2.800199,0.999997,0.002606,0.000003,0.942687,+0.824997,-0.172394,-0.174997,+0.767687,1,0,0,1,1001,Reference Extractor|Decision Maker,1001,1
1054,DS-MVTec/capsule/image/poke/009.png,There is a defect in the object. What is the appearance of the defect?,Defect Description,unknown,166.png,4.132400,16.887999,5.928957,3.634746,0.984209,1.000000,0.997346,0.974288,+0.809209,+0.825000,+0.822346,+0.799288,1,1,1,1,1111,Reference Extractor|Knowledge Guide|Reasoning Expert|Decision Maker,1111,1
1055,DS-MVTec/capsule/image/poke/009.png,"There is a defect in the object. Considering the defect's appearance, what impact could the puncture on the capsule have?",Defect Analysis,unknown,166.png,-6.695049,22.945099,14.390246,3.354581,0.001235,1.000000,0.999999,0.966254,-0.173764,+0.825000,+0.824999,+0.791254,0,1,1,1,0111,Knowledge Guide|Reasoning Expert|Decision Maker,0111,1
1056,DS-MVTec/capsule/image/poke/010.png,Is there any defect in the object?,Anomaly Detection,unknown,187.png,15.804019,-7.799227,-15.750922,3.268434,1.000000,0.000410,0.000000,0.963330,+0.825000,-0.174590,-0.175000,+0.788330,1,0,0,1,1001,Reference Extractor|Decision Maker,1001,1
1057,DS-MVTec/capsule/image/poke/010.png,There is a defect in the object. What is the type of the defect?,Defect Classification,unknown,187.png,12.908358,5.453812,-6.163492,3.899240,0.999997,0.995738,0.002100,0.980145,+0.824997,+0.820738,-0.172900,+0.805145,1,1,0,1,1101,Reference Extractor|Knowledge Guide|Decision Maker,1101,1
1058,DS-MVTec/capsule/image/poke/010.png,There is a defect in the object. Where is the defect?,Defect Localization,unknown,187.png,13.628332,-6.038728,-13.247912,2.922252,0.999999,0.002379,0.000002,0.948936,+0.824999,-0.172621,-0.174998,+0.773935,1,0,0,1,1001,Reference Extractor|Decision Maker,1001,1
1059,DS-MVTec/capsule/image/poke/010.png,There is a defect in the object. What is the appearance of the defect?,Defect Description,unknown,187.png,5.018362,16.810921,5.375734,3.760704,0.993428,1.000000,0.995394,0.977262,+0.818428,+0.825000,+0.820394,+0.802262,1,1,1,1,1111,Reference Extractor|Knowledge Guide|Reasoning Expert|Decision Maker,1111,1
1060,DS-MVTec/capsule/image/poke/010.png,There is a defect in the object. What is the effect of the defect?,Defect Analysis,unknown,187.png,-4.208394,18.441875,10.922787,2.843743,0.014652,1.000000,0.999982,0.944994,-0.160348,+0.825000,+0.824982,+0.769994,0,1,1,1,0111,Knowledge Guide|Reasoning Expert|Decision Maker,0111,1
1061,DS-MVTec/capsule/image/poke/011.png,Is there any defect in the object?,Anomaly Detection,unknown,001.png,15.357426,-7.669667,-15.410552,3.197830,1.000000,0.000467,0.000000,0.960753,+0.825000,-0.174533,-0.175000,+0.785753,1,0,0,1,1001,Reference Extractor|Decision Maker,1001,1
1062,DS-MVTec/capsule/image/poke/011.png,There is a defect in the object. What is the type of the defect?,Defect Classification,unknown,001.png,12.388606,5.650614,-5.752648,3.836677,0.999996,0.996497,0.003164,0.978890,+0.824996,+0.821497,-0.171836,+0.803890,1,1,0,1,1101,Reference Extractor|Knowledge Guide|Decision Maker,1101,1
1063,DS-MVTec/capsule/image/poke/011.png,There is a defect in the object. Where is the defect?,Defect Localization,unknown,001.png,13.130453,-5.863282,-12.864921,2.858457,0.999998,0.002834,0.000003,0.945754,+0.824998,-0.172166,-0.174997,+0.770754,1,0,0,1,1001,Reference Extractor|Decision Maker,1001,1
1064,DS-MVTec/capsule/image/poke/011.png,There is a defect in the object. What is the appearance of the defect?,Defect Description,unknown,001.png,4.485087,17.012793,5.796920,3.697662,0.988850,1.000000,0.996972,0.975818,+0.813850,+0.825000,+0.821972,+0.800818,1,1,1,1,1111,Reference Extractor|Knowledge Guide|Reasoning Expert|Decision Maker,1111,1
1065,DS-MVTec/capsule/image/poke/011.png,There is a defect in the object. What can be said about the area surrounding the defect?,Defect Analysis,unknown,001.png,0.156710,12.806864,5.589759,2.736259,0.539097,0.999997,0.996278,0.939133,+0.364097,+0.824997,+0.821278,+0.764133,1,1,1,1,1111,Reference Extractor|Knowledge Guide|Reasoning Expert|Decision Maker,0111,0
1066,DS-MVTec/capsule/image/poke/012.png,Is there any defect in the object?,Anomaly Detection,unknown,195.png,15.157265,-7.560918,-15.211299,3.159122,1.000000,0.000520,0.000000,0.959267,+0.825000,-0.174480,-0.175000,+0.784267,1,0,0,1,1001,Reference Extractor|Decision Maker,1001,1
1067,DS-MVTec/capsule/image/poke/012.png,There is a defect in the object. What is the type of the defect?,Defect Classification,unknown,195.png,12.046461,6.199242,-5.245653,3.840965,0.999994,0.997973,0.005243,0.978978,+0.824994,+0.822973,-0.169757,+0.803978,1,1,0,1,1101,Reference Extractor|Knowledge Guide|Decision Maker,1101,1
1068,DS-MVTec/capsule/image/poke/012.png,There is a defect in the object. Where is the defect?,Defect Localization,unknown,195.png,12.808233,-5.359265,-12.398324,2.858803,0.999997,0.004682,0.000004,0.945772,+0.824997,-0.170318,-0.174996,+0.770772,1,0,0,1,1001,Reference Extractor|Decision Maker,1001,1
1069,DS-MVTec/capsule/image/poke/012.png,There is a defect in the object. What is the appearance of the defect?,Defect Description,unknown,195.png,4.128333,17.572514,6.319295,3.701141,0.984146,1.000000,0.998202,0.975900,+0.809146,+0.825000,+0.823202,+0.800900,1,1,1,1,1111,Reference Extractor|Knowledge Guide|Reasoning Expert|Decision Maker,1111,1
1070,DS-MVTec/capsule/image/poke/012.png,There is a defect in the object. What is the effect of the defect on the capsule's appearance?,Defect Analysis,unknown,195.png,-7.235101,26.749088,16.546501,3.840832,0.000720,1.000000,1.000000,0.978976,-0.174280,+0.825000,+0.825000,+0.803976,0,1,1,1,0111,Knowledge Guide|Reasoning Expert|Decision Maker,0111,1
1071,DS-MVTec/capsule/image/poke/013.png,Is there any defect in the object?,Anomaly Detection,unknown,125.png,14.941648,-7.516118,-15.051667,3.126046,1.000000,0.000544,0.000000,0.957954,+0.825000,-0.174456,-0.175000,+0.782954,1,0,0,1,1001,Reference Extractor|Decision Maker,1001,1
1072,DS-MVTec/capsule/image/poke/013.png,There is a defect in the object. What is the type of the defect?,Defect Classification,unknown,125.png,11.864935,6.044148,-5.208486,3.792016,0.999993,0.997634,0.005440,0.977947,+0.824993,+0.822634,-0.169560,+0.802947,1,1,0,1,1101,Reference Extractor|Knowledge Guide|Decision Maker,1101,1
1073,DS-MVTec/capsule/image/poke/013.png,There is a defect in the object. Where is the defect?,Defect Localization,unknown,125.png,12.625284,-5.493225,-12.349755,2.811475,0.999997,0.004098,0.000004,0.943293,+0.824997,-0.170902,-0.174996,+0.768293,1,0,0,1,1001,Reference Extractor|Decision Maker,1001,1
1074,DS-MVTec/capsule/image/poke/013.png,There is a defect in the object. What is the appearance of the defect?,Defect Description,unknown,125.png,3.962763,17.394310,6.330974,3.653485,0.981344,1.000000,0.998223,0.974753,+0.806344,+0.825000,+0.823223,+0.799753,1,1,1,1,1111,Reference Extractor|Knowledge Guide|Reasoning Expert|Decision Maker,1111,1
1075,DS-MVTec/capsule/image/poke/013.png,There is a defect in the object. What is the potential effect of the defect?,Defect Analysis,unknown,125.png,-5.706295,19.526991,12.224780,2.883269,0.003314,1.000000,0.999995,0.947013,-0.171686,+0.825000,+0.824995,+0.772013,0,1,1,1,0111,Knowledge Guide|Reasoning Expert|Decision Maker,0111,1
1076,DS-MVTec/capsule/image/poke/014.png,Is there any defect in the object?,Anomaly Detection,unknown,201.png,15.827178,-7.786588,-15.747806,3.268280,1.000000,0.000415,0.000000,0.963324,+0.825000,-0.174585,-0.175000,+0.788324,1,0,0,1,1001,Reference Extractor|Decision Maker,1001,1
1077,DS-MVTec/capsule/image/poke/014.png,There is a defect in the object. What is the type of the defect?,Defect Classification,unknown,201.png,12.986580,5.422862,-6.212645,3.897682,0.999998,0.995605,0.002000,0.980115,+0.824998,+0.820605,-0.173000,+0.805115,1,1,0,1,1101,Reference Extractor|Knowledge Guide|Decision Maker,1101,1
1078,DS-MVTec/capsule/image/poke/014.png,There is a defect in the object. Where is the defect?,Defect Localization,unknown,201.png,13.701822,-6.068627,-13.291767,2.921118,0.999999,0.002309,0.000002,0.948881,+0.824999,-0.172691,-0.174998,+0.773881,1,0,0,1,1001,Reference Extractor|Decision Maker,1001,1
1079,DS-MVTec/capsule/image/poke/014.png,There is a defect in the object. What is the appearance of the defect?,Defect Description,unknown,201.png,5.091251,16.781719,5.330469,3.758971,0.993887,1.000000,0.995182,0.977223,+0.818887,+0.825000,+0.820181,+0.802223,1,1,1,1,1111,Reference Extractor|Knowledge Guide|Reasoning Expert|Decision Maker,1111,1
1080,DS-MVTec/capsule/image/poke/014.png,There is a defect in the object. How does the defect affect the capsule's appearance?,Defect Analysis,unknown,201.png,-6.380722,21.902590,13.729954,3.209375,0.001691,1.000000,0.999999,0.961186,-0.173309,+0.825000,+0.824999,+0.786186,0,1,1,1,0111,Knowledge Guide|Reasoning Expert|Decision Maker,0111,1
1081,DS-MVTec/capsule/image/poke/015.png,Is there any defect in the object?,Anomaly Detection,unknown,206.png,14.511310,-7.444927,-14.781299,3.066705,1.000000,0.000584,0.000000,0.955498,+0.825000,-0.174416,-0.175000,+0.780498,1,0,0,1,1001,Reference Extractor|Decision Maker,1001,1
1082,DS-MVTec/capsule/image/poke/015.png,There is a defect in the object. What is the type of the defect?,Defect Classification,unknown,206.png,11.369339,6.036139,-4.952135,3.720764,0.999988,0.997615,0.007019,0.976357,+0.824988,+0.822615,-0.167981,+0.801357,1,1,0,1,1101,Reference Extractor|Knowledge Guide|Decision Maker,1101,1
1083,DS-MVTec/capsule/image/poke/015.png,There is a defect in the object. What is the appearance of the defect?,Defect Description,unknown,206.png,3.453452,17.400639,6.601298,3.582086,0.969334,1.000000,0.998643,0.972935,+0.794334,+0.825000,+0.823643,+0.797935,1,1,1,1,1111,Reference Extractor|Knowledge Guide|Reasoning Expert|Decision Maker,1111,1
1084,DS-MVTec/capsule/image/poke/015.png,There is a defect in the object. What is the potential effect of the defect on the capsule?,Defect Analysis,unknown,206.png,-7.049129,23.055893,14.590072,3.396219,0.000867,1.000000,1.000000,0.967586,-0.174133,+0.825000,+0.825000,+0.792586,0,1,1,1,0111,Knowledge Guide|Reasoning Expert|Decision Maker,0111,1
1085,DS-MVTec/capsule/image/poke/016.png,Is there any defect in the object?,Anomaly Detection,unknown,125.png,14.646817,-7.527199,-14.922410,3.094712,1.000000,0.000538,0.000000,0.956674,+0.825000,-0.174462,-0.175000,+0.781674,1,0,0,1,1001,Reference Extractor|Decision Maker,1001,1
1086,DS-MVTec/capsule/image/poke/016.png,There is a defect in the object. What is the type of the defect?,Defect Classification,unknown,125.png,11.516909,5.791579,-5.180708,3.729507,0.999990,0.996956,0.005593,0.976558,+0.824990,+0.821956,-0.169407,+0.801558,1,1,0,1,1101,Reference Extractor|Knowledge Guide|Decision Maker,1101,1
1087,DS-MVTec/capsule/image/poke/016.png,There is a defect in the object. Where is the defect?,Defect Localization,unknown,125.png,12.328712,-5.698370,-12.319866,2.757941,0.999996,0.003340,0.000004,0.940360,+0.824996,-0.171660,-0.174996,+0.765360,1,0,0,1,1001,Reference Extractor|Decision Maker,1001,1
1088,DS-MVTec/capsule/image/poke/016.png,There is a defect in the object. What is the appearance of the defect?,Defect Description,unknown,125.png,3.611624,17.148659,6.365860,3.590633,0.973702,1.000000,0.998284,0.973159,+0.798702,+0.825000,+0.823284,+0.798159,1,1,1,1,1111,Reference Extractor|Knowledge Guide|Reasoning Expert|Decision Maker,1111,1
1089,DS-MVTec/capsule/image/poke/016.png,There is a defect in the object. What effect does the defect have on the capsule?,Defect Analysis,unknown,125.png,-7.077271,22.932764,14.522069,3.385246,0.000843,1.000000,1.000000,0.967240,-0.174157,+0.825000,+0.825000,+0.792240,0,1,1,1,0111,Knowledge Guide|Reasoning Expert|Decision Maker,0111,1
1090,DS-MVTec/capsule/image/poke/017.png,Is there any defect in the object?,Anomaly Detection,unknown,126.png,14.748273,-7.521012,-14.965957,3.105674,1.000000,0.000541,0.000000,0.957126,+0.825000,-0.174459,-0.175000,+0.782126,1,0,0,1,1001,Reference Extractor|Decision Maker,1001,1
1091,DS-MVTec/capsule/image/poke/017.png,There is a defect in the object. What is the type of the defect?,Defect Classification,unknown,126.png,11.633289,5.944544,-5.151565,3.758919,0.999991,0.997387,0.005757,0.977222,+0.824991,+0.822387,-0.169243,+0.802222,1,1,0,1,1101,Reference Extractor|Knowledge Guide|Decision Maker,1101,1
1092,DS-MVTec/capsule/image/poke/017.png,There is a defect in the object. Where is the defect?,Defect Localization,unknown,126.png,12.422033,-5.586618,-12.304704,2.781390,0.999996,0.003734,0.000005,0.941662,+0.824996,-0.171266,-0.174995,+0.766662,1,0,0,1,1001,Reference Extractor|Decision Maker,1001,1
1093,DS-MVTec/capsule/image/poke/017.png,There is a defect in the object. What is the appearance of the defect?,Defect Description,unknown,126.png,3.727978,17.298141,6.392418,3.620001,0.976523,1.000000,0.998329,0.973916,+0.801523,+0.825000,+0.823329,+0.798916,1,1,1,1,1111,Reference Extractor|Knowledge Guide|Reasoning Expert|Decision Maker,1111,1
1094,DS-MVTec/capsule/image/poke/017.png,There is a defect in the object. What is the effect of the defect?,Defect Analysis,unknown,126.png,-5.153982,18.657158,11.492612,2.767433,0.005743,1.000000,0.999990,0.940890,-0.169257,+0.825000,+0.824990,+0.765890,0,1,1,1,0111,Knowledge Guide|Reasoning Expert|Decision Maker,0111,1
