Image Path,Question,Predicted Answer,Correct Answer
DS-MVTec/bottle/image/broken_large/000.png,Is there any defect in the object?,A,A
DS-MVTec/bottle/image/broken_large/000.png,There is a defect in the object. What is the type of the defect?,C,C
DS-MVTec/bottle/image/broken_large/000.png,There is a defect in the object. Where is the defect?,A,D
DS-MVTec/bottle/image/broken_large/000.png,There is a defect in the object. What is the appearance of the defect?,A,A
DS-MVTec/bottle/image/broken_large/000.png,There is a defect in the object. What is the effect of the defect?,B,B
DS-MVTec/bottle/image/broken_large/001.png,Is there any defect in the object?,A,A
DS-MVTec/bottle/image/broken_large/001.png,There is a defect in the object. What is the type of the defect?,D,D
DS-MVTec/bottle/image/broken_large/001.png,There is a defect in the object. What is the appearance of the defect?,C,C
DS-MVTec/bottle/image/broken_large/002.png,Is there any defect in the object?,B,B
DS-MVTec/bottle/image/broken_large/002.png,There is a defect in the object. What is the type of the defect?,B,B
DS-MVTec/bottle/image/broken_large/002.png,There is a defect in the object. Where is the defect?,D,D
DS-MVTec/bottle/image/broken_large/002.png,There is a defect in the object. What is the appearance of the defect?,B,B
DS-MVTec/bottle/image/broken_large/003.png,Is there any defect in the object?,A,A
DS-MVTec/bottle/image/broken_large/003.png,There is a defect in the object. What is the type of the defect?,B,B
DS-MVTec/bottle/image/broken_large/003.png,There is a defect in the object. What is the appearance of the defect?,B,B
DS-MVTec/bottle/image/broken_large/003.png,There is a defect in the object. How does the defect affect the object?,A,A
DS-MVTec/bottle/image/broken_large/004.png,Is there any defect in the object?,A,A
DS-MVTec/bottle/image/broken_large/004.png,There is a defect in the object. Where is the defect?,B,B
DS-MVTec/bottle/image/broken_large/004.png,There is a defect in the object. What is the appearance of the defect?,A,A
DS-MVTec/bottle/image/broken_large/004.png,There is a defect in the object. What is the effect of the defect on the bottle's mouth?,A,A
DS-MVTec/bottle/image/broken_large/005.png,Is there any defect in the object?,B,B
DS-MVTec/bottle/image/broken_large/005.png,There is a defect in the object. What is the type of the defect?,B,B
DS-MVTec/bottle/image/broken_large/005.png,There is a defect in the object. Where is the defect?,B,B
DS-MVTec/bottle/image/broken_large/005.png,There is a defect in the object. What is the appearance of the defect?,B,B
DS-MVTec/bottle/image/broken_large/005.png,There is a defect in the object. What is the effect of the defect?,C,C
DS-MVTec/bottle/image/broken_large/006.png,Is there any defect in the object?,B,B
DS-MVTec/bottle/image/broken_large/006.png,There is a defect in the object. What is the type of the defect?,D,D
DS-MVTec/bottle/image/broken_large/006.png,There is a defect in the object. What is the appearance of the defect?,C,C
DS-MVTec/bottle/image/broken_large/006.png,There is a defect in the object. What is the effect of the defect?,D,D
DS-MVTec/bottle/image/broken_large/007.png,Is there any defect in the object?,A,A
DS-MVTec/bottle/image/broken_large/007.png,There is a defect in the object. What is the type of the defect?,C,C
DS-MVTec/bottle/image/broken_large/007.png,There is a defect in the object. Where is the defect?,B,B
DS-MVTec/bottle/image/broken_large/007.png,There is a defect in the object. What is the appearance of the defect?,A,A
DS-MVTec/bottle/image/broken_large/007.png,There is a defect in the object. How does the defect manifest on the bottle?,B,B
DS-MVTec/bottle/image/broken_large/008.png,Is there any defect in the object?,A,A
DS-MVTec/bottle/image/broken_large/008.png,There is a defect in the object. What is the type of the defect?,A,A
DS-MVTec/bottle/image/broken_large/008.png,There is a defect in the object. Where is the defect?,C,A
DS-MVTec/bottle/image/broken_large/008.png,There is a defect in the object. What is the appearance of the defect?,C,C
DS-MVTec/bottle/image/broken_large/008.png,There is a defect in the object. What distinguishes the damaged area from the rest of the bottle's edge?,A,A
DS-MVTec/bottle/image/broken_large/009.png,Is there any defect in the object?,A,A
DS-MVTec/bottle/image/broken_large/009.png,There is a defect in the object. What is the type of the defect?,D,D
DS-MVTec/bottle/image/broken_large/009.png,There is a defect in the object. What is the appearance of the defect?,B,B
DS-MVTec/bottle/image/broken_large/009.png,There is a defect in the object. How does the defect compare to the normal sample?,D,D
DS-MVTec/bottle/image/broken_large/010.png,Is there any defect in the object?,B,B
DS-MVTec/bottle/image/broken_large/010.png,There is a defect in the object. What is the type of the defect?,B,B
DS-MVTec/bottle/image/broken_large/010.png,There is a defect in the object. Where is the defect?,C,C
DS-MVTec/bottle/image/broken_large/010.png,There is a defect in the object. What is the appearance of the defect?,D,D
DS-MVTec/bottle/image/broken_large/010.png,There is a defect in the object. What can be inferred about the defect's effect on the bottle?,B,B
DS-MVTec/bottle/image/broken_large/011.png,Is there any defect in the object?,B,B
DS-MVTec/bottle/image/broken_large/011.png,There is a defect in the object. What is the type of the defect?,A,D
DS-MVTec/bottle/image/broken_large/011.png,There is a defect in the object. Where is the defect?,A,B
DS-MVTec/bottle/image/broken_large/011.png,There is a defect in the object. What is the appearance of the defect?,C,C
DS-MVTec/bottle/image/broken_large/011.png,There is a defect in the object. What is the likely cause of the defect?,B,B
DS-MVTec/bottle/image/broken_large/012.png,Is there any defect in the object?,A,A
DS-MVTec/bottle/image/broken_large/012.png,There is a defect in the object. What is the type of the defect?,B,B
DS-MVTec/bottle/image/broken_large/012.png,There is a defect in the object. Where is the defect?,C,C
DS-MVTec/bottle/image/broken_large/012.png,There is a defect in the object. What is the appearance of the defect?,C,C
DS-MVTec/bottle/image/broken_large/012.png,There is a defect in the object. How does the defect affect the object?,C,C
DS-MVTec/bottle/image/broken_large/013.png,Is there any defect in the object?,B,B
DS-MVTec/bottle/image/broken_large/013.png,There is a defect in the object. What is the type of the defect?,A,A
DS-MVTec/bottle/image/broken_large/013.png,There is a defect in the object. What is the appearance of the defect?,C,C
DS-MVTec/bottle/image/broken_large/013.png,There is a defect in the object. What impact does the defect have on the object?,C,C
DS-MVTec/bottle/image/broken_large/014.png,Is there any defect in the object?,B,B
DS-MVTec/bottle/image/broken_large/014.png,There is a defect in the object. What is the type of the defect?,A,A
DS-MVTec/bottle/image/broken_large/014.png,There is a defect in the object. Where is the defect?,A,A
DS-MVTec/bottle/image/broken_large/014.png,There is a defect in the object. What is the appearance of the defect?,B,B
DS-MVTec/bottle/image/broken_large/015.png,Is there any defect in the object?,A,A
DS-MVTec/bottle/image/broken_large/015.png,There is a defect in the object. What is the type of the defect?,A,A
DS-MVTec/bottle/image/broken_large/015.png,There is a defect in the object. Where is the defect?,D,D
DS-MVTec/bottle/image/broken_large/015.png,There is a defect in the object. What is the appearance of the defect?,A,A
DS-MVTec/bottle/image/broken_large/015.png,There is a defect in the object. How does the defect affect the bottle's appearance?,A,A
DS-MVTec/bottle/image/broken_large/016.png,Is there any defect in the object?,A,A
DS-MVTec/bottle/image/broken_large/016.png,There is a defect in the object. What is the type of the defect?,D,D
DS-MVTec/bottle/image/broken_large/016.png,There is a defect in the object. Where is the defect?,A,B
DS-MVTec/bottle/image/broken_large/016.png,There is a defect in the object. What is the appearance of the defect?,B,B
DS-MVTec/bottle/image/broken_large/017.png,Is there any defect in the object?,B,B
DS-MVTec/bottle/image/broken_large/017.png,There is a defect in the object. What is the type of the defect?,D,D
DS-MVTec/bottle/image/broken_large/017.png,There is a defect in the object. What is the appearance of the defect?,C,C
DS-MVTec/bottle/image/broken_large/018.png,Is there any defect in the object?,B,B
DS-MVTec/bottle/image/broken_large/018.png,There is a defect in the object. What is the type of the defect?,C,C
DS-MVTec/bottle/image/broken_large/018.png,There is a defect in the object. What is the appearance of the defect?,C,C
DS-MVTec/bottle/image/broken_large/018.png,There is a defect in the object. What is the effect of the defect?,A,A
DS-MVTec/bottle/image/broken_large/019.png,Is there any defect in the object?,A,A
DS-MVTec/bottle/image/broken_large/019.png,There is a defect in the object. What is the type of the defect?,D,D
DS-MVTec/bottle/image/broken_large/019.png,There is a defect in the object. Where is the defect?,A,A
DS-MVTec/bottle/image/broken_large/019.png,There is a defect in the object. What is the appearance of the defect?,B,B
DS-MVTec/bottle/image/broken_large/019.png,There is a defect in the object. How does the defect affect the bottle?,C,C
DS-MVTec/bottle/image/broken_small/000.png,Is there any defect in the object?,B,B
DS-MVTec/bottle/image/broken_small/000.png,There is a defect in the object. What is the type of the defect?,B,C
DS-MVTec/bottle/image/broken_small/000.png,There is a defect in the object. Where is the defect?,D,D
DS-MVTec/bottle/image/broken_small/000.png,There is a defect in the object. What is the appearance of the defect?,A,A
DS-MVTec/bottle/image/broken_small/000.png,There is a defect in the object. What is the effect of the defect on the bottle?,C,C
DS-MVTec/bottle/image/broken_small/001.png,Is there any defect in the object?,A,A
DS-MVTec/bottle/image/broken_small/001.png,There is a defect in the object. What is the type of the defect?,B,B
DS-MVTec/bottle/image/broken_small/001.png,There is a defect in the object. Where is the defect?,B,B
DS-MVTec/bottle/image/broken_small/001.png,There is a defect in the object. What is the appearance of the defect?,A,A
DS-MVTec/bottle/image/broken_small/001.png,There is a defect in the object. How does the defect affect the appearance of the bottle?,C,C
DS-MVTec/bottle/image/broken_small/002.png,Is there any defect in the object?,A,A
DS-MVTec/bottle/image/broken_small/002.png,There is a defect in the object. What is the type of the defect?,D,D
DS-MVTec/bottle/image/broken_small/002.png,There is a defect in the object. What is the appearance of the defect?,B,B
DS-MVTec/bottle/image/broken_small/002.png,There is a defect in the object. What is the potential effect of the defect?,D,D
DS-MVTec/bottle/image/broken_small/003.png,Is there any defect in the object?,B,B
DS-MVTec/bottle/image/broken_small/003.png,There is a defect in the object. What is the type of the defect?,A,A
DS-MVTec/bottle/image/broken_small/003.png,There is a defect in the object. What is the appearance of the defect?,C,C
DS-MVTec/bottle/image/broken_small/003.png,There is a defect in the object. How does the defect affect the bottle's appearance?,D,D
DS-MVTec/bottle/image/broken_small/004.png,Is there any defect in the object?,A,A
DS-MVTec/bottle/image/broken_small/004.png,There is a defect in the object. What is the type of the defect?,A,A
DS-MVTec/bottle/image/broken_small/004.png,There is a defect in the object. What is the appearance of the defect?,B,B
DS-MVTec/bottle/image/broken_small/004.png,There is a defect in the object. What effect does the defect have?,A,A
DS-MVTec/bottle/image/broken_small/005.png,Is there any defect in the object?,B,B
DS-MVTec/bottle/image/broken_small/005.png,There is a defect in the object. Where is the defect?,B,B
DS-MVTec/bottle/image/broken_small/005.png,There is a defect in the object. What is the appearance of the defect?,C,C
DS-MVTec/bottle/image/broken_small/005.png,There is a defect in the object. What effect does the defect have on the bottle's opening?,A,A
DS-MVTec/bottle/image/broken_small/006.png,Is there any defect in the object?,A,A
DS-MVTec/bottle/image/broken_small/006.png,There is a defect in the object. What is the type of the defect?,B,B
DS-MVTec/bottle/image/broken_small/006.png,There is a defect in the object. Where is the defect?,A,A
DS-MVTec/bottle/image/broken_small/006.png,There is a defect in the object. What is the appearance of the defect?,C,C
DS-MVTec/bottle/image/broken_small/006.png,There is a defect in the object. How does the defect affect the appearance of the object?,D,D
DS-MVTec/bottle/image/broken_small/007.png,Is there any defect in the object?,B,B
DS-MVTec/bottle/image/broken_small/007.png,There is a defect in the object. What is the type of the defect?,C,C
DS-MVTec/bottle/image/broken_small/007.png,There is a defect in the object. Where is the defect?,D,D
DS-MVTec/bottle/image/broken_small/007.png,There is a defect in the object. How does the defect affect the object's appearance?,C,C
DS-MVTec/bottle/image/broken_small/008.png,Is there any defect in the object?,B,B
DS-MVTec/bottle/image/broken_small/008.png,There is a defect in the object. What is the type of the defect?,D,D
DS-MVTec/bottle/image/broken_small/008.png,There is a defect in the object. Where is the defect?,A,A
DS-MVTec/bottle/image/broken_small/008.png,There is a defect in the object. What is the appearance of the defect?,D,A
DS-MVTec/bottle/image/broken_small/008.png,There is a defect in the object. How does the defect area compare to the rest of the rim?,B,B
DS-MVTec/bottle/image/broken_small/009.png,Is there any defect in the object?,B,B
DS-MVTec/bottle/image/broken_small/009.png,There is a defect in the object. What is the type of the defect?,D,D
DS-MVTec/bottle/image/broken_small/009.png,There is a defect in the object. Where is the defect?,C,C
DS-MVTec/bottle/image/broken_small/009.png,There is a defect in the object. What is the appearance of the defect?,D,D
DS-MVTec/bottle/image/broken_small/009.png,There is a defect in the object. How does the defect affect the object?,B,B
DS-MVTec/bottle/image/broken_small/010.png,Is there any defect in the object?,A,A
DS-MVTec/bottle/image/broken_small/010.png,There is a defect in the object. Where is the defect?,C,C
DS-MVTec/bottle/image/broken_small/010.png,There is a defect in the object. What is the appearance of the defect?,C,C
DS-MVTec/bottle/image/broken_small/010.png,There is a defect in the object. How does the defect affect the object's appearance?,C,C
DS-MVTec/bottle/image/broken_small/011.png,Is there any defect in the object?,A,A
DS-MVTec/bottle/image/broken_small/011.png,There is a defect in the object. Where is the defect?,C,C
DS-MVTec/bottle/image/broken_small/011.png,There is a defect in the object. What is the effect of the defect on the bottle's appearance?,D,D
DS-MVTec/bottle/image/broken_small/012.png,Is there any defect in the object?,A,A
DS-MVTec/bottle/image/broken_small/012.png,There is a defect in the object. Where is the defect?,B,B
DS-MVTec/bottle/image/broken_small/012.png,There is a defect in the object. What is the effect of the defect on the bottle?,C,C
DS-MVTec/bottle/image/broken_small/013.png,Is there any defect in the object?,B,B
DS-MVTec/bottle/image/broken_small/013.png,There is a defect in the object. What is the type of the defect?,B,B
DS-MVTec/bottle/image/broken_small/013.png,There is a defect in the object. Where is the defect?,D,D
DS-MVTec/bottle/image/broken_small/013.png,There is a defect in the object. What is the appearance of the defect?,A,A
DS-MVTec/bottle/image/broken_small/014.png,Is there any defect in the object?,A,A
DS-MVTec/bottle/image/broken_small/014.png,There is a defect in the object. What is the type of the defect?,A,A
DS-MVTec/bottle/image/broken_small/014.png,There is a defect in the object. Where is the defect?,C,C
DS-MVTec/bottle/image/broken_small/014.png,There is a defect in the object. How does the defect contrast with the surrounding area?,D,D
DS-MVTec/bottle/image/broken_small/015.png,Is there any defect in the object?,B,B
DS-MVTec/bottle/image/broken_small/015.png,There is a defect in the object. Where is the defect?,B,B
DS-MVTec/bottle/image/broken_small/015.png,There is a defect in the object. What is the appearance of the defect?,D,D
DS-MVTec/bottle/image/broken_small/015.png,There is a defect in the object. How does the defect affect the object?,C,C
DS-MVTec/bottle/image/broken_small/016.png,Is there any defect in the object?,B,B
DS-MVTec/bottle/image/broken_small/016.png,There is a defect in the object. Where is the defect?,B,B
DS-MVTec/bottle/image/broken_small/016.png,There is a defect in the object. What is the appearance of the defect?,C,C
DS-MVTec/bottle/image/broken_small/016.png,There is a defect in the object. What could be the effect of the defect?,D,D
DS-MVTec/bottle/image/broken_small/017.png,Is there any defect in the object?,A,A
DS-MVTec/bottle/image/broken_small/017.png,There is a defect in the object. What is the type of the defect?,A,A
DS-MVTec/bottle/image/broken_small/017.png,There is a defect in the object. Where is the defect?,C,C
DS-MVTec/bottle/image/broken_small/017.png,There is a defect in the object. What is the appearance of the defect?,C,C
DS-MVTec/bottle/image/broken_small/017.png,There is a defect in the object. What is the effect of the defect on the bottle's appearance?,A,A
DS-MVTec/bottle/image/broken_small/018.png,Is there any defect in the object?,B,B
DS-MVTec/bottle/image/broken_small/018.png,There is a defect in the object. Where is the defect?,B,B
DS-MVTec/bottle/image/broken_small/018.png,There is a defect in the object. What is the appearance of the defect?,D,D
DS-MVTec/bottle/image/broken_small/018.png,There is a defect in the object. What effect does the defect have on the object?,B,B
DS-MVTec/bottle/image/broken_small/019.png,Is there any defect in the object?,A,A
DS-MVTec/bottle/image/broken_small/019.png,There is a defect in the object. What is the type of the defect?,D,A
DS-MVTec/bottle/image/broken_small/019.png,There is a defect in the object. Where is the defect?,C,C
DS-MVTec/bottle/image/broken_small/019.png,There is a defect in the object. What is the appearance of the defect?,D,D
DS-MVTec/bottle/image/broken_small/019.png,There is a defect in the object. What does the defect suggest about the bottle's rim?,B,B
DS-MVTec/bottle/image/broken_small/020.png,Is there any defect in the object?,B,B
DS-MVTec/bottle/image/broken_small/020.png,There is a defect in the object. Where is the defect?,B,B
DS-MVTec/bottle/image/broken_small/020.png,There is a defect in the object. What is the appearance of the defect?,A,A
DS-MVTec/bottle/image/broken_small/020.png,There is a defect in the object. How does the defect contrast with the rest of the bottle's inner surface?,D,D
DS-MVTec/bottle/image/broken_small/021.png,Is there any defect in the object?,A,A
DS-MVTec/bottle/image/broken_small/021.png,There is a defect in the object. What is the type of the defect?,D,B
DS-MVTec/bottle/image/broken_small/021.png,There is a defect in the object. Where is the defect?,D,D
DS-MVTec/bottle/image/broken_small/021.png,There is a defect in the object. What is the appearance of the defect?,A,A
DS-MVTec/bottle/image/contamination/000.png,Is there any defect in the object?,A,A
DS-MVTec/bottle/image/contamination/000.png,There is a defect in the object. What is the type of the defect?,D,D
DS-MVTec/bottle/image/contamination/000.png,There is a defect in the object. Where is the defect?,B,B
DS-MVTec/bottle/image/contamination/000.png,There is a defect in the object. What is the appearance of the defect?,C,C
DS-MVTec/bottle/image/contamination/001.png,Is there any defect in the object?,B,B
DS-MVTec/bottle/image/contamination/001.png,There is a defect in the object. What is the type of the defect?,B,B
DS-MVTec/bottle/image/contamination/001.png,There is a defect in the object. Where is the defect?,C,C
DS-MVTec/bottle/image/contamination/001.png,There is a defect in the object. What is the appearance of the defect?,C,C
DS-MVTec/bottle/image/contamination/001.png,There is a defect in the object. What does the defect indicate?,A,A
DS-MVTec/bottle/image/contamination/002.png,Is there any defect in the object?,A,A
DS-MVTec/bottle/image/contamination/002.png,There is a defect in the object. What is the type of the defect?,A,A
DS-MVTec/bottle/image/contamination/002.png,There is a defect in the object. Where is the defect?,B,B
DS-MVTec/bottle/image/contamination/002.png,There is a defect in the object. What could be the effect of this defect?,C,C
DS-MVTec/bottle/image/contamination/003.png,Is there any defect in the object?,A,A
DS-MVTec/bottle/image/contamination/003.png,There is a defect in the object. Where is the defect?,C,C
DS-MVTec/bottle/image/contamination/003.png,There is a defect in the object. What is the appearance of the defect?,B,B
DS-MVTec/bottle/image/contamination/004.png,Is there any defect in the object?,B,A
DS-MVTec/bottle/image/contamination/004.png,There is a defect in the object. Where is the defect?,A,B
DS-MVTec/bottle/image/contamination/004.png,There is a defect in the object. What is the appearance of the defect?,D,D
DS-MVTec/bottle/image/contamination/004.png,There is a defect in the object. What is the effect of the defect?,D,D
DS-MVTec/bottle/image/contamination/005.png,Is there any defect in the object?,B,B
DS-MVTec/bottle/image/contamination/005.png,There is a defect in the object. What is the type of the defect?,A,A
DS-MVTec/bottle/image/contamination/005.png,There is a defect in the object. What is the appearance of the defect?,C,C
DS-MVTec/bottle/image/contamination/005.png,There is a defect in the object. What is the effect of the defect?,D,D
DS-MVTec/bottle/image/contamination/006.png,Is there any defect in the object?,A,A
DS-MVTec/bottle/image/contamination/006.png,There is a defect in the object. What is the type of the defect?,C,C
DS-MVTec/bottle/image/contamination/006.png,There is a defect in the object. Where is the defect?,B,B
DS-MVTec/bottle/image/contamination/006.png,There is a defect in the object. What is the appearance of the defect?,B,B
DS-MVTec/bottle/image/contamination/006.png,There is a defect in the object. What is the effect of the defect?,D,D
DS-MVTec/bottle/image/contamination/007.png,Is there any defect in the object?,A,A
DS-MVTec/bottle/image/contamination/007.png,There is a defect in the object. What is the type of the defect?,C,C
DS-MVTec/bottle/image/contamination/007.png,There is a defect in the object. Where is the defect?,C,C
DS-MVTec/bottle/image/contamination/007.png,There is a defect in the object. What is the effect of the defect on the product?,B,B
DS-MVTec/bottle/image/contamination/008.png,Is there any defect in the object?,B,B
DS-MVTec/bottle/image/contamination/008.png,There is a defect in the object. What is the type of the defect?,D,D
DS-MVTec/bottle/image/contamination/008.png,There is a defect in the object. Where is the defect?,B,B
DS-MVTec/bottle/image/contamination/008.png,There is a defect in the object. What is the appearance of the defect?,B,B
DS-MVTec/bottle/image/contamination/008.png,There is a defect in the object. What could be the effect of the defect?,B,B
DS-MVTec/bottle/image/contamination/009.png,Is there any defect in the object?,B,B
DS-MVTec/bottle/image/contamination/009.png,There is a defect in the object. What is the type of the defect?,B,B
DS-MVTec/bottle/image/contamination/009.png,There is a defect in the object. Where is the defect?,D,D
DS-MVTec/bottle/image/contamination/009.png,There is a defect in the object. What is the appearance of the defect?,B,B
DS-MVTec/bottle/image/contamination/009.png,There is a defect in the object. What effect does the defect have on the object?,C,C
DS-MVTec/bottle/image/contamination/010.png,Is there any defect in the object?,A,A
DS-MVTec/bottle/image/contamination/010.png,There is a defect in the object. What is the type of the defect?,B,B
DS-MVTec/bottle/image/contamination/010.png,There is a defect in the object. Where is the defect?,C,C
DS-MVTec/bottle/image/contamination/010.png,There is a defect in the object. What is the appearance of the defect?,C,C
DS-MVTec/bottle/image/contamination/010.png,There is a defect in the object. What is the potential effect of the defect on the bottle?,C,C
DS-MVTec/bottle/image/contamination/011.png,Is there any defect in the object?,A,A
DS-MVTec/bottle/image/contamination/011.png,There is a defect in the object. What is the type of the defect?,A,A
DS-MVTec/bottle/image/contamination/011.png,There is a defect in the object. Where is the defect?,B,B
DS-MVTec/bottle/image/contamination/011.png,There is a defect in the object. What is the appearance of the defect?,C,C
DS-MVTec/bottle/image/contamination/011.png,There is a defect in the object. What may be the effect of the defect?,D,A
DS-MVTec/bottle/image/contamination/012.png,Is there any defect in the object?,B,B
DS-MVTec/bottle/image/contamination/012.png,There is a defect in the object. What is the type of the defect?,C,B
DS-MVTec/bottle/image/contamination/012.png,There is a defect in the object. Where is the defect?,D,D
DS-MVTec/bottle/image/contamination/012.png,There is a defect in the object. What is the appearance of the defect?,A,A
DS-MVTec/bottle/image/contamination/012.png,There is a defect in the object. What is the effect of the defect?,A,A
DS-MVTec/bottle/image/contamination/013.png,Is there any defect in the object?,B,B
DS-MVTec/bottle/image/contamination/013.png,There is a defect in the object. What is the type of the defect?,A,D
DS-MVTec/bottle/image/contamination/013.png,There is a defect in the object. Where is the defect?,A,A
DS-MVTec/bottle/image/contamination/013.png,There is a defect in the object. What is the appearance of the defect?,C,C
DS-MVTec/bottle/image/contamination/014.png,Is there any defect in the object?,A,A
DS-MVTec/bottle/image/contamination/014.png,There is a defect in the object. What is the type of the defect?,B,B
DS-MVTec/bottle/image/contamination/014.png,There is a defect in the object. Where is the defect?,C,C
DS-MVTec/bottle/image/contamination/014.png,There is a defect in the object. What is the appearance of the defect?,B,B
DS-MVTec/bottle/image/contamination/015.png,Is there any defect in the object?,B,B
DS-MVTec/bottle/image/contamination/015.png,There is a defect in the object. What is the type of the defect?,B,C
DS-MVTec/bottle/image/contamination/015.png,There is a defect in the object. Where is the defect?,D,D
DS-MVTec/bottle/image/contamination/015.png,There is a defect in the object. What is the appearance of the defect?,C,C
DS-MVTec/bottle/image/contamination/015.png,There is a defect in the object. What is the likely effect of the defect?,B,B
DS-MVTec/bottle/image/contamination/016.png,Is there any defect in the object?,B,A
DS-MVTec/bottle/image/contamination/016.png,There is a defect in the object. Where is the defect?,C,C
DS-MVTec/bottle/image/contamination/016.png,There is a defect in the object. What is the appearance of the defect?,B,B
DS-MVTec/bottle/image/contamination/016.png,There is a defect in the object. What is the possible effect of the defect?,B,B
DS-MVTec/bottle/image/contamination/017.png,Is there any defect in the object?,B,B
DS-MVTec/bottle/image/contamination/017.png,There is a defect in the object. What is the type of the defect?,C,C
DS-MVTec/bottle/image/contamination/017.png,There is a defect in the object. Where is the defect?,D,D
DS-MVTec/bottle/image/contamination/017.png,There is a defect in the object. What is the effect of the defect?,B,B
DS-MVTec/bottle/image/contamination/018.png,Is there any defect in the object?,A,A
DS-MVTec/bottle/image/contamination/018.png,There is a defect in the object. What is the type of the defect?,A,A
DS-MVTec/bottle/image/contamination/018.png,There is a defect in the object. Where is the defect?,A,A
DS-MVTec/bottle/image/contamination/018.png,There is a defect in the object. What is the appearance of the defect?,B,B
DS-MVTec/bottle/image/contamination/018.png,There is a defect in the object. What could be the effect of the defect?,D,D
DS-MVTec/bottle/image/contamination/019.png,Is there any defect in the object?,A,A
DS-MVTec/bottle/image/contamination/019.png,There is a defect in the object. Where is the defect?,C,C
DS-MVTec/bottle/image/contamination/019.png,There is a defect in the object. What does the defect suggest about its nature?,B,B
DS-MVTec/bottle/image/contamination/020.png,Is there any defect in the object?,B,B
DS-MVTec/bottle/image/contamination/020.png,There is a defect in the object. What is the type of the defect?,D,D
DS-MVTec/bottle/image/contamination/020.png,There is a defect in the object. Where is the defect?,D,D
DS-MVTec/bottle/image/contamination/020.png,There is a defect in the object. What is the appearance of the defect?,B,A
DS-MVTec/bottle/image/contamination/020.png,There is a defect in the object. What does the defect suggest?,D,D
DS-MVTec/bottle/image/good/000.png,Is there any defect in the object?,B,A
DS-MVTec/bottle/image/good/001.png,Is there any defect in the object?,B,A
DS-MVTec/bottle/image/good/002.png,Is there any defect in the object?,B,A
DS-MVTec/bottle/image/good/003.png,Is there any defect in the object?,A,A
DS-MVTec/bottle/image/good/004.png,Is there any defect in the object?,B,B
DS-MVTec/bottle/image/good/005.png,Is there any defect in the object?,A,A
DS-MVTec/bottle/image/good/006.png,Is there any defect in the object?,B,B
DS-MVTec/bottle/image/good/007.png,Is there any defect in the object?,A,A
DS-MVTec/bottle/image/good/008.png,Is there any defect in the object?,B,B
DS-MVTec/bottle/image/good/009.png,Is there any defect in the object?,B,B
DS-MVTec/bottle/image/good/010.png,Is there any defect in the object?,B,A
DS-MVTec/bottle/image/good/011.png,Is there any defect in the object?,A,A
DS-MVTec/bottle/image/good/012.png,Is there any defect in the object?,A,A
DS-MVTec/bottle/image/good/013.png,Is there any defect in the object?,B,B
DS-MVTec/bottle/image/good/014.png,Is there any defect in the object?,A,A
DS-MVTec/bottle/image/good/015.png,Is there any defect in the object?,B,B
DS-MVTec/bottle/image/good/016.png,Is there any defect in the object?,B,A
DS-MVTec/bottle/image/good/017.png,Is there any defect in the object?,B,B
DS-MVTec/bottle/image/good/018.png,Is there any defect in the object?,B,B
DS-MVTec/bottle/image/good/019.png,Is there any defect in the object?,B,A
DS-MVTec/cable/image/bent_wire/000.png,Is there any defect in the object?,B,B
DS-MVTec/cable/image/bent_wire/000.png,There is a defect in the object. What is the type of the defect?,A,A
DS-MVTec/cable/image/bent_wire/000.png,There is a defect in the object. Where is the defect?,D,D
DS-MVTec/cable/image/bent_wire/000.png,There is a defect in the object. What is the appearance of the defect?,B,B
DS-MVTec/cable/image/bent_wire/000.png,There is a defect in the object. What could be the effect of the defect?,D,D
DS-MVTec/cable/image/bent_wire/001.png,Is there any defect in the object?,B,B
DS-MVTec/cable/image/bent_wire/001.png,There is a defect in the object. What is the type of the defect?,D,C
DS-MVTec/cable/image/bent_wire/001.png,There is a defect in the object. What is the appearance of the defect?,C,C
DS-MVTec/cable/image/bent_wire/001.png,There is a defect in the object. What is the effect of the defect on the object?,D,D
DS-MVTec/cable/image/bent_wire/002.png,Is there any defect in the object?,B,B
DS-MVTec/cable/image/bent_wire/002.png,There is a defect in the object. What is the type of the defect?,C,C
DS-MVTec/cable/image/bent_wire/002.png,There is a defect in the object. Where is the defect?,C,B
DS-MVTec/cable/image/bent_wire/002.png,There is a defect in the object. What is the appearance of the defect?,B,B
DS-MVTec/cable/image/bent_wire/002.png,There is a defect in the object. What potential effect could the defect have?,C,C
DS-MVTec/cable/image/bent_wire/003.png,Is there any defect in the object?,B,B
DS-MVTec/cable/image/bent_wire/003.png,There is a defect in the object. What is the type of the defect?,C,C
DS-MVTec/cable/image/bent_wire/003.png,There is a defect in the object. What is the appearance of the defect?,A,A
DS-MVTec/cable/image/bent_wire/003.png,There is a defect in the object. What additional information is provided about another defect in the cable?,C,C
DS-MVTec/cable/image/bent_wire/004.png,Is there any defect in the object?,A,A
DS-MVTec/cable/image/bent_wire/004.png,There is a defect in the object. Where is the defect located?,C,C
DS-MVTec/cable/image/bent_wire/004.png,There is a defect in the object. What is the appearance of the defect?,B,B
DS-MVTec/cable/image/bent_wire/004.png,There is a defect in the object. What is the potential effect of the defect?,D,D
DS-MVTec/cable/image/bent_wire/005.png,Is there any defect in the object?,B,B
DS-MVTec/cable/image/bent_wire/005.png,There is a defect in the object. What is the type of the defect?,A,A
DS-MVTec/cable/image/bent_wire/005.png,There is a defect in the object. Where is the defect?,B,B
DS-MVTec/cable/image/bent_wire/005.png,There is a defect in the object. What is the appearance of the defect?,B,B
DS-MVTec/cable/image/bent_wire/005.png,There is a defect in the object. What is the effect of the defect?,C,C
DS-MVTec/cable/image/bent_wire/006.png,Is there any defect in the object?,B,B
DS-MVTec/cable/image/bent_wire/006.png,There is a defect in the object. What is the type of the defect?,A,D
DS-MVTec/cable/image/bent_wire/006.png,There is a defect in the object. What is the appearance of the defect?,C,C
DS-MVTec/cable/image/bent_wire/006.png,There is a defect in the object. What is the effect of the defect?,A,A
DS-MVTec/cable/image/bent_wire/007.png,Is there any defect in the object?,B,B
DS-MVTec/cable/image/bent_wire/007.png,There are some defects in the object. How many types of defects are present in the cable?,A,A
DS-MVTec/cable/image/bent_wire/007.png,There are some defects in the object. Where are the defects located within the cable?,B,B
DS-MVTec/cable/image/bent_wire/007.png,There are some defects in the object. What is the appearance of the defects?,C,C
DS-MVTec/cable/image/bent_wire/008.png,Is there any defect in the object?,B,A
DS-MVTec/cable/image/bent_wire/008.png,There is a defect in the object. What is the type of the defect?,D,D
DS-MVTec/cable/image/bent_wire/008.png,There is a defect in the object. Where is the defect?,D,B
DS-MVTec/cable/image/bent_wire/008.png,There is a defect in the object. What is the appearance of the defect?,D,D
DS-MVTec/cable/image/bent_wire/008.png,There is a defect in the object. How does the defect affect the cable?,D,D
DS-MVTec/cable/image/bent_wire/009.png,Is there any defect in the object?,B,B
DS-MVTec/cable/image/bent_wire/009.png,There is a defect in the object. What is the type of the defect?,C,D
DS-MVTec/cable/image/bent_wire/009.png,There is a defect in the object. Where is the defect?,A,A
DS-MVTec/cable/image/bent_wire/009.png,There is a defect in the object. What is the appearance of the defect?,D,D
DS-MVTec/cable/image/bent_wire/009.png,There is a defect in the object. Within which section of insulation is the defect present?,A,A
DS-MVTec/cable/image/bent_wire/010.png,Is there any defect in the object?,A,A
DS-MVTec/cable/image/bent_wire/010.png,There is a defect in the object. Where is the primary defect located?,D,A
DS-MVTec/cable/image/bent_wire/010.png,There is a defect in the object. What is the appearance of the primary defect?,A,B
DS-MVTec/cable/image/bent_wire/010.png,There is a defect in the object. What is the effect of the secondary defect on the cable's functionality?,C,C
DS-MVTec/cable/image/bent_wire/011.png,Is there any defect in the object?,B,B
DS-MVTec/cable/image/bent_wire/011.png,There are some defects in the object. How many types of defects are present in the cable?,B,B
DS-MVTec/cable/image/bent_wire/011.png,There are some defects in the object. What is the appearance of the defects?,C,C
DS-MVTec/cable/image/bent_wire/011.png,There are some defects in the object. What is the likely effect of these defects on the cable's performance?,C,C
DS-MVTec/cable/image/bent_wire/012.png,Is there any defect in the object?,A,A
DS-MVTec/cable/image/bent_wire/012.png,There is a defect in the object. What is the type of the defect?,B,B
DS-MVTec/cable/image/bent_wire/012.png,There is a defect in the object. Where is the defect?,D,B
DS-MVTec/cable/image/bent_wire/012.png,There is a defect in the object. What is the appearance of the defect?,D,D
DS-MVTec/cable/image/bent_wire/012.png,There is a defect in the object. What is the effect of the defect?,D,D
DS-MVTec/cable/image/cable_swap/000.png,Is there any defect in the object?,A,B
DS-MVTec/cable/image/cable_swap/000.png,There is a defect in the object. What is the type of the defect?,B,D
DS-MVTec/cable/image/cable_swap/000.png,There is a defect in the object. Where is the defect?,D,B
DS-MVTec/cable/image/cable_swap/000.png,There is a defect in the object. What is the appearance of the defect?,D,D
DS-MVTec/cable/image/cable_swap/000.png,There is a defect in the object. What is the effect of the defect?,A,A
DS-MVTec/cable/image/cable_swap/001.png,Is there any defect in the object?,B,A
DS-MVTec/cable/image/cable_swap/001.png,There is a defect in the object. Where is the defect?,A,B
DS-MVTec/cable/image/cable_swap/001.png,There is a defect in the object. What is the appearance of the defect?,A,A
DS-MVTec/cable/image/cable_swap/001.png,There is a defect in the object. Is there an additional defect?,D,A
DS-MVTec/cable/image/cable_swap/002.png,Is there any defect in the object?,B,A
DS-MVTec/cable/image/cable_swap/002.png,There is a defect in the object. What is the type of the defect?,D,D
DS-MVTec/cable/image/cable_swap/002.png,There is a defect in the object. What is the appearance of the defect?,B,B
DS-MVTec/cable/image/cable_swap/002.png,There is a defect in the object. What is a potential effect of the defect?,C,C
DS-MVTec/cable/image/cable_swap/003.png,Is there any defect in the object?,A,B
DS-MVTec/cable/image/cable_swap/003.png,There is a defect in the object. What is the type of the defect?,A,A
DS-MVTec/cable/image/cable_swap/003.png,There is a defect in the object. Where is the defect?,B,B
DS-MVTec/cable/image/cable_swap/003.png,There is a defect in the object. What is the appearance of the defect?,B,B
DS-MVTec/cable/image/cable_swap/003.png,There is a defect in the object. What is the effect of the defect?,B,B
DS-MVTec/cable/image/cable_swap/004.png,Is there any defect in the object?,B,A
DS-MVTec/cable/image/cable_swap/004.png,There is a defect in the object. Where is the defect?,C,B
DS-MVTec/cable/image/cable_swap/004.png,There is a defect in the object. What is the appearance of the defect?,C,B
DS-MVTec/cable/image/cable_swap/004.png,There is a defect in the object. What is the effect of the defect?,C,C
DS-MVTec/cable/image/cable_swap/005.png,Is there any defect in the object?,B,B
DS-MVTec/cable/image/cable_swap/005.png,There is a defect in the object. What is the type of the defect?,C,C
DS-MVTec/cable/image/cable_swap/005.png,There is a defect in the object. What is the appearance of the defect?,C,C
DS-MVTec/cable/image/cable_swap/005.png,There is a defect in the object. What additional detail is observed about the defect?,D,D
DS-MVTec/cable/image/cable_swap/006.png,Is there any defect in the object?,B,B
DS-MVTec/cable/image/cable_swap/006.png,There is a defect in the object. What is the type of the defect?,C,C
DS-MVTec/cable/image/cable_swap/006.png,There is a defect in the object. Where is the defect?,B,A
DS-MVTec/cable/image/cable_swap/006.png,There is a defect in the object. What is the appearance of the defect?,D,D
DS-MVTec/cable/image/cable_swap/006.png,There is a defect in the object. What is the effect of the defect?,A,A
DS-MVTec/cable/image/cable_swap/007.png,Is there any defect in the object?,B,A
DS-MVTec/cable/image/cable_swap/007.png,There is a defect in the object. What is the type of the defect?,B,B
DS-MVTec/cable/image/cable_swap/007.png,There is a defect in the object. What is the appearance of the defect?,B,B
DS-MVTec/cable/image/cable_swap/008.png,Is there any defect in the object?,B,A
DS-MVTec/cable/image/cable_swap/008.png,There is a defect in the object. What is the type of defect?,A,A
DS-MVTec/cable/image/cable_swap/008.png,There is a defect in the object. Where is the defect?,C,A
DS-MVTec/cable/image/cable_swap/008.png,There is a defect in the object. What is the appearance of the defect?,D,D
DS-MVTec/cable/image/cable_swap/008.png,There is a defect in the object. What additional information is provided about the defect?,B,B
DS-MVTec/cable/image/cable_swap/009.png,Is there any defect in the object?,B,B
DS-MVTec/cable/image/cable_swap/009.png,There is a defect in the object. What is the type of the defect?,D,D
DS-MVTec/cable/image/cable_swap/009.png,There is a defect in the object. Where is the defect?,C,C
DS-MVTec/cable/image/cable_swap/009.png,There is a defect in the object. What is the appearance of the defect?,C,C
DS-MVTec/cable/image/cable_swap/009.png,There is a defect in the object. What is the potential effect of the defect?,C,C
DS-MVTec/cable/image/cable_swap/010.png,Is there any defect in the object?,B,B
DS-MVTec/cable/image/cable_swap/010.png,There is a defect in the object. What is the type of the defect?,B,B
DS-MVTec/cable/image/cable_swap/010.png,There is a defect in the object. Where is the defect?,C,C
DS-MVTec/cable/image/cable_swap/010.png,There is a defect in the object. What is the appearance of the defect?,C,D
DS-MVTec/cable/image/cable_swap/010.png,There is a defect in the object. What could be the effect of the defect?,A,A
DS-MVTec/cable/image/cable_swap/011.png,Is there any defect in the object?,B,B
DS-MVTec/cable/image/cable_swap/011.png,There is a defect in the object. What is the type of the defect?,B,B
DS-MVTec/cable/image/cable_swap/011.png,There is a defect in the object. Where is the defect?,A,A
DS-MVTec/cable/image/cable_swap/011.png,"There is a defect in the object. What is the additional effect of the ""missing wire"" defect?",A,A
DS-MVTec/cable/image/combined/000.png,Is there any defect in the object?,B,B
DS-MVTec/cable/image/combined/000.png,There are some defects in the object. Where are these defects located in the picture?,A,A
DS-MVTec/cable/image/combined/000.png,There are some defects in the object. What is the appearance of the defects?,B,B
DS-MVTec/cable/image/combined/000.png,There are some defects in the object. What could be the potential effect of these defects?,D,D
DS-MVTec/cable/image/combined/001.png,Is there any defect in the object?,B,B
DS-MVTec/cable/image/combined/001.png,There are some defects in the object. What are the types of the defects?,D,D
DS-MVTec/cable/image/combined/001.png,There are some defects in the object. Where are these defects located in the picture?,B,B
DS-MVTec/cable/image/combined/001.png,There are some defects in the object. What is the appearance of the defects?,C,C
DS-MVTec/cable/image/combined/001.png,There are some defects in the object. What could be the effect of these defects?,A,A
DS-MVTec/cable/image/combined/002.png,Is there any defect in the object?,A,A
DS-MVTec/cable/image/combined/002.png,There are some defects in the object. What are the types of the defects?,D,A
DS-MVTec/cable/image/combined/002.png,There are some defects in the object. Where are these defects in the picture?,A,A
DS-MVTec/cable/image/combined/002.png,There are some defects in the object. What is the appearance of the defects?,C,C
DS-MVTec/cable/image/combined/002.png,There are some defects in the object. What could be the potential effect of these defects?,B,B
DS-MVTec/cable/image/combined/003.png,Is there any defect in the object?,A,A
DS-MVTec/cable/image/combined/003.png,There are some defects in the object. What are the types of the defects?,C,C
DS-MVTec/cable/image/combined/003.png,There are some defects in the object. Where are these defects located in the picture?,B,A
DS-MVTec/cable/image/combined/003.png,There are some defects in the object. What is the appearance of the defect in the grounding conductor?,A,A
DS-MVTec/cable/image/combined/003.png,There are some defects in the object. What could be the potential effect of these defects?,B,B
DS-MVTec/cable/image/combined/004.png,Is there any defect in the object?,A,A
DS-MVTec/cable/image/combined/004.png,There is a defect in the object. What is the type of the defect?,A,A
DS-MVTec/cable/image/combined/004.png,There is a defect in the object. What is the appearance of the defect?,D,D
DS-MVTec/cable/image/combined/004.png,There are some defects in the object. What are the potential effects of these defects?,A,A
DS-MVTec/cable/image/combined/005.png,Is there any defect in the object?,B,B
DS-MVTec/cable/image/combined/005.png,There are some defects in the object. What type of defects are present?,D,D
DS-MVTec/cable/image/combined/005.png,There are some defects in the object. What is the appearance of the defects?,A,A
DS-MVTec/cable/image/combined/005.png,There are some defects in the object. What are the potential effects of these defects?,C,C
DS-MVTec/cable/image/combined/006.png,Is there any defect in the object?,A,A
DS-MVTec/cable/image/combined/006.png,There are some defects in the object. What types of defects are present?,D,D
DS-MVTec/cable/image/combined/006.png,There are some defects in the object. Where are these defects located in the picture?,B,B
DS-MVTec/cable/image/combined/006.png,There are some defects in the object. What is the appearance of the defects?,A,A
DS-MVTec/cable/image/combined/006.png,There are some defects in the object. What are the potential effects of these defects?,A,A
DS-MVTec/cable/image/combined/007.png,Is there any defect in the object?,B,B
DS-MVTec/cable/image/combined/007.png,There is a defect in the object. What is the type of the defect?,C,C
DS-MVTec/cable/image/combined/007.png,There are some defects in the object. What is the appearance of the defects?,A,A
DS-MVTec/cable/image/combined/007.png,There are some defects in the object. What could be the effect of these defects?,C,C
DS-MVTec/cable/image/combined/008.png,Is there any defect in the object?,A,A
DS-MVTec/cable/image/combined/008.png,There are some defects in the object. What are the types of the defects?,D,D
DS-MVTec/cable/image/combined/008.png,There are some defects in the object. Where are these defects in the picture?,C,C
DS-MVTec/cable/image/combined/008.png,There are some defects in the object. What is the appearance of the defects?,C,C
DS-MVTec/cable/image/combined/008.png,There are some defects in the object. What are the potential effects of these defects?,A,A
DS-MVTec/cable/image/combined/009.png,Is there any defect in the object?,A,A
DS-MVTec/cable/image/combined/009.png,There is a defect in the object. What is the type of the defect?,C,D
DS-MVTec/cable/image/combined/009.png,There is a defect in the object. What is the appearance of the defect?,A,B
DS-MVTec/cable/image/combined/009.png,There are some defects in the object. What are the potential effects of these defects?,D,D
DS-MVTec/cable/image/combined/010.png,Is there any defect in the object?,B,B
DS-MVTec/cable/image/combined/010.png,There is a defect in the object. Where is the defect?,A,B
DS-MVTec/cable/image/combined/010.png,There is a defect in the object. What is the effect of the defect?,A,A
DS-MVTec/cable/image/cut_inner_insulation/000.png,Is there any defect in the object?,A,A
DS-MVTec/cable/image/cut_inner_insulation/000.png,There is a defect in the object. What is the type of the defect?,D,A
DS-MVTec/cable/image/cut_inner_insulation/000.png,There is a defect in the object. What is the appearance of the defect?,B,B
DS-MVTec/cable/image/cut_inner_insulation/000.png,There is a defect in the object. What effect does the defect have on the cable?,B,B
DS-MVTec/cable/image/cut_inner_insulation/001.png,Is there any defect in the object?,A,A
DS-MVTec/cable/image/cut_inner_insulation/001.png,There is a defect in the object. What is the type of the defect?,B,B
DS-MVTec/cable/image/cut_inner_insulation/001.png,There is a defect in the object. Where is the defect?,D,D
DS-MVTec/cable/image/cut_inner_insulation/001.png,There is a defect in the object. What could potentially be the effect of the defect?,C,C
DS-MVTec/cable/image/cut_inner_insulation/002.png,Is there any defect in the object?,B,B
DS-MVTec/cable/image/cut_inner_insulation/002.png,There is a defect in the object. What is the type of the defect?,A,A
DS-MVTec/cable/image/cut_inner_insulation/002.png,There is a defect in the object. Where is the defect?,D,B
DS-MVTec/cable/image/cut_inner_insulation/002.png,There is a defect in the object. What is the appearance of the defect?,B,B
DS-MVTec/cable/image/cut_inner_insulation/002.png,There is a defect in the object. How could the defect potentially affect the cable?,B,B
DS-MVTec/cable/image/cut_inner_insulation/003.png,Is there any defect in the object?,B,B
DS-MVTec/cable/image/cut_inner_insulation/003.png,There is a defect in the object. What is the type of the defect?,A,A
DS-MVTec/cable/image/cut_inner_insulation/003.png,There is a defect in the object. What is the appearance of the defect?,D,C
DS-MVTec/cable/image/cut_inner_insulation/003.png,There is a defect in the object. What could be the effect of the defect?,C,C
DS-MVTec/cable/image/cut_inner_insulation/004.png,Is there any defect in the object?,A,A
DS-MVTec/cable/image/cut_inner_insulation/004.png,There is a defect in the object. What is the type of the defect?,B,B
DS-MVTec/cable/image/cut_inner_insulation/004.png,There is a defect in the object. What is the appearance of the defect?,B,C
DS-MVTec/cable/image/cut_inner_insulation/004.png,There is a defect in the object. What is the potential effect of the defect?,B,B
DS-MVTec/cable/image/cut_inner_insulation/005.png,Is there any defect in the object?,B,B
DS-MVTec/cable/image/cut_inner_insulation/005.png,There is a defect in the object. Where is the defect?,D,D
DS-MVTec/cable/image/cut_inner_insulation/005.png,There is a defect in the object. What is the appearance of the defect?,B,B
DS-MVTec/cable/image/cut_inner_insulation/005.png,There is a defect in the object. What is another issue present in the image relating to the defect?,A,A
DS-MVTec/cable/image/cut_inner_insulation/006.png,Is there any defect in the object?,B,B
DS-MVTec/cable/image/cut_inner_insulation/006.png,There is a defect in the object. What is the type of the defect on the blue-insulated section of the cable?,B,B
DS-MVTec/cable/image/cut_inner_insulation/006.png,There is a defect in the object. Where is the defect on the blue-insulated section?,C,C
DS-MVTec/cable/image/cut_inner_insulation/006.png,There is a defect in the object. What is the appearance of the defect on the blue-insulated section?,A,A
DS-MVTec/cable/image/cut_inner_insulation/006.png,There is a defect in the object. What additional defect appears to be present in the cable?,B,B
DS-MVTec/cable/image/cut_inner_insulation/007.png,Is there any defect in the object?,B,B
DS-MVTec/cable/image/cut_inner_insulation/007.png,There is a defect in the object. What is the type of the defect?,A,A
DS-MVTec/cable/image/cut_inner_insulation/007.png,There is a defect in the object. Where is the defect?,D,C
DS-MVTec/cable/image/cut_inner_insulation/007.png,There is a defect in the object. What is the appearance of the defect?,D,D
DS-MVTec/cable/image/cut_inner_insulation/007.png,There is a defect in the object. What could be the effect of this defect?,B,B
DS-MVTec/cable/image/cut_inner_insulation/008.png,Is there any defect in the object?,A,A
DS-MVTec/cable/image/cut_inner_insulation/008.png,There is a defect in the object. What is the type of the defect?,D,D
DS-MVTec/cable/image/cut_inner_insulation/008.png,There is a defect in the object. What is the appearance of the defect?,C,C
DS-MVTec/cable/image/cut_inner_insulation/008.png,There is a defect in the object. What could be the potential effect of the defect?,B,B
DS-MVTec/cable/image/cut_inner_insulation/009.png,Is there any defect in the object?,B,B
DS-MVTec/cable/image/cut_inner_insulation/009.png,There is a defect in the object. What is the type of the defect?,A,A
DS-MVTec/cable/image/cut_inner_insulation/009.png,There is a defect in the object. What is the appearance of the defect?,C,C
DS-MVTec/cable/image/cut_inner_insulation/009.png,There is a defect in the object. What is the effect of the defect?,A,A
DS-MVTec/cable/image/cut_inner_insulation/010.png,Is there any defect in the object?,B,A
DS-MVTec/cable/image/cut_inner_insulation/010.png,There is a defect in the object. What is the type of the defect?,A,D
DS-MVTec/cable/image/cut_inner_insulation/010.png,There is a defect in the object. Where is the defect?,C,C
DS-MVTec/cable/image/cut_inner_insulation/010.png,There is a defect in the object. What is the appearance of the defect?,B,B
DS-MVTec/cable/image/cut_inner_insulation/010.png,There is a defect in the object. What is the effect of the defect?,D,D
DS-MVTec/cable/image/cut_inner_insulation/011.png,Is there any defect in the object?,B,B
DS-MVTec/cable/image/cut_inner_insulation/011.png,There is a defect in the object. What is the type of the defect?,B,B
DS-MVTec/cable/image/cut_inner_insulation/011.png,There is a defect in the object. Where is the defect?,B,B
DS-MVTec/cable/image/cut_inner_insulation/011.png,There is a defect in the object. What is the appearance of the defect?,C,C
DS-MVTec/cable/image/cut_inner_insulation/011.png,There is a defect in the object. What is the potential effect of the defect?,C,C
DS-MVTec/cable/image/cut_inner_insulation/012.png,Is there any defect in the object?,B,B
DS-MVTec/cable/image/cut_inner_insulation/012.png,There is a defect in the object. What is the type of the defect?,A,B
DS-MVTec/cable/image/cut_inner_insulation/012.png,There is a defect in the object. What is the appearance of the defect?,B,B
DS-MVTec/cable/image/cut_inner_insulation/012.png,There is a defect in the object. What might be the effect of the defect on the cable's performance and safety?,A,A
DS-MVTec/cable/image/cut_inner_insulation/013.png,Is there any defect in the object?,B,B
DS-MVTec/cable/image/cut_inner_insulation/013.png,There is a defect in the object. What is the type of the defect?,D,C
DS-MVTec/cable/image/cut_inner_insulation/013.png,There is a defect in the object. Where is the defect?,A,A
DS-MVTec/cable/image/cut_inner_insulation/013.png,There is a defect in the object. What is the appearance of the defect?,D,D
DS-MVTec/cable/image/cut_inner_insulation/013.png,There is a defect in the object. What additional anomaly is present near the center of the image?,A,A
DS-MVTec/cable/image/cut_outer_insulation/000.png,Is there any defect in the object?,B,A
DS-MVTec/cable/image/cut_outer_insulation/000.png,There is a defect in the object. What is the type of the defect?,A,A
DS-MVTec/cable/image/cut_outer_insulation/000.png,There is a defect in the object. Where is the defect?,A,D
DS-MVTec/cable/image/cut_outer_insulation/000.png,There is a defect in the object. What is the appearance of the defect?,A,A
DS-MVTec/cable/image/cut_outer_insulation/000.png,There is a defect in the object. What is the additional defect observed at the center of the cable?,A,A
DS-MVTec/cable/image/cut_outer_insulation/001.png,Is there any defect in the object?,B,B
DS-MVTec/cable/image/cut_outer_insulation/001.png,There is a defect in the object. What is the type of the defect?,B,B
DS-MVTec/cable/image/cut_outer_insulation/001.png,There is a defect in the object. Where is the defect?,D,D
DS-MVTec/cable/image/cut_outer_insulation/001.png,There is a defect in the object. What is the appearance of the defect?,A,A
DS-MVTec/cable/image/cut_outer_insulation/001.png,There is a defect in the object. What is the effect of the defect?,B,B
DS-MVTec/cable/image/cut_outer_insulation/002.png,Is there any defect in the object?,A,B
DS-MVTec/cable/image/cut_outer_insulation/002.png,There is a defect in the object. What is the type of the defect?,D,D
DS-MVTec/cable/image/cut_outer_insulation/002.png,There is a defect in the object. Where is the defect?,D,D
DS-MVTec/cable/image/cut_outer_insulation/002.png,There is a defect in the object. What is the appearance of the defect?,C,C
DS-MVTec/cable/image/cut_outer_insulation/002.png,There is a defect in the object. What does the defect expose?,D,D
DS-MVTec/cable/image/cut_outer_insulation/003.png,Is there any defect in the object?,A,A
DS-MVTec/cable/image/cut_outer_insulation/003.png,There is a defect in the object. What is the type of the defect?,C,C
DS-MVTec/cable/image/cut_outer_insulation/003.png,There is a defect in the object. What is the appearance of the defect?,A,B
DS-MVTec/cable/image/cut_outer_insulation/003.png,There is a defect in the object. What additional defect can be identified within the brown insulated section?,C,C
DS-MVTec/cable/image/cut_outer_insulation/004.png,Is there any defect in the object?,B,A
DS-MVTec/cable/image/cut_outer_insulation/004.png,There is a defect in the object. What is the type of the defect?,A,C
DS-MVTec/cable/image/cut_outer_insulation/004.png,There is a defect in the object. Where is the defect?,D,D
DS-MVTec/cable/image/cut_outer_insulation/004.png,There is a defect in the object. What is the appearance of the defect?,D,D
DS-MVTec/cable/image/cut_outer_insulation/004.png,There is a defect in the object. What is the effect of the defect?,C,C
DS-MVTec/cable/image/cut_outer_insulation/005.png,Is there any defect in the object?,A,A
DS-MVTec/cable/image/cut_outer_insulation/005.png,There is a defect in the object. What is the type of the defect?,A,A
DS-MVTec/cable/image/cut_outer_insulation/005.png,There is a defect in the object. Where is the defect?,C,C
DS-MVTec/cable/image/cut_outer_insulation/005.png,There is a defect in the object. What is the appearance of the defect?,B,B
DS-MVTec/cable/image/cut_outer_insulation/005.png,There is a defect in the object. What additional defect is present in the cable?,B,B
DS-MVTec/cable/image/cut_outer_insulation/006.png,Is there any defect in the object?,B,B
DS-MVTec/cable/image/cut_outer_insulation/006.png,There is a defect in the object. What is the type of the defect?,A,A
DS-MVTec/cable/image/cut_outer_insulation/006.png,There is a defect in the object. Where is the defect?,B,B
DS-MVTec/cable/image/cut_outer_insulation/006.png,There is a defect in the object. What is the appearance of the defect?,B,B
DS-MVTec/cable/image/cut_outer_insulation/006.png,There is a defect in the object. Is there an additional defect observed in the cable?,B,C
DS-MVTec/cable/image/cut_outer_insulation/007.png,Is there any defect in the object?,B,B
DS-MVTec/cable/image/cut_outer_insulation/007.png,There is a defect in the object. What is the type of the defect?,B,B
DS-MVTec/cable/image/cut_outer_insulation/007.png,There is a defect in the object. Where is the defect?,B,B
DS-MVTec/cable/image/cut_outer_insulation/007.png,There is a defect in the object. What is the appearance of the defect?,C,C
DS-MVTec/cable/image/cut_outer_insulation/007.png,There is a defect in the object. What is the potential effect of the defect on the cable's integrity and function?,C,C
DS-MVTec/cable/image/cut_outer_insulation/008.png,Is there any defect in the object?,A,B
DS-MVTec/cable/image/cut_outer_insulation/008.png,There is a defect in the object. What is the type of the defect?,C,B
DS-MVTec/cable/image/cut_outer_insulation/008.png,There is a defect in the object. Where is the defect?,B,B
DS-MVTec/cable/image/cut_outer_insulation/008.png,There is a defect in the object. What is the appearance of the defect?,B,A
DS-MVTec/cable/image/cut_outer_insulation/008.png,There is a defect in the object. What is the effect of the defect on the cable?,B,B
DS-MVTec/cable/image/cut_outer_insulation/009.png,Is there any defect in the object?,B,B
DS-MVTec/cable/image/cut_outer_insulation/009.png,There is a defect in the object. What is the type of the defect?,A,A
DS-MVTec/cable/image/cut_outer_insulation/009.png,There is a defect in the object. Where is the defect?,D,D
DS-MVTec/cable/image/cut_outer_insulation/009.png,There is a defect in the object. What is the appearance of the defect?,A,A
DS-MVTec/cable/image/cut_outer_insulation/009.png,There is a defect in the object. What is the likely effect of the defect on the cable?,C,C
DS-MVTec/cable/image/good/000.png,Is there any defect in the object?,A,A
DS-MVTec/cable/image/good/001.png,Is there any defect in the object?,B,B
DS-MVTec/cable/image/good/002.png,Is there any defect in the object?,A,A
DS-MVTec/cable/image/good/003.png,Is there any defect in the object?,B,B
DS-MVTec/cable/image/good/004.png,Is there any defect in the object?,B,B
DS-MVTec/cable/image/good/005.png,Is there any defect in the object?,A,A
DS-MVTec/cable/image/good/006.png,Is there any defect in the object?,B,B
DS-MVTec/cable/image/good/007.png,Is there any defect in the object?,A,A
DS-MVTec/cable/image/good/008.png,Is there any defect in the object?,A,A
DS-MVTec/cable/image/good/009.png,Is there any defect in the object?,A,A
DS-MVTec/cable/image/good/010.png,Is there any defect in the object?,A,A
DS-MVTec/cable/image/good/011.png,Is there any defect in the object?,B,B
DS-MVTec/cable/image/good/012.png,Is there any defect in the object?,A,A
DS-MVTec/cable/image/good/013.png,Is there any defect in the object?,A,A
DS-MVTec/cable/image/good/014.png,Is there any defect in the object?,A,A
DS-MVTec/cable/image/good/015.png,Is there any defect in the object?,A,A
DS-MVTec/cable/image/good/016.png,Is there any defect in the object?,B,B
DS-MVTec/cable/image/good/017.png,Is there any defect in the object?,B,B
DS-MVTec/cable/image/good/018.png,Is there any defect in the object?,A,A
DS-MVTec/cable/image/good/019.png,Is there any defect in the object?,A,A
DS-MVTec/cable/image/good/020.png,Is there any defect in the object?,A,A
DS-MVTec/cable/image/good/021.png,Is there any defect in the object?,A,A
DS-MVTec/cable/image/good/022.png,Is there any defect in the object?,A,A
DS-MVTec/cable/image/good/023.png,Is there any defect in the object?,A,A
DS-MVTec/cable/image/good/024.png,Is there any defect in the object?,A,A
DS-MVTec/cable/image/good/025.png,Is there any defect in the object?,A,A
DS-MVTec/cable/image/good/026.png,Is there any defect in the object?,B,B
DS-MVTec/cable/image/good/027.png,Is there any defect in the object?,A,A
DS-MVTec/cable/image/good/028.png,Is there any defect in the object?,B,B
DS-MVTec/cable/image/good/029.png,Is there any defect in the object?,A,A
DS-MVTec/cable/image/good/030.png,Is there any defect in the object?,B,B
DS-MVTec/cable/image/good/031.png,Is there any defect in the object?,B,B
DS-MVTec/cable/image/good/032.png,Is there any defect in the object?,A,A
DS-MVTec/cable/image/good/033.png,Is there any defect in the object?,A,A
DS-MVTec/cable/image/good/034.png,Is there any defect in the object?,A,A
DS-MVTec/cable/image/good/035.png,Is there any defect in the object?,B,B
DS-MVTec/cable/image/good/036.png,Is there any defect in the object?,A,A
DS-MVTec/cable/image/good/037.png,Is there any defect in the object?,B,B
DS-MVTec/cable/image/good/038.png,Is there any defect in the object?,B,B
DS-MVTec/cable/image/good/039.png,Is there any defect in the object?,A,A
DS-MVTec/cable/image/good/040.png,Is there any defect in the object?,A,A
DS-MVTec/cable/image/good/041.png,Is there any defect in the object?,B,B
DS-MVTec/cable/image/good/042.png,Is there any defect in the object?,B,B
DS-MVTec/cable/image/good/043.png,Is there any defect in the object?,A,A
DS-MVTec/cable/image/good/044.png,Is there any defect in the object?,B,B
DS-MVTec/cable/image/good/045.png,Is there any defect in the object?,A,A
DS-MVTec/cable/image/good/046.png,Is there any defect in the object?,B,B
DS-MVTec/cable/image/good/047.png,Is there any defect in the object?,A,A
DS-MVTec/cable/image/good/048.png,Is there any defect in the object?,B,B
DS-MVTec/cable/image/good/049.png,Is there any defect in the object?,B,B
DS-MVTec/cable/image/good/050.png,Is there any defect in the object?,B,B
DS-MVTec/cable/image/good/051.png,Is there any defect in the object?,A,A
DS-MVTec/cable/image/good/052.png,Is there any defect in the object?,B,B
DS-MVTec/cable/image/good/053.png,Is there any defect in the object?,A,A
DS-MVTec/cable/image/good/054.png,Is there any defect in the object?,A,A
DS-MVTec/cable/image/good/055.png,Is there any defect in the object?,A,A
DS-MVTec/cable/image/good/056.png,Is there any defect in the object?,A,A
DS-MVTec/cable/image/good/057.png,Is there any defect in the object?,A,A
DS-MVTec/cable/image/missing_cable/000.png,Is there any defect in the object?,A,A
DS-MVTec/cable/image/missing_cable/000.png,There is a defect in the object. What is the type of the defect?,A,A
DS-MVTec/cable/image/missing_cable/000.png,There is a defect in the object. Where is the defect?,A,C
DS-MVTec/cable/image/missing_cable/000.png,There is a defect in the object. What is the appearance of the defect?,B,B
DS-MVTec/cable/image/missing_cable/000.png,There is a defect in the object. What is the effect of the defect?,A,A
DS-MVTec/cable/image/missing_cable/001.png,Is there any defect in the object?,B,B
DS-MVTec/cable/image/missing_cable/001.png,There is a defect in the object. What is the type of the defect?,A,A
DS-MVTec/cable/image/missing_cable/001.png,There is a defect in the object. Where is the defect?,A,B
DS-MVTec/cable/image/missing_cable/001.png,There is a defect in the object. What is the appearance of the defect?,D,D
DS-MVTec/cable/image/missing_cable/001.png,There is a defect in the object. What is the effect of the defect?,D,D
DS-MVTec/cable/image/missing_cable/002.png,Is there any defect in the object?,A,A
DS-MVTec/cable/image/missing_cable/002.png,There is a defect in the object. What is the type of the defect?,A,A
DS-MVTec/cable/image/missing_cable/002.png,There is a defect in the object. Where is the defect?,D,D
DS-MVTec/cable/image/missing_cable/002.png,There is a defect in the object. What is the appearance of the defect?,D,D
DS-MVTec/cable/image/missing_cable/002.png,There is a defect in the object. What effect does the defect have on the object?,C,C
DS-MVTec/cable/image/missing_cable/003.png,Is there any defect in the object?,A,A
DS-MVTec/cable/image/missing_cable/003.png,There is a defect in the object. What is the type of the defect?,D,D
DS-MVTec/cable/image/missing_cable/003.png,There is a defect in the object. Where is the defect?,C,A
DS-MVTec/cable/image/missing_cable/003.png,There is a defect in the object. What is the appearance of the defect?,C,C
DS-MVTec/cable/image/missing_cable/003.png,There is a defect in the object. What is the likely effect of the defect on the cable's functionality?,B,B
DS-MVTec/cable/image/missing_cable/004.png,Is there any defect in the object?,A,A
DS-MVTec/cable/image/missing_cable/004.png,There is a defect in the object. What is the type of the defect?,C,C
DS-MVTec/cable/image/missing_cable/004.png,There is a defect in the object. Where is the defect?,A,D
DS-MVTec/cable/image/missing_cable/004.png,There is a defect in the object. What is the appearance of the defect?,A,A
DS-MVTec/cable/image/missing_cable/004.png,There is a defect in the object. What effect does the defect have on the object?,A,A
DS-MVTec/cable/image/missing_cable/005.png,Is there any defect in the object?,B,B
DS-MVTec/cable/image/missing_cable/005.png,There is a defect in the object. What is the type of the defect?,A,A
DS-MVTec/cable/image/missing_cable/005.png,There is a defect in the object. Where is the defect?,B,B
DS-MVTec/cable/image/missing_cable/005.png,There is a defect in the object. What is the appearance of the defect?,A,A
DS-MVTec/cable/image/missing_cable/005.png,There is a defect in the object. What is the effect of the defect?,D,D
DS-MVTec/cable/image/missing_cable/006.png,Is there any defect in the object?,B,B
DS-MVTec/cable/image/missing_cable/006.png,There is a defect in the object. What is the type of the defect?,A,A
DS-MVTec/cable/image/missing_cable/006.png,There is a defect in the object. Where is the defect?,C,C
DS-MVTec/cable/image/missing_cable/006.png,There is a defect in the object. What is the appearance of the defect?,D,D
DS-MVTec/cable/image/missing_cable/006.png,There is a defect in the object. What is the effect of the defect?,B,B
DS-MVTec/cable/image/missing_cable/007.png,Is there any defect in the object?,B,B
DS-MVTec/cable/image/missing_cable/007.png,There is a defect in the object. What is the type of the defect?,B,B
DS-MVTec/cable/image/missing_cable/007.png,There is a defect in the object. Where is the defect?,A,A
DS-MVTec/cable/image/missing_cable/007.png,There is a defect in the object. What is the appearance of the defect?,A,A
DS-MVTec/cable/image/missing_cable/007.png,There is a defect in the object. What is the effect of the defect?,C,C
DS-MVTec/cable/image/missing_cable/008.png,Is there any defect in the object?,B,B
DS-MVTec/cable/image/missing_cable/008.png,There is a defect in the object. What is the type of the defect?,A,A
DS-MVTec/cable/image/missing_cable/008.png,There is a defect in the object. Where is the defect?,B,B
DS-MVTec/cable/image/missing_cable/008.png,There is a defect in the object. What is the appearance of the defect?,C,C
DS-MVTec/cable/image/missing_cable/008.png,There is a defect in the object. What is the effect of the defect?,D,D
DS-MVTec/cable/image/missing_cable/009.png,Is there any defect in the object?,B,B
DS-MVTec/cable/image/missing_cable/009.png,There is a defect in the object. What is the type of the defect?,A,A
DS-MVTec/cable/image/missing_cable/009.png,There is a defect in the object. Where is the defect?,B,B
DS-MVTec/cable/image/missing_cable/009.png,There is a defect in the object. What is the appearance of the defect?,B,B
DS-MVTec/cable/image/missing_cable/009.png,There is a defect in the object. What is the effect of the defect?,C,C
DS-MVTec/cable/image/missing_cable/010.png,Is there any defect in the object?,A,A
DS-MVTec/cable/image/missing_cable/010.png,There is a defect in the object. What is the type of the defect?,A,A
DS-MVTec/cable/image/missing_cable/010.png,There is a defect in the object. Where is the defect?,C,C
DS-MVTec/cable/image/missing_cable/010.png,There is a defect in the object. What is the appearance of the defect?,D,D
DS-MVTec/cable/image/missing_cable/010.png,There is a defect in the object. What effect does the defect have on the cable?,D,D
DS-MVTec/cable/image/missing_cable/011.png,Is there any defect in the object?,A,A
DS-MVTec/cable/image/missing_cable/011.png,There is a defect in the object. What are the types of the defect?,B,B
DS-MVTec/cable/image/missing_cable/011.png,There are some defects in the object. Where are the defects?,C,D
DS-MVTec/cable/image/missing_cable/011.png,There are some defects in the object. What is the appearance of the defects?,D,D
DS-MVTec/cable/image/missing_cable/011.png,There are some defects in the object. What could be the effect of these defects?,B,B
DS-MVTec/cable/image/missing_wire/000.png,Is there any defect in the object?,A,A
DS-MVTec/cable/image/missing_wire/000.png,There is a defect in the object. What is the type of the defect?,B,C
DS-MVTec/cable/image/missing_wire/000.png,There is a defect in the object. Where is the defect?,B,B
DS-MVTec/cable/image/missing_wire/000.png,There is a defect in the object. What is the appearance of the defect?,D,D
DS-MVTec/cable/image/missing_wire/000.png,There is a defect in the object. What is the effect of the defect?,A,A
DS-MVTec/cable/image/missing_wire/001.png,Is there any defect in the object?,B,B
DS-MVTec/cable/image/missing_wire/001.png,There is a defect in the object. What is the type of the defect?,B,B
DS-MVTec/cable/image/missing_wire/001.png,There is a defect in the object. Where is the defect?,B,B
DS-MVTec/cable/image/missing_wire/001.png,There is a defect in the object. What is the appearance of the defect?,C,C
DS-MVTec/cable/image/missing_wire/001.png,There is a defect in the object. What is the effect of the defect?,D,D
DS-MVTec/cable/image/missing_wire/002.png,Is there any defect in the object?,B,B
DS-MVTec/cable/image/missing_wire/002.png,There is a defect in the object. What is the type of the defect?,B,B
DS-MVTec/cable/image/missing_wire/002.png,There is a defect in the object. Where is the defect?,B,D
DS-MVTec/cable/image/missing_wire/002.png,There is a defect in the object. What is the appearance of the defect?,B,A
DS-MVTec/cable/image/missing_wire/002.png,There is a defect in the object. What is the effect of the defect on the cable?,C,C
DS-MVTec/cable/image/missing_wire/003.png,Is there any defect in the object?,A,A
DS-MVTec/cable/image/missing_wire/003.png,There is a defect in the object. What is the type of the defect?,B,D
DS-MVTec/cable/image/missing_wire/003.png,There is a defect in the object. Where is the defect?,C,D
DS-MVTec/cable/image/missing_wire/003.png,There is a defect in the object. What is the appearance of the defect?,C,C
DS-MVTec/cable/image/missing_wire/003.png,There is a defect in the object. What is the effect of the defect?,C,C
DS-MVTec/cable/image/missing_wire/004.png,Is there any defect in the object?,B,B
DS-MVTec/cable/image/missing_wire/004.png,There is a defect in the object. What is the type of the defect?,A,D
DS-MVTec/cable/image/missing_wire/004.png,There is a defect in the object. Where is the defect?,D,A
DS-MVTec/cable/image/missing_wire/004.png,There is a defect in the object. What is the appearance of the defect?,D,D
DS-MVTec/cable/image/missing_wire/004.png,There is a defect in the object. What might be the effect of the defect?,C,C
DS-MVTec/cable/image/missing_wire/005.png,Is there any defect in the object?,A,A
DS-MVTec/cable/image/missing_wire/005.png,There is a defect in the object. What is the type of the defect?,A,A
DS-MVTec/cable/image/missing_wire/005.png,There is a defect in the object. Where is the defect?,D,A
DS-MVTec/cable/image/missing_wire/005.png,There is a defect in the object. What is the appearance of the defect?,B,B
DS-MVTec/cable/image/missing_wire/005.png,There is a defect in the object. What is the effect of the defect on the cable?,B,B
DS-MVTec/cable/image/missing_wire/006.png,Is there any defect in the object?,B,B
DS-MVTec/cable/image/missing_wire/006.png,There is a defect in the object. What is the type of the defect?,A,C
DS-MVTec/cable/image/missing_wire/006.png,There is a defect in the object. Where is the defect?,C,C
DS-MVTec/cable/image/missing_wire/006.png,There is a defect in the object. What is the appearance of the defect?,D,D
DS-MVTec/cable/image/missing_wire/006.png,There is a defect in the object. How does the defect affect the wire?,A,A
DS-MVTec/cable/image/missing_wire/007.png,Is there any defect in the object?,B,B
DS-MVTec/cable/image/missing_wire/007.png,There is a defect in the object. What is the type of the defect?,B,B
DS-MVTec/cable/image/missing_wire/007.png,There is a defect in the object. Where is the defect?,D,B
DS-MVTec/cable/image/missing_wire/007.png,There is a defect in the object. What is the appearance of the defect?,A,A
DS-MVTec/cable/image/missing_wire/007.png,There is a defect in the object. What could be the effect of the defect?,A,A
DS-MVTec/cable/image/missing_wire/008.png,Is there any defect in the object?,A,A
DS-MVTec/cable/image/missing_wire/008.png,There is a defect in the object. What is the type of the defect?,B,B
DS-MVTec/cable/image/missing_wire/008.png,There is a defect in the object. Where is the defect?,D,D
DS-MVTec/cable/image/missing_wire/008.png,There is a defect in the object. What is the appearance of the defect?,B,B
DS-MVTec/cable/image/missing_wire/008.png,There is a defect in the object. How might the defect affect the cable?,B,B
DS-MVTec/cable/image/missing_wire/009.png,Is there any defect in the object?,A,A
DS-MVTec/cable/image/missing_wire/009.png,There is a defect in the object. What is the type of the defect?,A,C
DS-MVTec/cable/image/missing_wire/009.png,There is a defect in the object. Where is the defect?,D,B
DS-MVTec/cable/image/missing_wire/009.png,There is a defect in the object. What is the appearance of the defect?,D,D
DS-MVTec/cable/image/missing_wire/009.png,There is a defect in the object. What could the effect of the defect be?,C,C
DS-MVTec/cable/image/poke_insulation/000.png,Is there any defect in the object?,B,B
DS-MVTec/cable/image/poke_insulation/000.png,There is a defect in the object. What is the type of the defect?,B,C
DS-MVTec/cable/image/poke_insulation/000.png,There is a defect in the object. Where is the defect?,B,B
DS-MVTec/cable/image/poke_insulation/000.png,There is a defect in the object. What is the appearance of the defect?,B,B
DS-MVTec/cable/image/poke_insulation/000.png,There is a defect in the object. What is the potential effect of the defect?,D,D
DS-MVTec/cable/image/poke_insulation/001.png,Is there any defect in the object?,A,B
DS-MVTec/cable/image/poke_insulation/001.png,There is a defect in the object. What is the type of the defect?,D,D
DS-MVTec/cable/image/poke_insulation/001.png,There is a defect in the object. Where is the defect?,B,B
DS-MVTec/cable/image/poke_insulation/001.png,There is a defect in the object. What is the appearance of the defect?,C,C
DS-MVTec/cable/image/poke_insulation/001.png,There is a defect in the object. What is the effect of the defect?,A,A
DS-MVTec/cable/image/poke_insulation/002.png,Is there any defect in the object?,A,B
DS-MVTec/cable/image/poke_insulation/002.png,There is a defect in the object. What is the type of the defect?,C,C
DS-MVTec/cable/image/poke_insulation/002.png,There is a defect in the object. What is the appearance of the defect?,C,B
DS-MVTec/cable/image/poke_insulation/003.png,Is there any defect in the object?,B,B
DS-MVTec/cable/image/poke_insulation/003.png,There is a defect in the object. What is the type of the defect?,A,C
DS-MVTec/cable/image/poke_insulation/003.png,There is a defect in the object. Where is the defect?,D,D
DS-MVTec/cable/image/poke_insulation/003.png,There is a defect in the object. What is the appearance of the defect?,B,B
DS-MVTec/cable/image/poke_insulation/003.png,There is a defect in the object. What is the effect of the defect?,C,C
DS-MVTec/cable/image/poke_insulation/004.png,Is there any defect in the object?,B,A
DS-MVTec/cable/image/poke_insulation/004.png,There is a defect in the object. What is the type of the defect?,A,A
DS-MVTec/cable/image/poke_insulation/004.png,There is a defect in the object. Where is the defect?,C,C
DS-MVTec/cable/image/poke_insulation/004.png,There is a defect in the object. What is the appearance of the defect?,D,D
DS-MVTec/cable/image/poke_insulation/004.png,There is a defect in the object. Is there an additional anomaly present in the cable?,A,C
DS-MVTec/cable/image/poke_insulation/005.png,Is there any defect in the object?,B,B
DS-MVTec/cable/image/poke_insulation/005.png,There are some defects in the object. How many different defects are observed in the object?,B,B
DS-MVTec/cable/image/poke_insulation/005.png,There is a defect in the object. Where is the defect on the blue conductor located?,A,B
DS-MVTec/cable/image/poke_insulation/005.png,There is a defect in the object. What is the appearance of the defect on the green and yellow conductor?,A,A
DS-MVTec/cable/image/poke_insulation/005.png,There are some defects in the object. What is the potential impact of the defects on the cable's functionality?,C,C
DS-MVTec/cable/image/poke_insulation/006.png,Is there any defect in the object?,B,B
DS-MVTec/cable/image/poke_insulation/006.png,There is a defect in the object. What is the type of the defect?,A,A
DS-MVTec/cable/image/poke_insulation/006.png,There is a defect in the object. Where is the defect?,C,C
DS-MVTec/cable/image/poke_insulation/006.png,There is a defect in the object. What is the appearance of the defect?,A,A
DS-MVTec/cable/image/poke_insulation/006.png,There is a defect in the object. What is the potential effect of the defect?,A,A
DS-MVTec/cable/image/poke_insulation/007.png,Is there any defect in the object?,B,A
DS-MVTec/cable/image/poke_insulation/007.png,There is a defect in the object. What is the type of the defect?,B,B
DS-MVTec/cable/image/poke_insulation/007.png,There is a defect in the object. Where is the defect?,C,C
DS-MVTec/cable/image/poke_insulation/007.png,There is a defect in the object. What is the appearance of the defect?,C,C
DS-MVTec/cable/image/poke_insulation/007.png,There is a defect in the object. What could be the effect of the defect?,C,C
DS-MVTec/cable/image/poke_insulation/008.png,Is there any defect in the object?,A,B
DS-MVTec/cable/image/poke_insulation/008.png,There is a defect in the object. What is the type of the defect?,B,B
DS-MVTec/cable/image/poke_insulation/008.png,There is a defect in the object. Where is the defect?,C,B
DS-MVTec/cable/image/poke_insulation/008.png,There is a defect in the object. What is the appearance of the defect?,C,C
DS-MVTec/cable/image/poke_insulation/008.png,There are some defects in the object. What could be the effect of these defects?,D,D
DS-MVTec/cable/image/poke_insulation/009.png,Is there any defect in the object?,B,A
DS-MVTec/cable/image/poke_insulation/009.png,There is a defect in the object. What is the type of the first defect?,B,B
DS-MVTec/cable/image/poke_insulation/009.png,There is a defect in the object. Where is the missing wire defect located?,D,B
DS-MVTec/cable/image/poke_insulation/009.png,There is a defect in the object. What is the appearance of the second defect?,A,A
DS-MVTec/cable/image/poke_insulation/009.png,There are some defects in the object. What impact might the defects have?,B,B
DS-MVTec/capsule/image/crack/000.png,Is there any defect in the object?,B,B
DS-MVTec/capsule/image/crack/000.png,There is a defect in the object. What is the type of the defect?,A,A
DS-MVTec/capsule/image/crack/000.png,There is a defect in the object. Where is the defect?,C,C
DS-MVTec/capsule/image/crack/000.png,There is a defect in the object. What is the effect of the defect?,D,D
DS-MVTec/capsule/image/crack/001.png,Is there any defect in the object?,B,B
DS-MVTec/capsule/image/crack/001.png,There is a defect in the object. What is the type of the defect?,A,A
DS-MVTec/capsule/image/crack/001.png,There is a defect in the object. Where is the defect?,B,B
DS-MVTec/capsule/image/crack/001.png,There is a defect in the object. What is the appearance of the defect?,D,A
DS-MVTec/capsule/image/crack/001.png,There is a defect in the object. What additional information can be observed about the defect?,A,A
DS-MVTec/capsule/image/crack/002.png,Is there any defect in the object?,A,A
DS-MVTec/capsule/image/crack/002.png,There is a defect in the object. What is the type of the defect?,A,C
DS-MVTec/capsule/image/crack/002.png,There is a defect in the object. Where is the defect?,D,D
DS-MVTec/capsule/image/crack/002.png,There is a defect in the object. What is the appearance of the defect?,B,B
DS-MVTec/capsule/image/crack/002.png,There is a defect in the object. Where on the black half is the defect more pronounced?,B,B
DS-MVTec/capsule/image/crack/003.png,Is there any defect in the object?,A,A
DS-MVTec/capsule/image/crack/003.png,There is a defect in the object. What is the type of the defect?,C,C
DS-MVTec/capsule/image/crack/003.png,There is a defect in the object. Where is the defect?,D,D
DS-MVTec/capsule/image/crack/003.png,There is a defect in the object. What is the appearance of the defect?,C,B
DS-MVTec/capsule/image/crack/003.png,There is a defect in the object. What is the effect of the defect on the capsule?,B,B
DS-MVTec/capsule/image/crack/004.png,Is there any defect in the object?,A,A
DS-MVTec/capsule/image/crack/004.png,There is a defect in the object. What is the type of the defect?,B,B
DS-MVTec/capsule/image/crack/004.png,There is a defect in the object. Where is the defect?,C,C
DS-MVTec/capsule/image/crack/004.png,There is a defect in the object. What is the appearance of the defect?,C,C
DS-MVTec/capsule/image/crack/004.png,There is a defect in the object. What is the effect of the defect on the object?,B,B
DS-MVTec/capsule/image/crack/005.png,Is there any defect in the object?,A,A
DS-MVTec/capsule/image/crack/005.png,There is a defect in the object. What is the type of the defect?,B,B
DS-MVTec/capsule/image/crack/005.png,There is a defect in the object. Where is the defect?,A,C
DS-MVTec/capsule/image/crack/005.png,There is a defect in the object. What is the appearance of the defect?,B,D
DS-MVTec/capsule/image/crack/005.png,There is a defect in the object. What part of the capsule does the defect affect?,D,D
DS-MVTec/capsule/image/crack/006.png,Is there any defect in the object?,A,A
DS-MVTec/capsule/image/crack/006.png,There is a defect in the object. What is the type of the defect?,D,D
DS-MVTec/capsule/image/crack/006.png,There is a defect in the object. Where is the defect?,A,A
DS-MVTec/capsule/image/crack/006.png,There is a defect in the object. What is the appearance of the defect?,C,C
DS-MVTec/capsule/image/crack/006.png,There is a defect in the object. What is the effect of the defect?,D,D
DS-MVTec/capsule/image/crack/007.png,Is there any defect in the object?,B,B
DS-MVTec/capsule/image/crack/007.png,There is a defect in the object. What is the type of the defect?,B,B
DS-MVTec/capsule/image/crack/007.png,There is a defect in the object. Where is the defect?,D,D
DS-MVTec/capsule/image/crack/007.png,There is a defect in the object. What is the appearance of the defect?,A,A
DS-MVTec/capsule/image/crack/007.png,There is a defect in the object. What is the potential effect of the defect?,C,C
DS-MVTec/capsule/image/crack/008.png,Is there any defect in the object?,A,A
DS-MVTec/capsule/image/crack/008.png,There is a defect in the object. What is the type of the defect?,D,D
DS-MVTec/capsule/image/crack/008.png,There is a defect in the object. Where is the defect?,D,D
DS-MVTec/capsule/image/crack/008.png,There is a defect in the object. What is the appearance of the defect?,B,B
DS-MVTec/capsule/image/crack/008.png,There is a defect in the object. Is there an additional defect on the capsule?,A,D
DS-MVTec/capsule/image/crack/009.png,Is there any defect in the object?,B,B
DS-MVTec/capsule/image/crack/009.png,There is a defect in the object. What is the type of the defect?,A,A
DS-MVTec/capsule/image/crack/009.png,There is a defect in the object. Where is the defect?,A,A
DS-MVTec/capsule/image/crack/009.png,There is a defect in the object. What is the appearance of the defect?,B,C
DS-MVTec/capsule/image/crack/009.png,There is a defect in the object. What is the potential effect of the defect?,D,D
DS-MVTec/capsule/image/crack/010.png,Is there any defect in the object?,A,A
DS-MVTec/capsule/image/crack/010.png,There is a defect in the object. What is the type of the defect?,A,A
DS-MVTec/capsule/image/crack/010.png,There is a defect in the object. Where is the defect?,C,C
DS-MVTec/capsule/image/crack/010.png,There is a defect in the object. What is the appearance of the defect?,A,A
DS-MVTec/capsule/image/crack/010.png,There is a defect in the object. What effect does the defect have on the capsule?,D,D
DS-MVTec/capsule/image/crack/011.png,Is there any defect in the object?,B,B
DS-MVTec/capsule/image/crack/011.png,There is a defect in the object. What is the type of the defect?,A,A
DS-MVTec/capsule/image/crack/011.png,There is a defect in the object. Where is the defect?,D,D
DS-MVTec/capsule/image/crack/011.png,There is a defect in the object. What is the appearance of the defect?,A,C
DS-MVTec/capsule/image/crack/011.png,There is a defect in the object. What is the potential effect of the defect?,C,C
DS-MVTec/capsule/image/crack/012.png,Is there any defect in the object?,B,B
DS-MVTec/capsule/image/crack/012.png,There is a defect in the object. What is the type of the defect?,D,D
DS-MVTec/capsule/image/crack/012.png,There is a defect in the object. Where is the defect?,A,A
DS-MVTec/capsule/image/crack/012.png,There is a defect in the object. What is the appearance of the defect?,A,C
DS-MVTec/capsule/image/crack/012.png,There is a defect in the object. What is the effect of the defect?,B,B
DS-MVTec/capsule/image/crack/013.png,Is there any defect in the object?,A,A
DS-MVTec/capsule/image/crack/013.png,There is a defect in the object. What is the type of the defect?,A,A
DS-MVTec/capsule/image/crack/013.png,There is a defect in the object. Where is the defect?,D,A
DS-MVTec/capsule/image/crack/013.png,There is a defect in the object. What is the appearance of the defect?,C,C
DS-MVTec/capsule/image/crack/013.png,There is a defect in the object. What is the effect of the defect on the capsule?,C,C
DS-MVTec/capsule/image/crack/014.png,Is there any defect in the object?,A,A
DS-MVTec/capsule/image/crack/014.png,There is a defect in the object. What is the type of the defect?,B,D
DS-MVTec/capsule/image/crack/014.png,There is a defect in the object. Where is the defect?,C,C
DS-MVTec/capsule/image/crack/014.png,There is a defect in the object. What is the appearance of the defect?,B,B
DS-MVTec/capsule/image/crack/014.png,There is a defect in the object. How does the defect extend on the lighter-colored half of the capsule?,B,B
DS-MVTec/capsule/image/crack/015.png,Is there any defect in the object?,A,A
DS-MVTec/capsule/image/crack/015.png,There is a defect in the object. What is the type of the defect?,C,C
DS-MVTec/capsule/image/crack/015.png,There is a defect in the object. Where is the defect?,C,C
DS-MVTec/capsule/image/crack/015.png,There is a defect in the object. What is the appearance of the defect?,C,C
DS-MVTec/capsule/image/crack/015.png,There is a defect in the object. What is a potential effect of the defect?,D,D
DS-MVTec/capsule/image/crack/016.png,Is there any defect in the object?,B,B
DS-MVTec/capsule/image/crack/016.png,There is a defect in the object. What is the type of the defect?,C,D
DS-MVTec/capsule/image/crack/016.png,There is a defect in the object. Where is the defect?,C,C
DS-MVTec/capsule/image/crack/016.png,There is a defect in the object. What is the appearance of the defect?,C,A
DS-MVTec/capsule/image/crack/016.png,There is a defect in the object. What additional information can be provided about the defect?,C,C
DS-MVTec/capsule/image/crack/017.png,Is there any defect in the object?,B,B
DS-MVTec/capsule/image/crack/017.png,There is a defect in the object. What is the type of the defect?,B,B
DS-MVTec/capsule/image/crack/017.png,There is a defect in the object. Where is the defect?,D,D
DS-MVTec/capsule/image/crack/017.png,There is a defect in the object. What is the appearance of the defect?,C,C
DS-MVTec/capsule/image/crack/017.png,There is a defect in the object. What is the effect of the defect?,C,C
DS-MVTec/capsule/image/crack/018.png,Is there any defect in the object?,B,B
DS-MVTec/capsule/image/crack/018.png,There is a defect in the object. What is the type of the defect?,C,C
DS-MVTec/capsule/image/crack/018.png,There is a defect in the object. Where is the defect?,D,D
DS-MVTec/capsule/image/crack/018.png,There is a defect in the object. What is the appearance of the defect?,C,C
DS-MVTec/capsule/image/crack/018.png,There is a defect in the object. What additional information can be provided about the defect?,B,B
DS-MVTec/capsule/image/crack/019.png,Is there any defect in the object?,A,A
DS-MVTec/capsule/image/crack/019.png,There is a defect in the object. What is the type of the defect?,C,C
DS-MVTec/capsule/image/crack/019.png,There is a defect in the object. Where is the defect?,D,D
DS-MVTec/capsule/image/crack/019.png,There is a defect in the object. What is the appearance of the defect?,D,D
DS-MVTec/capsule/image/crack/019.png,There is a defect in the object. What effect does the defect have on the capsule?,B,B
DS-MVTec/capsule/image/crack/020.png,Is there any defect in the object?,A,A
DS-MVTec/capsule/image/crack/020.png,There is a defect in the object. What is the type of the defect?,C,C
DS-MVTec/capsule/image/crack/020.png,There is a defect in the object. Where is the defect?,B,B
DS-MVTec/capsule/image/crack/020.png,There is a defect in the object. What is the appearance of the defect?,D,D
DS-MVTec/capsule/image/crack/020.png,There is a defect in the object. What is the effect of the defect?,A,A
DS-MVTec/capsule/image/crack/021.png,Is there any defect in the object?,A,A
DS-MVTec/capsule/image/crack/021.png,There is a defect in the object. What is the type of the defect?,D,D
DS-MVTec/capsule/image/crack/021.png,There is a defect in the object. Where is the defect?,A,A
DS-MVTec/capsule/image/crack/021.png,There is a defect in the object. What is the appearance of the defect?,C,C
DS-MVTec/capsule/image/crack/021.png,There is a defect in the object. What is the potential effect of the defect on the capsule?,C,C
DS-MVTec/capsule/image/crack/022.png,Is there any defect in the object?,A,A
DS-MVTec/capsule/image/crack/022.png,There is a defect in the object. What is the type of the defect?,A,A
DS-MVTec/capsule/image/crack/022.png,There is a defect in the object. Where is the defect?,D,C
DS-MVTec/capsule/image/crack/022.png,There is a defect in the object. What is the appearance of the defect?,D,D
DS-MVTec/capsule/image/crack/022.png,There is a defect in the object. How could the defect potentially affect the capsule?,A,A
DS-MVTec/capsule/image/faulty_imprint/000.png,Is there any defect in the object?,A,A
DS-MVTec/capsule/image/faulty_imprint/000.png,There are some defects in the object. What type of defects are present in the object?,A,A
DS-MVTec/capsule/image/faulty_imprint/000.png,There are some defects in the object. Where are the defects located?,A,D
DS-MVTec/capsule/image/faulty_imprint/000.png,There are some defects in the object. What is the appearance of the defects?,D,D
DS-MVTec/capsule/image/faulty_imprint/000.png,There are some defects in the object. What are the potential effects of these defects?,A,A
DS-MVTec/capsule/image/faulty_imprint/001.png,Is there any defect in the object?,B,A
DS-MVTec/capsule/image/faulty_imprint/001.png,There is a defect in the object. What is the type of the defect?,B,B
DS-MVTec/capsule/image/faulty_imprint/001.png,There is a defect in the object. Where is the defect?,D,D
DS-MVTec/capsule/image/faulty_imprint/001.png,There is a defect in the object. What is the appearance of the defect?,D,B
DS-MVTec/capsule/image/faulty_imprint/001.png,There is a defect in the object. What might the effect of this defect be?,C,C
DS-MVTec/capsule/image/faulty_imprint/002.png,Is there any defect in the object?,A,A
DS-MVTec/capsule/image/faulty_imprint/002.png,There is a defect in the object. What is the type of the defect?,C,C
DS-MVTec/capsule/image/faulty_imprint/002.png,There is a defect in the object. Where is the defect?,B,B
DS-MVTec/capsule/image/faulty_imprint/002.png,There is a defect in the object. What is the appearance of the defect?,D,D
DS-MVTec/capsule/image/faulty_imprint/002.png,"There is a defect in the object. Compared to a normal sample, how does the defective imprint affect the capsule?",C,C
DS-MVTec/capsule/image/faulty_imprint/003.png,Is there any defect in the object?,A,A
DS-MVTec/capsule/image/faulty_imprint/003.png,There is a defect in the object. What is the type of the defect?,D,D
DS-MVTec/capsule/image/faulty_imprint/003.png,There is a defect in the object. Where is the defect?,C,A
DS-MVTec/capsule/image/faulty_imprint/003.png,There is a defect in the object. What is the appearance of the defect?,C,C
DS-MVTec/capsule/image/faulty_imprint/003.png,There is a defect in the object. What is the effect of the defect?,C,C
DS-MVTec/capsule/image/faulty_imprint/004.png,Is there any defect in the object?,B,A
DS-MVTec/capsule/image/faulty_imprint/004.png,There is a defect in the object. What is the type of the defect?,A,A
DS-MVTec/capsule/image/faulty_imprint/004.png,There is a defect in the object. Where is the defect?,D,A
DS-MVTec/capsule/image/faulty_imprint/004.png,There is a defect in the object. What is the appearance of the defect?,A,A
DS-MVTec/capsule/image/faulty_imprint/004.png,There is a defect in the object. What is the effect of the defect?,A,A
DS-MVTec/capsule/image/faulty_imprint/005.png,Is there any defect in the object?,B,B
DS-MVTec/capsule/image/faulty_imprint/005.png,There is a defect in the object. What is the type of the defect?,C,C
DS-MVTec/capsule/image/faulty_imprint/005.png,There is a defect in the object. Where is the defect?,D,B
DS-MVTec/capsule/image/faulty_imprint/005.png,There is a defect in the object. What is the appearance of the defect?,C,D
DS-MVTec/capsule/image/faulty_imprint/005.png,There is a defect in the object. Is there an additional defect on the capsule?,B,C
DS-MVTec/capsule/image/faulty_imprint/006.png,Is there any defect in the object?,B,A
DS-MVTec/capsule/image/faulty_imprint/006.png,There is a defect in the object. What is the type of the defect?,C,C
DS-MVTec/capsule/image/faulty_imprint/006.png,There is a defect in the object. Where is the defect?,A,A
DS-MVTec/capsule/image/faulty_imprint/006.png,There is a defect in the object. What is the appearance of the defect?,B,B
DS-MVTec/capsule/image/faulty_imprint/006.png,There is a defect in the object. Is there a secondary defect present on the capsule?,C,B
DS-MVTec/capsule/image/faulty_imprint/007.png,Is there any defect in the object?,B,B
DS-MVTec/capsule/image/faulty_imprint/007.png,There is a defect in the object. What is the type of the defect?,C,C
DS-MVTec/capsule/image/faulty_imprint/007.png,There is a defect in the object. Where is the defect?,A,A
DS-MVTec/capsule/image/faulty_imprint/007.png,There is a defect in the object. What is the appearance of the defect?,C,C
DS-MVTec/capsule/image/faulty_imprint/007.png,There is a defect in the object. What numerical value is not clearly visible on the defective capsule's imprint?,C,C
DS-MVTec/capsule/image/faulty_imprint/008.png,Is there any defect in the object?,A,A
DS-MVTec/capsule/image/faulty_imprint/008.png,There is a defect in the object. What is the type of the defect?,C,C
DS-MVTec/capsule/image/faulty_imprint/008.png,There is a defect in the object. Where is the defect?,B,A
DS-MVTec/capsule/image/faulty_imprint/008.png,There is a defect in the object. What is the appearance of the defect?,C,C
DS-MVTec/capsule/image/faulty_imprint/008.png,There is a defect in the object. What is the effect of the defect?,D,D
DS-MVTec/capsule/image/faulty_imprint/009.png,Is there any defect in the object?,B,B
DS-MVTec/capsule/image/faulty_imprint/009.png,There is a defect in the object. What is the type of the primary defect?,C,C
DS-MVTec/capsule/image/faulty_imprint/009.png,There is a defect in the object. Where is the primary defect located?,C,C
DS-MVTec/capsule/image/faulty_imprint/009.png,There is a defect in the object. What is the appearance of the primary defect?,A,A
DS-MVTec/capsule/image/faulty_imprint/009.png,There is a defect in the object. What additional defect is present on the capsule?,B,A
DS-MVTec/capsule/image/faulty_imprint/010.png,Is there any defect in the object?,A,A
DS-MVTec/capsule/image/faulty_imprint/010.png,There is a defect in the object. What is the type of the defect?,A,A
DS-MVTec/capsule/image/faulty_imprint/010.png,There is a defect in the object. Where is the defect?,D,D
DS-MVTec/capsule/image/faulty_imprint/010.png,There is a defect in the object. What is the appearance of the defect?,B,C
DS-MVTec/capsule/image/faulty_imprint/010.png,There is a defect in the object. What might be the effect of the defect?,B,B
DS-MVTec/capsule/image/faulty_imprint/011.png,Is there any defect in the object?,A,A
DS-MVTec/capsule/image/faulty_imprint/011.png,There is a defect in the object. What is the type of the defect?,D,D
DS-MVTec/capsule/image/faulty_imprint/011.png,There is a defect in the object. Where is the defect?,C,D
DS-MVTec/capsule/image/faulty_imprint/011.png,There is a defect in the object. What is the appearance of the defect?,B,B
DS-MVTec/capsule/image/faulty_imprint/011.png,There is a defect in the object. What effect does the defect potentially have on the capsule?,D,D
DS-MVTec/capsule/image/faulty_imprint/012.png,Is there any defect in the object?,A,A
DS-MVTec/capsule/image/faulty_imprint/012.png,There is a defect in the object. What is the type of the defect?,C,C
DS-MVTec/capsule/image/faulty_imprint/012.png,There is a defect in the object. Where is the defect?,C,C
DS-MVTec/capsule/image/faulty_imprint/012.png,There is a defect in the object. What is the appearance of the defect?,B,B
DS-MVTec/capsule/image/faulty_imprint/012.png,There is a defect in the object. Is there any additional anomaly besides the imprint defect?,D,D
DS-MVTec/capsule/image/faulty_imprint/013.png,Is there any defect in the object?,B,B
DS-MVTec/capsule/image/faulty_imprint/013.png,There is a defect in the object. What is the type of the defect?,D,D
DS-MVTec/capsule/image/faulty_imprint/013.png,There is a defect in the object. Where is the defect?,D,D
DS-MVTec/capsule/image/faulty_imprint/013.png,There is a defect in the object. What is the appearance of the defect?,B,C
DS-MVTec/capsule/image/faulty_imprint/013.png,There is a defect in the object. What is the effect of the defect?,C,C
DS-MVTec/capsule/image/faulty_imprint/014.png,Is there any defect in the object?,A,A
DS-MVTec/capsule/image/faulty_imprint/014.png,There is a defect in the object. What is the type of the defect?,D,D
DS-MVTec/capsule/image/faulty_imprint/014.png,There is a defect in the object. Where is the defect?,D,D
DS-MVTec/capsule/image/faulty_imprint/014.png,There is a defect in the object. What is the appearance of the defect?,C,C
DS-MVTec/capsule/image/faulty_imprint/014.png,There is a defect in the object. What does the defective imprint look like?,D,D
DS-MVTec/capsule/image/faulty_imprint/015.png,Is there any defect in the object?,A,A
DS-MVTec/capsule/image/faulty_imprint/015.png,There is a defect in the object. What is the type of the defect?,A,A
DS-MVTec/capsule/image/faulty_imprint/015.png,There is a defect in the object. Where is the defect?,B,B
DS-MVTec/capsule/image/faulty_imprint/015.png,There is a defect in the object. What is the appearance of the defect?,D,D
DS-MVTec/capsule/image/faulty_imprint/015.png,There is a defect in the object. What does the defect affect?,C,C
DS-MVTec/capsule/image/faulty_imprint/016.png,Is there any defect in the object?,B,B
DS-MVTec/capsule/image/faulty_imprint/016.png,There is a defect in the object. What is the type of the defect?,A,A
DS-MVTec/capsule/image/faulty_imprint/016.png,There is a defect in the object. Where is the defect?,A,A
DS-MVTec/capsule/image/faulty_imprint/016.png,There is a defect in the object. What is the appearance of the defect?,B,B
DS-MVTec/capsule/image/faulty_imprint/016.png,There is a defect in the object. How does the defect affect the capsule?,D,D
DS-MVTec/capsule/image/faulty_imprint/017.png,Is there any defect in the object?,B,B
DS-MVTec/capsule/image/faulty_imprint/017.png,There is a defect in the object. What is the type of the defect?,C,C
DS-MVTec/capsule/image/faulty_imprint/017.png,There is a defect in the object. Where is the defect?,C,C
DS-MVTec/capsule/image/faulty_imprint/017.png,There is a defect in the object. What is the appearance of the defect?,C,C
DS-MVTec/capsule/image/faulty_imprint/017.png,There is a defect in the object. How does the defect manifest on the imprint?,A,A
DS-MVTec/capsule/image/faulty_imprint/018.png,Is there any defect in the object?,A,A
DS-MVTec/capsule/image/faulty_imprint/018.png,There is a defect in the object. What is the type of the defect?,B,B
DS-MVTec/capsule/image/faulty_imprint/018.png,There is a defect in the object. Where is the defect?,B,B
DS-MVTec/capsule/image/faulty_imprint/018.png,There is a defect in the object. What is the appearance of the defect?,B,B
DS-MVTec/capsule/image/faulty_imprint/018.png,There is a defect in the object. What is the effect of the defect?,C,C
DS-MVTec/capsule/image/faulty_imprint/019.png,Is there any defect in the object?,A,A
DS-MVTec/capsule/image/faulty_imprint/019.png,There is a defect in the object. What is the type of the defect?,A,A
DS-MVTec/capsule/image/faulty_imprint/019.png,There is a defect in the object. Where is the defect?,A,A
DS-MVTec/capsule/image/faulty_imprint/019.png,There is a defect in the object. What is the appearance of the defect?,A,A
DS-MVTec/capsule/image/faulty_imprint/019.png,There is a defect in the object. What effect does the defect have?,B,B
DS-MVTec/capsule/image/faulty_imprint/020.png,Is there any defect in the object?,B,B
DS-MVTec/capsule/image/faulty_imprint/020.png,There is a defect in the object. What is the type of the defect?,A,A
DS-MVTec/capsule/image/faulty_imprint/020.png,There is a defect in the object. Where is the defect?,A,A
DS-MVTec/capsule/image/faulty_imprint/020.png,There is a defect in the object. What is the appearance of the defect?,C,C
DS-MVTec/capsule/image/faulty_imprint/020.png,There is a defect in the object. What is the likely effect of the defect?,D,D
DS-MVTec/capsule/image/faulty_imprint/021.png,Is there any defect in the object?,A,A
DS-MVTec/capsule/image/faulty_imprint/021.png,There is a defect in the object. What is the type of the defect?,A,A
DS-MVTec/capsule/image/faulty_imprint/021.png,There is a defect in the object. Where is the defect?,A,A
DS-MVTec/capsule/image/faulty_imprint/021.png,There is a defect in the object. What is the appearance of the defect?,B,B
DS-MVTec/capsule/image/faulty_imprint/021.png,There is a defect in the object. What could be the effect of this defect?,A,A
DS-MVTec/capsule/image/good/000.png,Is there any defect in the object?,B,B
DS-MVTec/capsule/image/good/001.png,Is there any defect in the object?,B,B
DS-MVTec/capsule/image/good/002.png,Is there any defect in the object?,B,B
DS-MVTec/capsule/image/good/003.png,Is there any defect in the object?,A,A
DS-MVTec/capsule/image/good/004.png,Is there any defect in the object?,B,B
DS-MVTec/capsule/image/good/005.png,Is there any defect in the object?,A,A
DS-MVTec/capsule/image/good/006.png,Is there any defect in the object?,B,B
DS-MVTec/capsule/image/good/007.png,Is there any defect in the object?,A,A
DS-MVTec/capsule/image/good/008.png,Is there any defect in the object?,A,A
DS-MVTec/capsule/image/good/009.png,Is there any defect in the object?,B,B
DS-MVTec/capsule/image/good/010.png,Is there any defect in the object?,B,B
DS-MVTec/capsule/image/good/011.png,Is there any defect in the object?,A,A
DS-MVTec/capsule/image/good/012.png,Is there any defect in the object?,A,A
DS-MVTec/capsule/image/good/013.png,Is there any defect in the object?,B,B
DS-MVTec/capsule/image/good/014.png,Is there any defect in the object?,B,B
DS-MVTec/capsule/image/good/015.png,Is there any defect in the object?,B,B
DS-MVTec/capsule/image/good/016.png,Is there any defect in the object?,A,A
DS-MVTec/capsule/image/good/017.png,Is there any defect in the object?,A,A
DS-MVTec/capsule/image/good/018.png,Is there any defect in the object?,A,A
DS-MVTec/capsule/image/good/019.png,Is there any defect in the object?,B,B
DS-MVTec/capsule/image/good/020.png,Is there any defect in the object?,A,A
DS-MVTec/capsule/image/good/021.png,Is there any defect in the object?,B,B
DS-MVTec/capsule/image/good/022.png,Is there any defect in the object?,A,A
DS-MVTec/capsule/image/poke/000.png,Is there any defect in the object?,A,A
DS-MVTec/capsule/image/poke/000.png,There is a defect in the object. What is the type of the defect?,C,C
DS-MVTec/capsule/image/poke/000.png,There is a defect in the object. Where is the defect?,A,A
DS-MVTec/capsule/image/poke/000.png,There is a defect in the object. What is the appearance of the defect?,A,A
DS-MVTec/capsule/image/poke/000.png,There is a defect in the object. What does the appearance of the defect indicate?,A,A
DS-MVTec/capsule/image/poke/001.png,Is there any defect in the object?,B,B
DS-MVTec/capsule/image/poke/001.png,There is a defect in the object. What is the type of the defect?,A,D
DS-MVTec/capsule/image/poke/001.png,There is a defect in the object. Where is the defect?,A,A
DS-MVTec/capsule/image/poke/001.png,There is a defect in the object. What is the appearance of the defect?,A,A
DS-MVTec/capsule/image/poke/001.png,There is a defect in the object. What can be inferred about the surface around the indentation?,A,A
DS-MVTec/capsule/image/poke/002.png,Is there any defect in the object?,B,A
DS-MVTec/capsule/image/poke/002.png,There is a defect in the object. What is the type of the defect?,B,C
DS-MVTec/capsule/image/poke/002.png,There is a defect in the object. Where is the defect?,D,D
DS-MVTec/capsule/image/poke/002.png,There is a defect in the object. What is the appearance of the defect?,D,D
DS-MVTec/capsule/image/poke/002.png,There is a defect in the object. What is the effect of the defect on the capsule?,D,D
DS-MVTec/capsule/image/poke/003.png,Is there any defect in the object?,A,A
DS-MVTec/capsule/image/poke/003.png,There is a defect in the object. What is the type of the defect?,D,A
DS-MVTec/capsule/image/poke/003.png,There is a defect in the object. Where is the defect?,D,D
DS-MVTec/capsule/image/poke/003.png,There is a defect in the object. What is the appearance of the defect?,B,D
DS-MVTec/capsule/image/poke/003.png,"There is a defect in the object. How is the defect positioned in relation to the printed ""500"" on the capsule?",B,C
DS-MVTec/capsule/image/poke/004.png,Is there any defect in the object?,A,A
DS-MVTec/capsule/image/poke/004.png,There is a defect in the object. What is the type of the defect?,B,C
DS-MVTec/capsule/image/poke/004.png,There is a defect in the object. Where is the defect?,B,B
DS-MVTec/capsule/image/poke/004.png,There is a defect in the object. What is the appearance of the defect?,D,D
DS-MVTec/capsule/image/poke/004.png,There is a defect in the object. What is the likely cause of the defect?,D,A
DS-MVTec/capsule/image/poke/005.png,Is there any defect in the object?,A,A
DS-MVTec/capsule/image/poke/005.png,There is a defect in the object. What is the type of the defect?,D,A
DS-MVTec/capsule/image/poke/005.png,There is a defect in the object. Where is the defect?,A,A
DS-MVTec/capsule/image/poke/005.png,There is a defect in the object. What is the appearance of the defect?,A,A
DS-MVTec/capsule/image/poke/005.png,There is a defect in the object. Is there an additional defect on the capsule's light lower half?,C,C
DS-MVTec/capsule/image/poke/006.png,Is there any defect in the object?,B,B
DS-MVTec/capsule/image/poke/006.png,There is a defect in the object. What is the type of the defect?,B,D
DS-MVTec/capsule/image/poke/006.png,There is a defect in the object. Where is the defect?,C,C
DS-MVTec/capsule/image/poke/006.png,There is a defect in the object. What is the appearance of the defect?,B,B
DS-MVTec/capsule/image/poke/006.png,There is a defect in the object. What is the potential effect of the defect?,B,B
DS-MVTec/capsule/image/poke/007.png,Is there any defect in the object?,B,B
DS-MVTec/capsule/image/poke/007.png,There is a defect in the object. What is the type of the defect?,A,C
DS-MVTec/capsule/image/poke/007.png,There is a defect in the object. Where is the defect?,A,A
DS-MVTec/capsule/image/poke/007.png,There is a defect in the object. What is the appearance of the defect?,D,D
DS-MVTec/capsule/image/poke/007.png,There is a defect in the object. What is the effect of the defect?,D,D
DS-MVTec/capsule/image/poke/008.png,Is there any defect in the capsule?,A,A
DS-MVTec/capsule/image/poke/008.png,There is a defect in the object. What is the type of the defect?,C,C
DS-MVTec/capsule/image/poke/008.png,There is a defect in the object. Where is the defect located on the capsule?,A,A
DS-MVTec/capsule/image/poke/008.png,There is a defect in the object. What is the appearance of the defect?,B,B
DS-MVTec/capsule/image/poke/008.png,There is a defect in the object. On which half of the capsule does the defect appear?,A,B
DS-MVTec/capsule/image/poke/009.png,Is there any defect in the object?,B,B
DS-MVTec/capsule/image/poke/009.png,There is a defect in the object. What is the type of the defect?,D,D
DS-MVTec/capsule/image/poke/009.png,There is a defect in the object. Where is the defect?,A,A
DS-MVTec/capsule/image/poke/009.png,There is a defect in the object. What is the appearance of the defect?,B,B
DS-MVTec/capsule/image/poke/009.png,"There is a defect in the object. Considering the defect's appearance, what impact could the puncture on the capsule have?",D,D
DS-MVTec/capsule/image/poke/010.png,Is there any defect in the object?,B,B
DS-MVTec/capsule/image/poke/010.png,There is a defect in the object. What is the type of the defect?,B,D
DS-MVTec/capsule/image/poke/010.png,There is a defect in the object. Where is the defect?,D,D
DS-MVTec/capsule/image/poke/010.png,There is a defect in the object. What is the appearance of the defect?,A,A
DS-MVTec/capsule/image/poke/010.png,There is a defect in the object. What is the effect of the defect?,D,A
DS-MVTec/capsule/image/poke/011.png,Is there any defect in the object?,A,A
DS-MVTec/capsule/image/poke/011.png,There is a defect in the object. What is the type of the defect?,D,D
DS-MVTec/capsule/image/poke/011.png,There is a defect in the object. Where is the defect?,B,B
DS-MVTec/capsule/image/poke/011.png,There is a defect in the object. What is the appearance of the defect?,A,A
DS-MVTec/capsule/image/poke/011.png,There is a defect in the object. What can be said about the area surrounding the defect?,B,A
DS-MVTec/capsule/image/poke/012.png,Is there any defect in the object?,A,A
DS-MVTec/capsule/image/poke/012.png,There is a defect in the object. What is the type of the defect?,A,B
DS-MVTec/capsule/image/poke/012.png,There is a defect in the object. Where is the defect?,A,A
DS-MVTec/capsule/image/poke/012.png,There is a defect in the object. What is the appearance of the defect?,C,C
DS-MVTec/capsule/image/poke/012.png,There is a defect in the object. What is the effect of the defect on the capsule's appearance?,C,C
DS-MVTec/capsule/image/poke/013.png,Is there any defect in the object?,A,A
DS-MVTec/capsule/image/poke/013.png,There is a defect in the object. What is the type of the defect?,C,C
DS-MVTec/capsule/image/poke/013.png,There is a defect in the object. Where is the defect?,C,C
DS-MVTec/capsule/image/poke/013.png,There is a defect in the object. What is the appearance of the defect?,B,D
DS-MVTec/capsule/image/poke/013.png,There is a defect in the object. What is the potential effect of the defect?,B,B
DS-MVTec/capsule/image/poke/014.png,Is there any defect in the object?,A,A
DS-MVTec/capsule/image/poke/014.png,There is a defect in the object. What is the type of the defect?,C,B
DS-MVTec/capsule/image/poke/014.png,There is a defect in the object. Where is the defect?,A,A
DS-MVTec/capsule/image/poke/014.png,There is a defect in the object. What is the appearance of the defect?,D,D
DS-MVTec/capsule/image/poke/014.png,There is a defect in the object. How does the defect affect the capsule's appearance?,C,C
DS-MVTec/capsule/image/poke/015.png,Is there any defect in the object?,B,B
DS-MVTec/capsule/image/poke/015.png,There is a defect in the object. What is the type of the defect?,C,D
DS-MVTec/capsule/image/poke/015.png,There is a defect in the object. What is the appearance of the defect?,C,B
DS-MVTec/capsule/image/poke/015.png,There is a defect in the object. What is the potential effect of the defect on the capsule?,D,D
DS-MVTec/capsule/image/poke/016.png,Is there any defect in the object?,A,A
DS-MVTec/capsule/image/poke/016.png,There is a defect in the object. What is the type of the defect?,B,B
DS-MVTec/capsule/image/poke/016.png,There is a defect in the object. Where is the defect?,D,A
DS-MVTec/capsule/image/poke/016.png,There is a defect in the object. What is the appearance of the defect?,B,B
DS-MVTec/capsule/image/poke/016.png,There is a defect in the object. What effect does the defect have on the capsule?,A,A
DS-MVTec/capsule/image/poke/017.png,Is there any defect in the object?,B,B
DS-MVTec/capsule/image/poke/017.png,There is a defect in the object. What is the type of the defect?,A,B
DS-MVTec/capsule/image/poke/017.png,There is a defect in the object. Where is the defect?,A,A
DS-MVTec/capsule/image/poke/017.png,There is a defect in the object. What is the appearance of the defect?,C,C
DS-MVTec/capsule/image/poke/017.png,There is a defect in the object. What is the effect of the defect?,D,D
DS-MVTec/capsule/image/poke/018.png,Is there any defect in the object?,A,A
DS-MVTec/capsule/image/poke/018.png,There is a defect in the object. What is the type of the defect?,A,B
DS-MVTec/capsule/image/poke/018.png,There is a defect in the object. Where is the defect?,A,A
DS-MVTec/capsule/image/poke/018.png,There is a defect in the object. What is the appearance of the defect?,B,B
DS-MVTec/capsule/image/poke/018.png,There is a defect in the object. How does the defect affect the capsule?,D,D
DS-MVTec/capsule/image/poke/019.png,Is there any defect in the object?,B,B
DS-MVTec/capsule/image/poke/019.png,There is a defect in the object. What is the type of the defect?,B,A
DS-MVTec/capsule/image/poke/019.png,There is a defect in the object. Where is the defect?,A,A
DS-MVTec/capsule/image/poke/019.png,There is a defect in the object. What is the appearance of the defect?,D,D
DS-MVTec/capsule/image/poke/019.png,There is a defect in the object. How does the defect affect the capsule?,D,D
DS-MVTec/capsule/image/poke/020.png,Is there any defect in the object?,A,A
DS-MVTec/capsule/image/poke/020.png,There is a defect in the object. What is the type of the defect?,C,C
DS-MVTec/capsule/image/poke/020.png,There is a defect in the object. Where is the defect?,C,C
DS-MVTec/capsule/image/poke/020.png,There is a defect in the object. What is the appearance of the defect?,B,A
DS-MVTec/capsule/image/poke/020.png,There is a defect in the object. What is the effect of the defect on the capsule's appearance?,A,A
DS-MVTec/capsule/image/scratch/000.png,Is there any defect in the object?,B,B
DS-MVTec/capsule/image/scratch/000.png,There is a defect in the object. What is the type of the defect?,A,A
DS-MVTec/capsule/image/scratch/000.png,There is a defect in the object. Where is the defect?,D,B
DS-MVTec/capsule/image/scratch/000.png,There is a defect in the object. What is the appearance of the defect?,B,B
DS-MVTec/capsule/image/scratch/000.png,There is a defect in the object. How does the defect affect the capsule?,C,C
DS-MVTec/capsule/image/scratch/001.png,Is there any defect in the object?,B,B
DS-MVTec/capsule/image/scratch/001.png,There is a defect in the object. What is the type of the defect?,B,B
DS-MVTec/capsule/image/scratch/001.png,There is a defect in the object. Where is the defect?,D,D
DS-MVTec/capsule/image/scratch/001.png,There is a defect in the object. What is the appearance of the defect?,B,B
DS-MVTec/capsule/image/scratch/001.png,There is a defect in the object. How does the defect affect the capsule?,D,D
DS-MVTec/capsule/image/scratch/002.png,Is there any defect in the object?,A,A
DS-MVTec/capsule/image/scratch/002.png,There is a defect in the object. What is the type of the defect?,B,B
DS-MVTec/capsule/image/scratch/002.png,There is a defect in the object. Where is the defect?,A,A
DS-MVTec/capsule/image/scratch/002.png,There is a defect in the object. What is the appearance of the defect?,B,B
DS-MVTec/capsule/image/scratch/002.png,There is a defect in the object. What is the effect of the defect?,D,D
DS-MVTec/capsule/image/scratch/003.png,Is there any defect in the object?,A,B
DS-MVTec/capsule/image/scratch/003.png,There is a defect in the object. What is the type of the defect?,C,C
DS-MVTec/capsule/image/scratch/003.png,There is a defect in the object. Where is the defect?,C,C
DS-MVTec/capsule/image/scratch/003.png,There is a defect in the object. What is the appearance of the defect?,D,D
DS-MVTec/capsule/image/scratch/003.png,There is a defect in the object. How do the scratches affect the capsule?,B,B
DS-MVTec/capsule/image/scratch/004.png,Is there any defect in the object?,A,A
DS-MVTec/capsule/image/scratch/004.png,There is a defect in the object. What is the type of the defect?,D,D
DS-MVTec/capsule/image/scratch/004.png,There is a defect in the object. Where is the defect?,C,C
DS-MVTec/capsule/image/scratch/004.png,There is a defect in the object. What is the appearance of the defect?,C,C
DS-MVTec/capsule/image/scratch/004.png,There is a defect in the object. What color do the scratches appear to be against the capsule background?,D,D
DS-MVTec/capsule/image/scratch/005.png,Is there any defect in the object?,B,B
DS-MVTec/capsule/image/scratch/005.png,There is a defect in the object. What is the type of the defect?,A,A
DS-MVTec/capsule/image/scratch/005.png,There is a defect in the object. Where is the defect?,C,C
DS-MVTec/capsule/image/scratch/005.png,There is a defect in the object. What is the appearance of the defect?,A,A
DS-MVTec/capsule/image/scratch/005.png,There is a defect in the object. What does the defect indicate?,D,D
DS-MVTec/capsule/image/scratch/006.png,Is there any defect in the object?,B,B
DS-MVTec/capsule/image/scratch/006.png,There is a defect in the object. What is the type of the defect?,B,B
DS-MVTec/capsule/image/scratch/006.png,There is a defect in the object. Where is the defect?,D,D
DS-MVTec/capsule/image/scratch/006.png,There is a defect in the object. What is the appearance of the defect?,A,A
DS-MVTec/capsule/image/scratch/006.png,There is a defect in the object. What does the defect suggest?,C,C
DS-MVTec/capsule/image/scratch/007.png,Is there any defect in the object?,B,B
DS-MVTec/capsule/image/scratch/007.png,There is a defect in the object. What is the type of the defect?,D,D
DS-MVTec/capsule/image/scratch/007.png,There is a defect in the object. Where is the defect?,C,C
DS-MVTec/capsule/image/scratch/007.png,There is a defect in the object. What is the appearance of the defect?,A,A
DS-MVTec/capsule/image/scratch/007.png,There is a defect in the object. What is the effect of the defect?,C,C
DS-MVTec/capsule/image/scratch/008.png,Is there any defect in the object?,A,A
DS-MVTec/capsule/image/scratch/008.png,There is a defect in the object. What is the type of the defect?,B,B
DS-MVTec/capsule/image/scratch/008.png,There is a defect in the object. Where is the defect?,D,D
DS-MVTec/capsule/image/scratch/008.png,There is a defect in the object. What is the appearance of the defect?,B,B
DS-MVTec/capsule/image/scratch/008.png,There is a defect in the object. What is the effect of the defect?,B,B
DS-MVTec/capsule/image/scratch/009.png,Is there any defect in the object?,A,A
DS-MVTec/capsule/image/scratch/009.png,There is a defect in the object. What is the type of the defect?,A,A
DS-MVTec/capsule/image/scratch/009.png,There is a defect in the object. Where is the defect?,B,B
DS-MVTec/capsule/image/scratch/009.png,There is a defect in the object. What is the appearance of the defect?,B,B
DS-MVTec/capsule/image/scratch/009.png,There is a defect in the object. How do the scratches affect the capsule?,C,C
DS-MVTec/capsule/image/scratch/010.png,Is there any defect in the object?,A,A
DS-MVTec/capsule/image/scratch/010.png,There is a defect in the object. What is the type of the defect?,A,A
DS-MVTec/capsule/image/scratch/010.png,There is a defect in the object. Where is the defect?,C,A
DS-MVTec/capsule/image/scratch/010.png,There is a defect in the object. What is the appearance of the defect?,B,B
DS-MVTec/capsule/image/scratch/010.png,There is a defect in the object. On which part of the capsule are the scratches located?,C,C
DS-MVTec/capsule/image/scratch/011.png,Is there any defect in the object?,B,B
DS-MVTec/capsule/image/scratch/011.png,There is a defect in the object. What is the type of the defect?,C,C
DS-MVTec/capsule/image/scratch/011.png,There is a defect in the object. Where is the defect?,B,C
DS-MVTec/capsule/image/scratch/011.png,There is a defect in the object. What is the appearance of the defect?,D,D
DS-MVTec/capsule/image/scratch/011.png,There is a defect in the object. What could be the effect of the defect?,C,C
DS-MVTec/capsule/image/scratch/012.png,Is there any defect in the object?,B,B
DS-MVTec/capsule/image/scratch/012.png,There is a defect in the object. What is the type of the defect?,D,D
DS-MVTec/capsule/image/scratch/012.png,There is a defect in the object. Where is the defect?,A,A
DS-MVTec/capsule/image/scratch/012.png,There is a defect in the object. What is the appearance of the defect?,B,B
DS-MVTec/capsule/image/scratch/012.png,There is a defect in the object. How does the defect affect the capsule?,D,D
DS-MVTec/capsule/image/scratch/013.png,Is there any defect in the object?,B,B
DS-MVTec/capsule/image/scratch/013.png,There is a defect in the object. What is the type of the defect?,B,B
DS-MVTec/capsule/image/scratch/013.png,There is a defect in the object. Where is the defect?,C,C
DS-MVTec/capsule/image/scratch/013.png,There is a defect in the object. What is the appearance of the defect?,C,C
DS-MVTec/capsule/image/scratch/013.png,There is a defect in the object. What additional information is given about the defect?,B,B
DS-MVTec/capsule/image/scratch/014.png,Is there any defect in the object?,B,B
DS-MVTec/capsule/image/scratch/014.png,There is a defect in the object. What is the type of the defect?,B,B
DS-MVTec/capsule/image/scratch/014.png,There is a defect in the object. Where is the defect?,A,A
DS-MVTec/capsule/image/scratch/014.png,There is a defect in the object. What is the appearance of the defect?,D,D
DS-MVTec/capsule/image/scratch/014.png,There is a defect in the object. What is the effect of the defect?,B,B
DS-MVTec/capsule/image/scratch/015.png,Is there any defect in the object?,A,A
DS-MVTec/capsule/image/scratch/015.png,There is a defect in the object. What is the type of the defect?,B,B
DS-MVTec/capsule/image/scratch/015.png,There is a defect in the object. Where is the defect?,D,D
DS-MVTec/capsule/image/scratch/015.png,There is a defect in the object. What is the appearance of the defect?,C,C
DS-MVTec/capsule/image/scratch/015.png,There is a defect in the object. What could be the potential cause of the defect?,A,A
DS-MVTec/capsule/image/scratch/016.png,Is there any defect in the object?,A,A
DS-MVTec/capsule/image/scratch/016.png,There is a defect in the object. What is the type of the defect?,A,A
DS-MVTec/capsule/image/scratch/016.png,There is a defect in the object. Where is the defect?,D,A
DS-MVTec/capsule/image/scratch/016.png,There is a defect in the object. What is the appearance of the defect?,A,A
DS-MVTec/capsule/image/scratch/016.png,There is a defect in the object. What additional information can be given about the defect?,D,D
DS-MVTec/capsule/image/scratch/017.png,Is there any defect in the object?,A,A
DS-MVTec/capsule/image/scratch/017.png,There is a defect in the object. What is the type of the defect?,B,B
DS-MVTec/capsule/image/scratch/017.png,There is a defect in the object. Where is the defect?,B,B
DS-MVTec/capsule/image/scratch/017.png,There is a defect in the object. What is the appearance of the defect?,A,B
DS-MVTec/capsule/image/scratch/017.png,There is a defect in the object. What effect might the defect have on the capsule?,C,C
DS-MVTec/capsule/image/scratch/018.png,Is there any defect in the object?,B,B
DS-MVTec/capsule/image/scratch/018.png,There is a defect in the object. What is the type of the defect?,B,B
DS-MVTec/capsule/image/scratch/018.png,There is a defect in the object. Where is the defect?,D,D
DS-MVTec/capsule/image/scratch/018.png,There is a defect in the object. What is the appearance of the defect?,C,C
DS-MVTec/capsule/image/scratch/018.png,There is a defect in the object. What effect does the defect have on the capsule?,A,A
DS-MVTec/capsule/image/scratch/019.png,Is there any defect in the object?,A,A
DS-MVTec/capsule/image/scratch/019.png,There is a defect in the object. What is the type of the defect?,C,C
DS-MVTec/capsule/image/scratch/019.png,There is a defect in the object. Where is the defect?,C,C
DS-MVTec/capsule/image/scratch/019.png,There is a defect in the object. What is the appearance of the defect?,D,D
DS-MVTec/capsule/image/scratch/019.png,There is a defect in the object. What is the likely effect of the defect on the capsule?,D,B
DS-MVTec/capsule/image/scratch/020.png,Is there any defect in the object?,A,A
DS-MVTec/capsule/image/scratch/020.png,There is a defect in the object. What is the type of the defect?,D,D
DS-MVTec/capsule/image/scratch/020.png,There is a defect in the object. Where is the defect?,D,B
DS-MVTec/capsule/image/scratch/020.png,There is a defect in the object. What is the appearance of the defect?,C,C
DS-MVTec/capsule/image/scratch/020.png,There is a defect in the object. How do the scratches affect the appearance of the capsule?,D,D
DS-MVTec/capsule/image/scratch/021.png,Is there any defect in the object?,B,B
DS-MVTec/capsule/image/scratch/021.png,There is a defect in the object. What is the type of the defect?,D,D
DS-MVTec/capsule/image/scratch/021.png,There is a defect in the object. Where is the defect?,C,A
DS-MVTec/capsule/image/scratch/021.png,There is a defect in the object. What is the appearance of the defect?,C,D
DS-MVTec/capsule/image/scratch/021.png,There is a defect in the object. What effect might the defect have?,B,D
DS-MVTec/capsule/image/scratch/022.png,Is there any defect in the object?,A,A
DS-MVTec/capsule/image/scratch/022.png,There is a defect in the object. What is the type of the defect?,C,C
DS-MVTec/capsule/image/scratch/022.png,There is a defect in the object. Where is the defect?,C,C
DS-MVTec/capsule/image/scratch/022.png,There is a defect in the object. What is the appearance of the defect?,B,A
DS-MVTec/capsule/image/scratch/022.png,There is a defect in the object. How does the defect potentially affect the capsule?,A,A
DS-MVTec/capsule/image/squeeze/000.png,Is there any defect in the object?,A,A
DS-MVTec/capsule/image/squeeze/000.png,There is a defect in the object. What is the type of the defect?,A,A
DS-MVTec/capsule/image/squeeze/000.png,There is a defect in the object. Where is the defect?,C,B
DS-MVTec/capsule/image/squeeze/000.png,There is a defect in the object. What is the appearance of the defect?,C,C
DS-MVTec/capsule/image/squeeze/000.png,There is a defect in the object. What might be the effect of the defect?,D,D
DS-MVTec/capsule/image/squeeze/001.png,Is there any defect in the object?,B,B
DS-MVTec/capsule/image/squeeze/001.png,There is a defect in the object. What is the type of the defect?,B,B
DS-MVTec/capsule/image/squeeze/001.png,There is a defect in the object. Where is the defect?,C,C
DS-MVTec/capsule/image/squeeze/001.png,There is a defect in the object. What is the appearance of the defect?,C,C
DS-MVTec/capsule/image/squeeze/001.png,There is a defect in the object. What is the likely effect of the defect?,D,D
DS-MVTec/capsule/image/squeeze/002.png,Is there any defect in the object?,B,A
DS-MVTec/capsule/image/squeeze/002.png,There is a defect in the object. What is the type of the defect?,D,D
DS-MVTec/capsule/image/squeeze/002.png,There is a defect in the object. Where is the defect?,D,C
DS-MVTec/capsule/image/squeeze/002.png,There is a defect in the object. What is the appearance of the defect?,D,D
DS-MVTec/capsule/image/squeeze/002.png,There is a defect in the object. What additional information is there about a second defect?,A,A
DS-MVTec/capsule/image/squeeze/003.png,Is there any defect in the object?,B,B
DS-MVTec/capsule/image/squeeze/003.png,There is a defect in the object. What is the type of the defect?,C,B
DS-MVTec/capsule/image/squeeze/003.png,There is a defect in the object. Where is the defect?,B,B
DS-MVTec/capsule/image/squeeze/003.png,There is a defect in the object. What is the appearance of the defect?,D,C
DS-MVTec/capsule/image/squeeze/003.png,There is a defect in the object. What is the effect of the defect?,B,D
DS-MVTec/capsule/image/squeeze/004.png,Is there any defect in the object?,B,A
DS-MVTec/capsule/image/squeeze/004.png,There is a defect in the object. What is the type of the defect?,C,B
DS-MVTec/capsule/image/squeeze/004.png,There is a defect in the object. Where is the defect?,C,C
DS-MVTec/capsule/image/squeeze/004.png,There is a defect in the object. What is the appearance of the defect?,B,B
DS-MVTec/capsule/image/squeeze/004.png,There is a defect in the object. How does the defect affect the appearance of the capsule?,C,C
DS-MVTec/capsule/image/squeeze/005.png,Is there any defect in the object?,A,A
DS-MVTec/capsule/image/squeeze/005.png,There is a defect in the object. What is the type of the defect?,D,B
DS-MVTec/capsule/image/squeeze/005.png,There is a defect in the object. Where is the defect?,B,B
DS-MVTec/capsule/image/squeeze/005.png,There is a defect in the object. What is the appearance of the defect?,B,B
DS-MVTec/capsule/image/squeeze/005.png,There is a defect in the object. What could be the effect of the defect?,C,C
DS-MVTec/capsule/image/squeeze/006.png,Is there any defect in the object?,B,B
DS-MVTec/capsule/image/squeeze/006.png,There is a defect in the object. What is the type of the defect?,C,A
DS-MVTec/capsule/image/squeeze/006.png,There is a defect in the object. Where is the defect?,A,B
DS-MVTec/capsule/image/squeeze/006.png,There is a defect in the object. What is the appearance of the defect?,C,C
DS-MVTec/capsule/image/squeeze/006.png,There is a defect in the object. Does the defect disrupt the printed number on the capsule?,B,A
DS-MVTec/capsule/image/squeeze/007.png,Is there any defect in the object?,B,B
DS-MVTec/capsule/image/squeeze/007.png,There is a defect in the object. What is the type of the defect?,B,B
DS-MVTec/capsule/image/squeeze/007.png,There is a defect in the object. Where is the defect?,B,B
DS-MVTec/capsule/image/squeeze/007.png,There is a defect in the object. What is the appearance of the defect?,C,C
DS-MVTec/capsule/image/squeeze/007.png,There is a defect in the object. What is the effect of the defect?,A,A
DS-MVTec/capsule/image/squeeze/008.png,Is there any defect in the object?,A,A
DS-MVTec/capsule/image/squeeze/008.png,There is a defect in the object. What is the type of the defect?,B,B
DS-MVTec/capsule/image/squeeze/008.png,There is a defect in the object. Where is the defect?,B,A
DS-MVTec/capsule/image/squeeze/008.png,There is a defect in the object. What is the appearance of the defect?,A,A
DS-MVTec/capsule/image/squeeze/008.png,There is a defect in the object. What is the effect of the defect on the capsule?,A,A
DS-MVTec/capsule/image/squeeze/009.png,Is there any defect in the object?,A,A
DS-MVTec/capsule/image/squeeze/009.png,There is a defect in the object. What is the type of the defect?,A,A
DS-MVTec/capsule/image/squeeze/009.png,There is a defect in the object. Where is the defect?,A,C
DS-MVTec/capsule/image/squeeze/009.png,There is a defect in the object. What is the appearance of the defect?,C,C
DS-MVTec/capsule/image/squeeze/009.png,There is a defect in the object. What is the effect of the defect?,A,A
DS-MVTec/capsule/image/squeeze/010.png,Is there any defect in the object?,A,A
DS-MVTec/capsule/image/squeeze/010.png,There is a defect in the object. What is the type of the defect?,C,A
DS-MVTec/capsule/image/squeeze/010.png,There is a defect in the object. Where is the defect?,C,C
DS-MVTec/capsule/image/squeeze/010.png,There is a defect in the object. What is the appearance of the defect?,B,A
DS-MVTec/capsule/image/squeeze/010.png,There is a defect in the object. What does the rest of the capsule look like compared to the normal sample?,B,B
DS-MVTec/capsule/image/squeeze/011.png,Is there any defect in the object?,B,B
DS-MVTec/capsule/image/squeeze/011.png,There is a defect in the object. What is the type of the defect?,C,C
DS-MVTec/capsule/image/squeeze/011.png,There is a defect in the object. Where is the defect?,A,A
DS-MVTec/capsule/image/squeeze/011.png,There is a defect in the object. What is the appearance of the defect?,C,C
DS-MVTec/capsule/image/squeeze/011.png,There is a defect in the object. How does the defect affect the capsule's appearance?,D,D
DS-MVTec/capsule/image/squeeze/012.png,Is there any defect in the object?,A,A
DS-MVTec/capsule/image/squeeze/012.png,There is a defect in the object. What is the type of the defect?,A,A
DS-MVTec/capsule/image/squeeze/012.png,There is a defect in the object. Where is the defect?,B,B
DS-MVTec/capsule/image/squeeze/012.png,There is a defect in the object. What is the appearance of the defect?,B,B
DS-MVTec/capsule/image/squeeze/012.png,There is a defect in the object. What is the possible effect of the defect?,D,D
DS-MVTec/capsule/image/squeeze/013.png,Is there any defect in the object?,A,A
DS-MVTec/capsule/image/squeeze/013.png,There is a defect in the object. What is the type of the defect?,B,B
DS-MVTec/capsule/image/squeeze/013.png,There is a defect in the object. Where is the defect?,D,D
DS-MVTec/capsule/image/squeeze/013.png,There is a defect in the object. What is the appearance of the defect?,D,D
DS-MVTec/capsule/image/squeeze/013.png,There is a defect in the object. What is the effect of the defect?,C,A
DS-MVTec/capsule/image/squeeze/014.png,Is there any defect in the object?,B,B
DS-MVTec/capsule/image/squeeze/014.png,There is a defect in the object. What is the type of the defect?,A,A
DS-MVTec/capsule/image/squeeze/014.png,There is a defect in the object. Where is the defect?,C,C
DS-MVTec/capsule/image/squeeze/014.png,There is a defect in the object. What is the appearance of the defect?,C,C
DS-MVTec/capsule/image/squeeze/014.png,There is a defect in the object. How does the defect affect the capsule?,A,A
DS-MVTec/capsule/image/squeeze/015.png,Is there any defect in the object?,A,A
DS-MVTec/capsule/image/squeeze/015.png,There is a defect in the object. What is the type of the defect?,B,B
DS-MVTec/capsule/image/squeeze/015.png,There is a defect in the object. Where is the defect?,C,B
DS-MVTec/capsule/image/squeeze/015.png,There is a defect in the object. What is the appearance of the defect?,B,B
DS-MVTec/capsule/image/squeeze/015.png,There is a defect in the object. What is the effect of the defect?,D,D
DS-MVTec/capsule/image/squeeze/016.png,Is there any defect in the object?,A,A
DS-MVTec/capsule/image/squeeze/016.png,There is a defect in the object. What is the type of the defect?,A,C
DS-MVTec/capsule/image/squeeze/016.png,There is a defect in the object. Where is the defect?,C,C
DS-MVTec/capsule/image/squeeze/016.png,There is a defect in the object. What is the appearance of the defect?,A,A
DS-MVTec/capsule/image/squeeze/016.png,There is a defect in the object. What effect does the defect have on the capsule's appearance?,D,D
DS-MVTec/capsule/image/squeeze/017.png,Is there any defect in the object?,B,A
DS-MVTec/capsule/image/squeeze/017.png,There is a defect in the object. What is the type of the defect?,B,D
DS-MVTec/capsule/image/squeeze/017.png,There is a defect in the object. Where is the defect?,B,A
DS-MVTec/capsule/image/squeeze/017.png,There is a defect in the object. What is the appearance of the defect?,C,B
DS-MVTec/capsule/image/squeeze/017.png,There is a defect in the object. What is the effect of the defect?,C,C
DS-MVTec/capsule/image/squeeze/018.png,Is there any defect in the object?,B,B
DS-MVTec/capsule/image/squeeze/018.png,There is a defect in the object. What is the type of the defect?,A,A
DS-MVTec/capsule/image/squeeze/018.png,There is a defect in the object. Where is the defect?,A,A
DS-MVTec/capsule/image/squeeze/018.png,There is a defect in the object. What is the appearance of the defect?,C,C
DS-MVTec/capsule/image/squeeze/018.png,There is a defect in the object. On which half of the capsule is the defect located?,D,D
DS-MVTec/capsule/image/squeeze/019.png,Is there any defect in the capsule?,A,A
DS-MVTec/capsule/image/squeeze/019.png,There is a defect in the object. What is the type of the defect?,D,D
DS-MVTec/capsule/image/squeeze/019.png,There is a defect in the object. Where is the defect?,D,D
DS-MVTec/capsule/image/squeeze/019.png,There is a defect in the object. What is the appearance of the defect?,A,A
DS-MVTec/capsule/image/squeeze/019.png,There is a defect in the object. What does the defect suggest?,A,A
DS-MVTec/carpet/image/color/000.png,Is there any defect in the object?,A,A
DS-MVTec/carpet/image/color/000.png,There is a defect in the object. What is the type of the defect?,A,B
DS-MVTec/carpet/image/color/000.png,There is a defect in the object. Where is the defect?,B,B
DS-MVTec/carpet/image/color/000.png,There is a defect in the object. What is the appearance of the defect?,C,C
DS-MVTec/carpet/image/color/000.png,There is a defect in the object. What effect does the defect have?,D,D
DS-MVTec/carpet/image/color/001.png,Is there any defect in the object?,A,A
DS-MVTec/carpet/image/color/001.png,There is a defect in the object. What is the type of the defect?,D,A
DS-MVTec/carpet/image/color/001.png,There is a defect in the object. Where is the defect?,C,D
DS-MVTec/carpet/image/color/001.png,There is a defect in the object. What is the appearance of the defect?,A,A
DS-MVTec/carpet/image/color/001.png,There is a defect in the object. How does the defect compare to the surrounding material?,C,C
DS-MVTec/carpet/image/color/002.png,Is there any defect in the object?,B,A
DS-MVTec/carpet/image/color/002.png,There is a defect in the object. What is the type of the defect?,B,D
DS-MVTec/carpet/image/color/002.png,There is a defect in the object. Where is the defect?,D,A
DS-MVTec/carpet/image/color/002.png,There is a defect in the object. What is the appearance of the defect?,D,D
DS-MVTec/carpet/image/color/002.png,There is a defect in the object. What does the defect suggest about the affected area?,B,D
DS-MVTec/carpet/image/color/003.png,Is there any defect in the object?,B,B
DS-MVTec/carpet/image/color/003.png,There is a defect in the object. What is the type of the defect?,B,C
DS-MVTec/carpet/image/color/003.png,There is a defect in the object. Where is the defect?,C,C
DS-MVTec/carpet/image/color/003.png,There is a defect in the object. What is the appearance of the defect?,C,A
DS-MVTec/carpet/image/color/003.png,There is a defect in the object. What is the effect of the defect on the object?,D,D
DS-MVTec/carpet/image/color/004.png,Is there any defect in the object?,A,A
DS-MVTec/carpet/image/color/004.png,There is a defect in the object. What is the type of the defect?,C,D
DS-MVTec/carpet/image/color/004.png,There is a defect in the object. Where is the defect?,C,C
DS-MVTec/carpet/image/color/004.png,There is a defect in the object. What is the appearance of the defect?,C,C
DS-MVTec/carpet/image/color/004.png,There is a defect in the object. What could be the effect of the defect?,A,A
DS-MVTec/carpet/image/color/005.png,Is there any defect in the object?,B,A
DS-MVTec/carpet/image/color/005.png,There is a defect in the object. What is the type of the defect?,A,B
DS-MVTec/carpet/image/color/005.png,There is a defect in the object. Where is the defect?,B,B
DS-MVTec/carpet/image/color/005.png,There is a defect in the object. What is the appearance of the defect?,C,C
DS-MVTec/carpet/image/color/005.png,There is a defect in the object. What is the effect of the defect on the carpet?,A,A
DS-MVTec/carpet/image/color/006.png,Is there any defect on the object?,B,B
DS-MVTec/carpet/image/color/006.png,There is a defect in the object. What is the type of the defect?,A,B
DS-MVTec/carpet/image/color/006.png,There is a defect in the object. Where is the defect?,B,B
DS-MVTec/carpet/image/color/006.png,There is a defect in the object. What is the appearance of the defect?,A,A
DS-MVTec/carpet/image/color/006.png,There is a defect in the object. How does the defect affect the object?,C,C
DS-MVTec/carpet/image/color/007.png,Is there any defect in the object?,A,A
DS-MVTec/carpet/image/color/007.png,There is a defect in the object. What is the type of the defect?,B,C
DS-MVTec/carpet/image/color/007.png,There is a defect in the object. Where is the defect?,B,B
DS-MVTec/carpet/image/color/007.png,There is a defect in the object. What is the appearance of the defect?,D,D
DS-MVTec/carpet/image/color/007.png,There is a defect in the object. What could be the potential cause of the defect?,B,A
DS-MVTec/carpet/image/color/008.png,Is there any defect in the object?,B,B
DS-MVTec/carpet/image/color/008.png,There is a defect in the object. What is the type of the defect?,C,C
DS-MVTec/carpet/image/color/008.png,There is a defect in the object. Where is the defect?,A,A
DS-MVTec/carpet/image/color/008.png,There is a defect in the object. What is the appearance of the defect?,B,B
DS-MVTec/carpet/image/color/008.png,There is a defect in the object. What is the effect of the defect on the fabric?,B,B
DS-MVTec/carpet/image/color/009.png,Is there any defect in the object?,A,A
DS-MVTec/carpet/image/color/009.png,There is a defect in the object. What is the type of the defect?,B,D
DS-MVTec/carpet/image/color/009.png,There is a defect in the object. Where is the defect?,C,C
DS-MVTec/carpet/image/color/009.png,There is a defect in the object. What is the appearance of the defect?,C,D
DS-MVTec/carpet/image/color/009.png,There is a defect in the object. What could be the potential cause of the defect?,A,A
DS-MVTec/carpet/image/color/010.png,Is there any defect in the object?,B,A
DS-MVTec/carpet/image/color/010.png,There is a defect in the object. What is the type of the defect?,B,A
DS-MVTec/carpet/image/color/010.png,There is a defect in the object. Where is the defect?,B,B
DS-MVTec/carpet/image/color/010.png,There is a defect in the object. What is the appearance of the defect?,D,A
DS-MVTec/carpet/image/color/010.png,There is a defect in the object. What is the effect of the defect on the object?,C,C
DS-MVTec/carpet/image/color/011.png,Is there any defect in the object?,B,B
DS-MVTec/carpet/image/color/011.png,There is a defect in the object. What is the type of the defect?,D,D
DS-MVTec/carpet/image/color/011.png,There is a defect in the object. Where is the defect?,D,D
DS-MVTec/carpet/image/color/011.png,There is a defect in the object. What is the appearance of the defect?,C,D
DS-MVTec/carpet/image/color/011.png,There is a defect in the object. What is the likely cause of the defect?,D,D
DS-MVTec/carpet/image/color/012.png,Is there any defect in the object?,A,A
DS-MVTec/carpet/image/color/012.png,There is a defect in the object. What is the type of the defect?,A,D
DS-MVTec/carpet/image/color/012.png,There is a defect in the object. Where is the defect?,D,D
DS-MVTec/carpet/image/color/012.png,There is a defect in the object. What is the appearance of the defect?,B,B
DS-MVTec/carpet/image/color/012.png,There is a defect in the object. What is the effect of the defect on the object?,A,A
DS-MVTec/carpet/image/color/013.png,Is there any defect in the object?,B,B
DS-MVTec/carpet/image/color/013.png,There is a defect in the object. What is the type of the defect?,D,D
DS-MVTec/carpet/image/color/013.png,There is a defect in the object. Where is the defect?,B,B
DS-MVTec/carpet/image/color/013.png,There is a defect in the object. What is the appearance of the defect?,A,A
DS-MVTec/carpet/image/color/013.png,There is a defect in the object. What could be the potential cause of the defect?,A,B
DS-MVTec/carpet/image/color/014.png,Is there any defect in the object?,A,A
DS-MVTec/carpet/image/color/014.png,There is a defect in the object. What is the type of the defect?,C,A
DS-MVTec/carpet/image/color/014.png,There is a defect in the object. Where is the defect?,A,A
DS-MVTec/carpet/image/color/014.png,There is a defect in the object. What is the appearance of the defect?,D,A
DS-MVTec/carpet/image/color/014.png,There is a defect in the object. What is the effect of the defect on the uniformity of the fabric?,B,D
DS-MVTec/carpet/image/color/015.png,Is there any defect in the object?,B,B
DS-MVTec/carpet/image/color/015.png,There is a defect in the object. What is the type of the defect?,B,B
DS-MVTec/carpet/image/color/015.png,There is a defect in the object. Where is the defect?,A,D
DS-MVTec/carpet/image/color/015.png,There is a defect in the object. What is the appearance of the defect?,A,A
DS-MVTec/carpet/image/color/015.png,There is a defect in the object. What is the likely effect of the defect?,B,B
DS-MVTec/carpet/image/color/016.png,Is there any defect in the object?,B,B
DS-MVTec/carpet/image/color/016.png,There is a defect in the object. What is the type of the defect?,D,D
DS-MVTec/carpet/image/color/016.png,There is a defect in the object. Where is the defect?,D,D
DS-MVTec/carpet/image/color/016.png,There is a defect in the object. What is the appearance of the defect?,C,C
DS-MVTec/carpet/image/color/016.png,There is a defect in the object. What is the suggested cause of the defect?,A,A
DS-MVTec/carpet/image/color/017.png,Is there any defect in the object?,A,A
DS-MVTec/carpet/image/color/017.png,There is a defect in the object. What is the type of the defect?,C,B
DS-MVTec/carpet/image/color/017.png,There is a defect in the object. Where is the defect?,D,D
DS-MVTec/carpet/image/color/017.png,There is a defect in the object. What is the appearance of the defect?,D,A
DS-MVTec/carpet/image/color/017.png,There is a defect in the object. What is the likely cause of the defect?,A,A
DS-MVTec/carpet/image/color/018.png,Is there any defect in the object?,B,B
DS-MVTec/carpet/image/color/018.png,There is a defect in the object. What is the type of the defect?,B,D
DS-MVTec/carpet/image/color/018.png,There is a defect in the object. Where is the defect?,C,C
DS-MVTec/carpet/image/color/018.png,There is a defect in the object. What is the appearance of the defect?,B,B
DS-MVTec/carpet/image/color/018.png,There is a defect in the object. What does the defect affect?,B,B
DS-MVTec/carpet/image/cut/000.png,Is there any defect in the object?,B,B
DS-MVTec/carpet/image/cut/000.png,There is a defect in the object. What is the type of the defect?,D,A
DS-MVTec/carpet/image/cut/000.png,There is a defect in the object. Where is the defect?,C,C
DS-MVTec/carpet/image/cut/000.png,There is a defect in the object. What is the appearance of the defect?,D,D
DS-MVTec/carpet/image/cut/000.png,There is a defect in the object. What effect does the defect have on the object?,A,A
DS-MVTec/carpet/image/cut/001.png,Is there any defect in the object?,A,A
DS-MVTec/carpet/image/cut/001.png,There is a defect in the object. What is the type of the defect?,A,B
DS-MVTec/carpet/image/cut/001.png,There is a defect in the object. Where is the defect?,A,A
DS-MVTec/carpet/image/cut/001.png,There is a defect in the object. What is the appearance of the defect?,B,B
DS-MVTec/carpet/image/cut/001.png,There is a defect in the object. How does the defect affect the carpet?,B,B
DS-MVTec/carpet/image/cut/002.png,Is there any defect in the object?,B,B
DS-MVTec/carpet/image/cut/002.png,There is a defect in the object. What is the type of the defect?,A,A
DS-MVTec/carpet/image/cut/002.png,There is a defect in the object. Where is the defect?,D,D
DS-MVTec/carpet/image/cut/002.png,There is a defect in the object. What is the appearance of the defect?,B,B
DS-MVTec/carpet/image/cut/002.png,There is a defect in the object. What is the effect of the defect on the object?,B,B
DS-MVTec/carpet/image/cut/003.png,Is there any defect in the object?,A,A
DS-MVTec/carpet/image/cut/003.png,There is a defect in the object. What is the type of the defect?,C,C
DS-MVTec/carpet/image/cut/003.png,There is a defect in the object. Where is the defect?,A,A
DS-MVTec/carpet/image/cut/003.png,There is a defect in the object. What is the appearance of the defect?,D,B
DS-MVTec/carpet/image/cut/003.png,There is a defect in the object. What is the effect of the defect?,A,A
DS-MVTec/carpet/image/cut/004.png,Is there any defect in the object?,A,A
DS-MVTec/carpet/image/cut/004.png,There is a defect in the object. What is the type of the defect?,A,A
DS-MVTec/carpet/image/cut/004.png,There is a defect in the object. Where is the defect?,B,B
DS-MVTec/carpet/image/cut/004.png,There is a defect in the object. What is the appearance of the defect?,B,B
DS-MVTec/carpet/image/cut/004.png,There is a defect in the object. What is the effect of the defect?,D,D
DS-MVTec/carpet/image/cut/005.png,Is there any defect in the object?,A,A
DS-MVTec/carpet/image/cut/005.png,There is a defect in the object. Where is the defect?,C,C
DS-MVTec/carpet/image/cut/005.png,There is a defect in the object. What is the appearance of the defect?,D,D
DS-MVTec/carpet/image/cut/005.png,There is a defect in the object. How does the defect affect the carpet?,C,C
DS-MVTec/carpet/image/cut/006.png,Is there any defect in the object?,B,B
DS-MVTec/carpet/image/cut/006.png,There is a defect in the object. What is the type of the defect?,B,B
DS-MVTec/carpet/image/cut/006.png,There is a defect in the object. Where is the defect?,B,B
DS-MVTec/carpet/image/cut/006.png,There is a defect in the object. What is the appearance of the defect?,B,B
DS-MVTec/carpet/image/cut/006.png,There is a defect in the object. What can be inferred about the effect of the defect on the object?,C,C
DS-MVTec/carpet/image/cut/007.png,Is there any defect in the object?,A,A
DS-MVTec/carpet/image/cut/007.png,There is a defect in the object. What is the type of the defect?,D,D
DS-MVTec/carpet/image/cut/007.png,There is a defect in the object. Where is the defect?,B,B
DS-MVTec/carpet/image/cut/007.png,There is a defect in the object. What is the appearance of the defect?,B,B
DS-MVTec/carpet/image/cut/007.png,There is a defect in the object. What is the effect of the defect?,D,D
DS-MVTec/carpet/image/cut/008.png,Is there any defect in the object?,A,A
DS-MVTec/carpet/image/cut/008.png,There is a defect in the object. What is the type of the defect?,D,D
DS-MVTec/carpet/image/cut/008.png,There is a defect in the object. Where is the defect?,D,D
DS-MVTec/carpet/image/cut/008.png,There is a defect in the object. What is the appearance of the defect?,D,D
DS-MVTec/carpet/image/cut/008.png,There is a defect in the object. What is the effect of the defect on the fabric?,C,C
DS-MVTec/carpet/image/cut/009.png,Is there any defect in the object?,A,A
DS-MVTec/carpet/image/cut/009.png,There is a defect in the object. What is the type of the defect?,B,B
DS-MVTec/carpet/image/cut/009.png,There is a defect in the object. Where is the defect?,B,B
DS-MVTec/carpet/image/cut/009.png,There is a defect in the object. What is the appearance of the defect?,D,D
DS-MVTec/carpet/image/cut/009.png,There is a defect in the object. What is the effect of the defect?,C,C
DS-MVTec/carpet/image/cut/010.png,Is there any defect in the object?,A,A
DS-MVTec/carpet/image/cut/010.png,There is a defect in the object. What is the type of the defect?,D,D
DS-MVTec/carpet/image/cut/010.png,There is a defect in the object. Where is the defect?,B,B
DS-MVTec/carpet/image/cut/010.png,There is a defect in the object. What is the appearance of the defect?,B,B
DS-MVTec/carpet/image/cut/010.png,There is a defect in the object. What is the likely cause of the defect?,A,A
DS-MVTec/carpet/image/cut/011.png,Is there any defect in the object?,B,B
DS-MVTec/carpet/image/cut/011.png,There is a defect in the object. What is the type of the defect?,B,D
DS-MVTec/carpet/image/cut/011.png,There is a defect in the object. Where is the defect?,C,C
DS-MVTec/carpet/image/cut/011.png,There is a defect in the object. What is the appearance of the defect?,D,D
DS-MVTec/carpet/image/cut/011.png,There is a defect in the object. What is the effect of the defect?,A,A
DS-MVTec/carpet/image/cut/012.png,Is there any defect in the object?,B,B
DS-MVTec/carpet/image/cut/012.png,There is a defect in the object. What is the type of the defect?,C,C
DS-MVTec/carpet/image/cut/012.png,There is a defect in the object. Where is the defect?,C,C
DS-MVTec/carpet/image/cut/012.png,There is a defect in the object. What is the appearance of the defect?,C,A
DS-MVTec/carpet/image/cut/012.png,There is a defect in the object. What is the effect of the defect on the object?,B,B
DS-MVTec/carpet/image/cut/013.png,Is there any defect in the object?,A,A
DS-MVTec/carpet/image/cut/013.png,There is a defect in the object. What is the type of the defect?,A,A
DS-MVTec/carpet/image/cut/013.png,There is a defect in the object. Where is the defect?,B,B
DS-MVTec/carpet/image/cut/013.png,There is a defect in the object. What is the appearance of the defect?,A,A
DS-MVTec/carpet/image/cut/013.png,There is a defect in the object. What is the effect of the defect on the object?,A,A
DS-MVTec/carpet/image/cut/014.png,Is there any defect in the object?,A,A
DS-MVTec/carpet/image/cut/014.png,There is a defect in the object. What is the type of the defect?,A,A
DS-MVTec/carpet/image/cut/014.png,There is a defect in the object. Where is the defect?,B,B
DS-MVTec/carpet/image/cut/014.png,There is a defect in the object. What is the appearance of the defect?,C,C
DS-MVTec/carpet/image/cut/014.png,There is a defect in the object. What effect does the defect have on the fabric?,B,B
DS-MVTec/carpet/image/cut/015.png,Is there any defect in the object?,A,A
DS-MVTec/carpet/image/cut/015.png,There is a defect in the object. What is the type of the defect?,A,A
DS-MVTec/carpet/image/cut/015.png,There is a defect in the object. Where is the defect?,C,C
DS-MVTec/carpet/image/cut/015.png,There is a defect in the object. What is the appearance of the defect?,C,C
DS-MVTec/carpet/image/cut/015.png,There is a defect in the object. What is the effect of the defect on the fabric?,B,B
DS-MVTec/carpet/image/cut/016.png,Is there any defect in the object?,A,A
DS-MVTec/carpet/image/cut/016.png,There is a defect in the object. What is the type of the defect?,B,B
DS-MVTec/carpet/image/cut/016.png,There is a defect in the object. Where is the defect?,B,B
DS-MVTec/carpet/image/cut/016.png,There is a defect in the object. What is the appearance of the defect?,C,C
DS-MVTec/carpet/image/cut/016.png,There is a defect in the object. How does the defect contrast with the surrounding area?,C,C
DS-MVTec/carpet/image/good/000.png,Is there any defect in the object?,B,B
DS-MVTec/carpet/image/good/001.png,Is there any defect in the object?,B,B
DS-MVTec/carpet/image/good/002.png,Is there any defect in the object?,B,B
DS-MVTec/carpet/image/good/003.png,Is there any defect in the object?,B,B
DS-MVTec/carpet/image/good/004.png,Is there any defect in the object?,A,A
DS-MVTec/carpet/image/good/005.png,Is there any defect in the object?,A,A
DS-MVTec/carpet/image/good/006.png,Is there any defect in the object?,B,B
DS-MVTec/carpet/image/good/007.png,Is there any defect in the object?,B,B
DS-MVTec/carpet/image/good/008.png,Is there any defect in the object?,B,B
DS-MVTec/carpet/image/good/009.png,Is there any defect in the object?,B,B
DS-MVTec/carpet/image/good/010.png,Is there any defect in the object?,B,B
DS-MVTec/carpet/image/good/011.png,Is there any defect in the object?,B,B
DS-MVTec/carpet/image/good/012.png,Is there any defect in the object?,A,A
DS-MVTec/carpet/image/good/013.png,Is there any defect in the object?,B,B
DS-MVTec/carpet/image/good/014.png,Is there any defect in the object?,A,A
DS-MVTec/carpet/image/good/015.png,Is there any defect in the object?,B,B
DS-MVTec/carpet/image/good/016.png,Is there any defect in the object?,A,A
DS-MVTec/carpet/image/good/017.png,Is there any defect in the object?,A,A
DS-MVTec/carpet/image/good/018.png,Is there any defect in the object?,A,A
DS-MVTec/carpet/image/good/019.png,Is there any defect in the object?,B,B
DS-MVTec/carpet/image/good/020.png,Is there any defect in the object?,B,B
DS-MVTec/carpet/image/good/021.png,Is there any defect in the object?,B,B
DS-MVTec/carpet/image/good/022.png,Is there any defect in the object?,B,B
DS-MVTec/carpet/image/good/023.png,Is there any defect in the object?,B,B
DS-MVTec/carpet/image/good/024.png,Is there any defect in the object?,A,A
DS-MVTec/carpet/image/good/025.png,Is there any defect in the object?,A,A
DS-MVTec/carpet/image/good/026.png,Is there any defect in the object?,A,A
DS-MVTec/carpet/image/good/027.png,Is there any defect in the object?,A,A
DS-MVTec/carpet/image/hole/000.png,Is there any defect in the object?,A,A
DS-MVTec/carpet/image/hole/000.png,There is a defect in the object. What is the type of the defect?,D,D
DS-MVTec/carpet/image/hole/000.png,There is a defect in the object. Where is the defect?,C,C
DS-MVTec/carpet/image/hole/000.png,There is a defect in the object. What is the appearance of the defect?,D,D
DS-MVTec/carpet/image/hole/000.png,There is a defect in the object. What effect does the defect have on the item?,A,A
DS-MVTec/carpet/image/hole/001.png,Is there any defect in the object?,B,B
DS-MVTec/carpet/image/hole/001.png,There is a defect in the object. What is the type of the defect?,A,A
DS-MVTec/carpet/image/hole/001.png,There is a defect in the object. Where is the defect?,C,C
DS-MVTec/carpet/image/hole/001.png,There is a defect in the object. What is the appearance of the defect?,D,D
DS-MVTec/carpet/image/hole/001.png,There is a defect in the object. What effect does the defect have on the fabric?,D,D
DS-MVTec/carpet/image/hole/002.png,Is there any defect in the object?,B,B
DS-MVTec/carpet/image/hole/002.png,There is a defect in the object. What is the type of the defect?,C,C
DS-MVTec/carpet/image/hole/002.png,There is a defect in the object. Where is the defect?,A,A
DS-MVTec/carpet/image/hole/002.png,There is a defect in the object. What is the appearance of the defect?,C,C
DS-MVTec/carpet/image/hole/002.png,There is a defect in the object. What is the effect of the defect on the fabric?,D,D
DS-MVTec/carpet/image/hole/003.png,Is there any defect in the object?,A,A
DS-MVTec/carpet/image/hole/003.png,There is a defect in the object. What is the type of the defect?,B,C
DS-MVTec/carpet/image/hole/003.png,There is a defect in the object. Where is the defect?,B,B
DS-MVTec/carpet/image/hole/003.png,There is a defect in the object. What is the appearance of the defect?,B,B
DS-MVTec/carpet/image/hole/003.png,There is a defect in the object. What effect does the defect have on the carpet?,A,A
DS-MVTec/carpet/image/hole/004.png,Is there any defect in the object?,B,B
DS-MVTec/carpet/image/hole/004.png,There is a defect in the object. What is the type of the defect?,A,A
DS-MVTec/carpet/image/hole/004.png,There is a defect in the object. Where is the defect?,A,A
DS-MVTec/carpet/image/hole/004.png,There is a defect in the object. What is the appearance of the defect?,C,C
DS-MVTec/carpet/image/hole/004.png,There is a defect in the object. What is the effect of the defect?,D,D
DS-MVTec/carpet/image/hole/005.png,Is there any defect in the object?,A,A
DS-MVTec/carpet/image/hole/005.png,There is a defect in the object. What is the type of the defect?,C,C
DS-MVTec/carpet/image/hole/005.png,There is a defect in the object. Where is the defect?,C,C
DS-MVTec/carpet/image/hole/005.png,There is a defect in the object. What is the appearance of the defect?,B,B
DS-MVTec/carpet/image/hole/005.png,There is a defect in the object. What is visible due to the defect?,D,D
DS-MVTec/carpet/image/hole/006.png,Is there any defect in the object?,B,B
DS-MVTec/carpet/image/hole/006.png,There is a defect in the object. What is the type of the defect?,B,B
DS-MVTec/carpet/image/hole/006.png,There is a defect in the object. Where is the defect?,A,A
DS-MVTec/carpet/image/hole/006.png,There is a defect in the object. What is the appearance of the defect?,C,C
DS-MVTec/carpet/image/hole/006.png,There is a defect in the object. What does the appearance of the defect suggest?,A,A
DS-MVTec/carpet/image/hole/007.png,Is there any defect in the object?,B,B
DS-MVTec/carpet/image/hole/007.png,There is a defect in the object. What is the type of the defect?,D,D
DS-MVTec/carpet/image/hole/007.png,There is a defect in the object. Where is the defect?,B,B
DS-MVTec/carpet/image/hole/007.png,There is a defect in the object. What is the appearance of the defect?,A,A
DS-MVTec/carpet/image/hole/007.png,There is a defect in the object. What is revealed by the hole?,D,B
DS-MVTec/carpet/image/hole/008.png,Is there any defect in the object?,A,A
DS-MVTec/carpet/image/hole/008.png,There is a defect in the object. What is the type of the defect?,A,A
DS-MVTec/carpet/image/hole/008.png,There is a defect in the object. Where is the defect?,A,A
DS-MVTec/carpet/image/hole/008.png,There is a defect in the object. What is the appearance of the defect?,C,C
DS-MVTec/carpet/image/hole/008.png,There is a defect in the object. What is the effect of the defect on the object?,A,A
DS-MVTec/carpet/image/hole/009.png,Is there any defect in the object?,B,B
DS-MVTec/carpet/image/hole/009.png,There is a defect in the object. What is the type of the defect?,D,D
DS-MVTec/carpet/image/hole/009.png,There is a defect in the object. Where is the defect?,D,D
DS-MVTec/carpet/image/hole/009.png,There is a defect in the object. What is the appearance of the defect?,B,B
DS-MVTec/carpet/image/hole/009.png,There is a defect in the object. What is the effect of the defect?,D,D
DS-MVTec/carpet/image/hole/010.png,Is there any defect in the object?,B,B
DS-MVTec/carpet/image/hole/010.png,There is a defect in the object. What is the type of the defect?,A,A
DS-MVTec/carpet/image/hole/010.png,There is a defect in the object. Where is the defect?,B,B
DS-MVTec/carpet/image/hole/010.png,There is a defect in the object. What is the appearance of the defect?,B,B
DS-MVTec/carpet/image/hole/010.png,There is a defect in the object. What is the effect of the defect on the fabric?,B,B
DS-MVTec/carpet/image/hole/011.png,Is there any defect in the object?,A,A
DS-MVTec/carpet/image/hole/011.png,There is a defect in the object. What is the type of the defect?,D,D
DS-MVTec/carpet/image/hole/011.png,There is a defect in the object. Where is the defect?,A,A
DS-MVTec/carpet/image/hole/011.png,There is a defect in the object. What is the appearance of the defect?,A,A
DS-MVTec/carpet/image/hole/011.png,There is a defect in the object. What is the effect of the defect on the fabric?,B,B
DS-MVTec/carpet/image/hole/012.png,Is there any defect in the object?,A,A
DS-MVTec/carpet/image/hole/012.png,There is a defect in the object. What is the type of the defect?,C,B
DS-MVTec/carpet/image/hole/012.png,There is a defect in the object. Where is the defect?,D,D
DS-MVTec/carpet/image/hole/012.png,There is a defect in the object. What is the appearance of the defect?,C,C
DS-MVTec/carpet/image/hole/012.png,There is a defect in the object. How does the defect affect the object?,B,B
DS-MVTec/carpet/image/hole/013.png,Is there any defect in the object?,B,B
DS-MVTec/carpet/image/hole/013.png,There is a defect in the object. What is the type of the defect?,B,B
DS-MVTec/carpet/image/hole/013.png,There is a defect in the object. Where is the defect?,B,B
DS-MVTec/carpet/image/hole/013.png,There is a defect in the object. What is the appearance of the defect?,C,C
DS-MVTec/carpet/image/hole/013.png,There is a defect in the object. What is the effect of the defect?,D,D
DS-MVTec/carpet/image/hole/014.png,Is there any defect in the object?,B,B
DS-MVTec/carpet/image/hole/014.png,There is a defect in the object. What is the type of the defect?,C,C
DS-MVTec/carpet/image/hole/014.png,There is a defect in the object. Where is the defect?,D,D
DS-MVTec/carpet/image/hole/014.png,There is a defect in the object. What is the appearance of the defect?,A,A
DS-MVTec/carpet/image/hole/014.png,There is a defect in the object. What effect does the defect have on the object?,C,C
DS-MVTec/carpet/image/hole/015.png,Is there any defect in the object?,A,A
DS-MVTec/carpet/image/hole/015.png,There is a defect in the object. What is the type of the defect?,C,C
DS-MVTec/carpet/image/hole/015.png,There is a defect in the object. Where is the defect?,D,C
DS-MVTec/carpet/image/hole/015.png,There is a defect in the object. What is the appearance of the defect?,B,B
DS-MVTec/carpet/image/hole/015.png,There is a defect in the object. How does the defect affect the object?,B,B
DS-MVTec/carpet/image/hole/016.png,Is there any defect in the object?,B,B
DS-MVTec/carpet/image/hole/016.png,There is a defect in the object. What is the type of the defect?,A,A
DS-MVTec/carpet/image/hole/016.png,There is a defect in the object. Where is the defect?,C,C
DS-MVTec/carpet/image/hole/016.png,There is a defect in the object. What is the appearance of the defect?,D,D
DS-MVTec/carpet/image/hole/016.png,There is a defect in the object. What is the potential effect of the defect on the fabric's structure?,A,A
DS-MVTec/carpet/image/metal_contamination/000.png,Is there any defect in the object?,A,A
DS-MVTec/carpet/image/metal_contamination/000.png,There is a defect in the object. What is the type of the defect?,D,D
DS-MVTec/carpet/image/metal_contamination/000.png,There is a defect in the object. Where is the defect?,B,B
DS-MVTec/carpet/image/metal_contamination/000.png,There is a defect in the object. What is the appearance of the defect?,D,D
DS-MVTec/carpet/image/metal_contamination/000.png,There is a defect in the object. What is the effect of the defect?,D,D
DS-MVTec/carpet/image/metal_contamination/001.png,Is there any defect in the object?,B,B
DS-MVTec/carpet/image/metal_contamination/001.png,There is a defect in the object. What is the type of the defect?,C,C
DS-MVTec/carpet/image/metal_contamination/001.png,There is a defect in the object. Where is the defect?,D,D
DS-MVTec/carpet/image/metal_contamination/001.png,There is a defect in the object. What is the appearance of the defect?,D,B
DS-MVTec/carpet/image/metal_contamination/001.png,There is a defect in the object. What could be the effect of the defect?,A,A
DS-MVTec/carpet/image/metal_contamination/002.png,Is there any defect in the object?,B,B
DS-MVTec/carpet/image/metal_contamination/002.png,There is a defect in the object. What is the type of the defect?,A,A
DS-MVTec/carpet/image/metal_contamination/002.png,There is a defect in the object. Where is the defect?,C,C
DS-MVTec/carpet/image/metal_contamination/002.png,There is a defect in the object. What is the appearance of the defect?,D,D
DS-MVTec/carpet/image/metal_contamination/002.png,There is a defect in the object. What is the effect of the defect?,B,B
DS-MVTec/carpet/image/metal_contamination/003.png,Is there any defect in the object?,B,B
DS-MVTec/carpet/image/metal_contamination/003.png,There is a defect in the object. What is the type of the defect?,D,D
DS-MVTec/carpet/image/metal_contamination/003.png,There is a defect in the object. Where is the defect?,D,D
DS-MVTec/carpet/image/metal_contamination/003.png,There is a defect in the object. What is the appearance of the defect?,B,B
DS-MVTec/carpet/image/metal_contamination/003.png,There is a defect in the object. What effect does the defect have on the object?,A,A
DS-MVTec/carpet/image/metal_contamination/004.png,Is there any defect in the object?,B,B
DS-MVTec/carpet/image/metal_contamination/004.png,There is a defect in the object. What is the type of the defect?,C,C
DS-MVTec/carpet/image/metal_contamination/004.png,There is a defect in the object. Where is the defect?,B,B
DS-MVTec/carpet/image/metal_contamination/004.png,There is a defect in the object. What is the appearance of the defect?,B,B
DS-MVTec/carpet/image/metal_contamination/004.png,There is a defect in the object. What effect could the defect have?,C,C
DS-MVTec/carpet/image/metal_contamination/005.png,Is there any defect in the object?,A,A
DS-MVTec/carpet/image/metal_contamination/005.png,There is a defect in the object. What is the type of the defect?,A,B
DS-MVTec/carpet/image/metal_contamination/005.png,There is a defect in the object. Where is the defect?,C,C
DS-MVTec/carpet/image/metal_contamination/005.png,There is a defect in the object. What is the appearance of the defect?,D,D
DS-MVTec/carpet/image/metal_contamination/005.png,There is a defect in the object. What effect might the defect have?,A,A
DS-MVTec/carpet/image/metal_contamination/006.png,Is there any defect in the object?,B,B
DS-MVTec/carpet/image/metal_contamination/006.png,There is a defect in the object. What is the type of the defect?,A,A
DS-MVTec/carpet/image/metal_contamination/006.png,There is a defect in the object. Where is the defect?,B,B
DS-MVTec/carpet/image/metal_contamination/006.png,There is a defect in the object. What is the appearance of the defect?,B,B
DS-MVTec/carpet/image/metal_contamination/006.png,There is a defect in the object. What could be the effect of the defect?,D,D
DS-MVTec/carpet/image/metal_contamination/007.png,Is there any defect in the object?,A,A
DS-MVTec/carpet/image/metal_contamination/007.png,There is a defect in the object. What is the type of the defect?,D,D
DS-MVTec/carpet/image/metal_contamination/007.png,There is a defect in the object. Where is the defect?,A,A
DS-MVTec/carpet/image/metal_contamination/007.png,There is a defect in the object. What is the appearance of the defect?,D,D
DS-MVTec/carpet/image/metal_contamination/007.png,There is a defect in the object. What is the effect of the defect?,C,C
DS-MVTec/carpet/image/metal_contamination/008.png,Is there any defect in the object?,B,B
DS-MVTec/carpet/image/metal_contamination/008.png,There is a defect in the object. What is the type of the defect?,D,D
DS-MVTec/carpet/image/metal_contamination/008.png,There is a defect in the object. Where is the defect?,B,B
DS-MVTec/carpet/image/metal_contamination/008.png,There is a defect in the object. What is the appearance of the defect?,C,C
DS-MVTec/carpet/image/metal_contamination/008.png,There is a defect in the object. What might be the cause of the defect?,C,C
DS-MVTec/carpet/image/metal_contamination/009.png,Is there any defect in the object?,B,B
DS-MVTec/carpet/image/metal_contamination/009.png,There is a defect in the object. What is the type of the defect?,A,A
DS-MVTec/carpet/image/metal_contamination/009.png,There is a defect in the object. Where is the defect?,B,B
DS-MVTec/carpet/image/metal_contamination/009.png,There is a defect in the object. What is the appearance of the defect?,C,C
DS-MVTec/carpet/image/metal_contamination/009.png,There is a defect in the object. What does the defect resemble?,A,A
DS-MVTec/carpet/image/metal_contamination/010.png,Is there any defect in the object?,B,B
DS-MVTec/carpet/image/metal_contamination/010.png,There is a defect in the object. What is the type of the defect?,A,A
DS-MVTec/carpet/image/metal_contamination/010.png,There is a defect in the object. Where is the defect?,D,D
DS-MVTec/carpet/image/metal_contamination/010.png,There is a defect in the object. What is the appearance of the defect?,A,A
DS-MVTec/carpet/image/metal_contamination/010.png,There is a defect in the object. What is the effect of the defect on the fabric?,D,D
DS-MVTec/carpet/image/metal_contamination/011.png,Is there any defect in the object?,B,B
DS-MVTec/carpet/image/metal_contamination/011.png,There is a defect in the object. What is the type of the defect?,B,B
DS-MVTec/carpet/image/metal_contamination/011.png,There is a defect in the object. Where is the defect?,D,D
DS-MVTec/carpet/image/metal_contamination/011.png,There is a defect in the object. What is the appearance of the defect?,C,C
DS-MVTec/carpet/image/metal_contamination/011.png,There is a defect in the object. What is the effect of the defect?,C,C
DS-MVTec/carpet/image/metal_contamination/012.png,Is there any defect in the object?,A,A
DS-MVTec/carpet/image/metal_contamination/012.png,There is a defect in the object. What is the type of the defect?,C,C
DS-MVTec/carpet/image/metal_contamination/012.png,There is a defect in the object. Where is the defect?,D,A
DS-MVTec/carpet/image/metal_contamination/012.png,There is a defect in the object. What is the appearance of the defect?,C,C
DS-MVTec/carpet/image/metal_contamination/012.png,There is a defect in the object. What is the effect of the defect on the textile?,C,C
DS-MVTec/carpet/image/metal_contamination/013.png,Is there any defect in the object?,B,B
DS-MVTec/carpet/image/metal_contamination/013.png,There is a defect in the object. What is the type of the defect?,B,B
DS-MVTec/carpet/image/metal_contamination/013.png,There is a defect in the object. Where is the defect?,C,C
DS-MVTec/carpet/image/metal_contamination/013.png,There is a defect in the object. What is the appearance of the defect?,D,D
DS-MVTec/carpet/image/metal_contamination/013.png,There is a defect in the object. What does the defect suggest about its nature?,C,C
DS-MVTec/carpet/image/metal_contamination/014.png,Is there any defect in the object?,A,A
DS-MVTec/carpet/image/metal_contamination/014.png,There is a defect in the object. What is the type of the defect?,D,D
DS-MVTec/carpet/image/metal_contamination/014.png,There is a defect in the object. Where is the defect?,A,A
DS-MVTec/carpet/image/metal_contamination/014.png,There is a defect in the object. What is the appearance of the defect?,D,C
DS-MVTec/carpet/image/metal_contamination/014.png,There is a defect in the object. What is the potential effect of the defect on the fabric?,A,A
DS-MVTec/carpet/image/metal_contamination/015.png,Is there any defect in the object?,B,B
DS-MVTec/carpet/image/metal_contamination/015.png,There is a defect in the object. What is the type of the defect?,A,D
DS-MVTec/carpet/image/metal_contamination/015.png,There is a defect in the object. Where is the defect?,D,B
DS-MVTec/carpet/image/metal_contamination/015.png,There is a defect in the object. What is the appearance of the defect?,B,B
DS-MVTec/carpet/image/metal_contamination/015.png,There is a defect in the object. What is the effect of the defect on the fabric?,B,B
DS-MVTec/carpet/image/metal_contamination/016.png,Is there any defect in the object?,B,B
DS-MVTec/carpet/image/metal_contamination/016.png,There is a defect in the object. What is the type of the defect?,D,D
DS-MVTec/carpet/image/metal_contamination/016.png,There is a defect in the object. Where is the defect?,C,C
DS-MVTec/carpet/image/metal_contamination/016.png,There is a defect in the object. What is the appearance of the defect?,A,A
DS-MVTec/carpet/image/metal_contamination/016.png,There is a defect in the object. What is the effect of the defect on the object?,C,C
DS-MVTec/carpet/image/thread/000.png,Is there any defect in the object?,B,B
DS-MVTec/carpet/image/thread/000.png,There is a defect in the object. What is the type of the defect?,A,A
DS-MVTec/carpet/image/thread/000.png,There is a defect in the object. Where is the defect?,C,C
DS-MVTec/carpet/image/thread/000.png,There is a defect in the object. What is the appearance of the defect?,D,D
DS-MVTec/carpet/image/thread/000.png,There is a defect in the object. What is the effect of the defect?,A,A
DS-MVTec/carpet/image/thread/001.png,Is there any defect in the object?,B,B
DS-MVTec/carpet/image/thread/001.png,There is a defect in the object. What is the type of the defect?,C,C
DS-MVTec/carpet/image/thread/001.png,There is a defect in the object. Where is the defect?,C,C
DS-MVTec/carpet/image/thread/001.png,There is a defect in the object. What is the appearance of the defect?,A,A
DS-MVTec/carpet/image/thread/001.png,There is a defect in the object. What is the effect of the defect on the fabric's appearance?,B,B
DS-MVTec/carpet/image/thread/002.png,Is there any defect in the object?,A,A
DS-MVTec/carpet/image/thread/002.png,There is a defect in the object. What is the type of the defect?,A,A
DS-MVTec/carpet/image/thread/002.png,There is a defect in the object. Where is the defect?,B,B
DS-MVTec/carpet/image/thread/002.png,There is a defect in the object. What is the appearance of the defect?,A,A
DS-MVTec/carpet/image/thread/002.png,There is a defect in the object. What effect does the defect have on the fabric?,C,C
DS-MVTec/carpet/image/thread/003.png,Is there any defect in the fabric?,B,B
DS-MVTec/carpet/image/thread/003.png,There is a defect in the object. What is the type of the defect?,C,C
DS-MVTec/carpet/image/thread/003.png,There is a defect in the object. Where is the defect?,A,A
DS-MVTec/carpet/image/thread/003.png,There is a defect in the object. What is the appearance of the defect?,D,D
DS-MVTec/carpet/image/thread/003.png,There is a defect in the object. How does this defect affect the fabric?,C,C
DS-MVTec/carpet/image/thread/004.png,Is there any defect in the object?,B,B
DS-MVTec/carpet/image/thread/004.png,There is a defect in the object. What is the type of the defect?,D,D
DS-MVTec/carpet/image/thread/004.png,There is a defect in the object. Where is the defect?,C,C
DS-MVTec/carpet/image/thread/004.png,There is a defect in the object. What is the appearance of the defect?,B,B
DS-MVTec/carpet/image/thread/004.png,There is a defect in the object. What effect does the defect have on the fabric?,A,A
DS-MVTec/carpet/image/thread/005.png,Is there any defect in the object?,B,B
DS-MVTec/carpet/image/thread/005.png,There is a defect in the object. What is the type of the defect?,D,D
DS-MVTec/carpet/image/thread/005.png,There is a defect in the object. Where is the defect?,D,D
DS-MVTec/carpet/image/thread/005.png,There is a defect in the object. What is the appearance of the defect?,D,D
DS-MVTec/carpet/image/thread/005.png,There is a defect in the object. What effect does the defect have on the fabric?,A,A
DS-MVTec/carpet/image/thread/006.png,Is there any defect in the object?,A,A
DS-MVTec/carpet/image/thread/006.png,There is a defect in the object. What is the type of the defect?,B,B
DS-MVTec/carpet/image/thread/006.png,There is a defect in the object. Where is the defect?,D,D
DS-MVTec/carpet/image/thread/006.png,There is a defect in the object. What is the appearance of the defect?,C,C
DS-MVTec/carpet/image/thread/006.png,There is a defect in the object. How does the defect vary as it traverses the image?,C,C
DS-MVTec/carpet/image/thread/007.png,Is there any defect in the object?,B,B
DS-MVTec/carpet/image/thread/007.png,There is a defect in the object. What is the type of the defect?,C,C
DS-MVTec/carpet/image/thread/007.png,There is a defect in the object. Where is the defect?,A,A
DS-MVTec/carpet/image/thread/007.png,There is a defect in the object. What is the appearance of the defect?,C,C
DS-MVTec/carpet/image/thread/007.png,There is a defect in the object. What might be the effect of this defect?,B,B
DS-MVTec/carpet/image/thread/008.png,Is there any defect in the object?,B,B
DS-MVTec/carpet/image/thread/008.png,There is a defect in the object. What is the type of the defect?,B,B
DS-MVTec/carpet/image/thread/008.png,There is a defect in the object. Where is the defect?,B,B
DS-MVTec/carpet/image/thread/008.png,There is a defect in the object. What is the appearance of the defect?,D,D
DS-MVTec/carpet/image/thread/008.png,There is a defect in the object. What is the effect of the defect on the fabric?,C,C
DS-MVTec/carpet/image/thread/009.png,Is there any defect in the object?,B,B
DS-MVTec/carpet/image/thread/009.png,There is a defect in the object. What is the type of the defect?,B,B
DS-MVTec/carpet/image/thread/009.png,There is a defect in the object. Where is the defect?,A,A
DS-MVTec/carpet/image/thread/009.png,There is a defect in the object. What is the appearance of the defect?,B,B
DS-MVTec/carpet/image/thread/009.png,There is a defect in the object. What is the effect of the defect on the item?,A,A
DS-MVTec/carpet/image/thread/010.png,Is there any defect in the object?,B,B
DS-MVTec/carpet/image/thread/010.png,There is a defect in the object. What is the type of the defect?,A,A
DS-MVTec/carpet/image/thread/010.png,There is a defect in the object. Where is the defect?,B,B
DS-MVTec/carpet/image/thread/010.png,There is a defect in the object. What is the appearance of the defect?,B,B
DS-MVTec/carpet/image/thread/010.png,There is a defect in the object. What is the effect of the defect?,A,A
DS-MVTec/carpet/image/thread/011.png,Is there any defect in the object?,A,A
DS-MVTec/carpet/image/thread/011.png,There is a defect in the object. What is the type of the defect?,C,C
DS-MVTec/carpet/image/thread/011.png,There is a defect in the object. Where is the defect?,D,D
DS-MVTec/carpet/image/thread/011.png,There is a defect in the object. What is the appearance of the defect?,A,A
DS-MVTec/carpet/image/thread/011.png,There is a defect in the object. What is the effect of the defect?,C,C
DS-MVTec/carpet/image/thread/012.png,Is there any defect in the object?,A,A
DS-MVTec/carpet/image/thread/012.png,There is a defect in the object. What is the type of the defect?,C,C
DS-MVTec/carpet/image/thread/012.png,There is a defect in the object. Where is the defect?,D,D
DS-MVTec/carpet/image/thread/012.png,There is a defect in the object. What is the appearance of the defect?,B,B
DS-MVTec/carpet/image/thread/012.png,There is a defect in the object. What could be the potential effect of the defect on the carpet?,D,D
DS-MVTec/carpet/image/thread/013.png,Is there any defect in the object?,B,B
DS-MVTec/carpet/image/thread/013.png,There is a defect in the object. What is the type of the defect?,C,C
DS-MVTec/carpet/image/thread/013.png,There is a defect in the object. Where is the defect?,A,A
DS-MVTec/carpet/image/thread/013.png,There is a defect in the object. What is the appearance of the defect?,C,C
DS-MVTec/carpet/image/thread/013.png,There is a defect in the object. What is the effect of the defect?,A,A
DS-MVTec/carpet/image/thread/014.png,Is there any defect in the object?,A,A
DS-MVTec/carpet/image/thread/014.png,There is a defect in the object. What is the type of the defect?,D,D
DS-MVTec/carpet/image/thread/014.png,There is a defect in the object. Where is the defect?,C,B
DS-MVTec/carpet/image/thread/014.png,There is a defect in the object. What is the appearance of the defect?,D,A
DS-MVTec/carpet/image/thread/014.png,There is a defect in the object. What is the effect of the defect?,D,B
DS-MVTec/carpet/image/thread/015.png,Is there any defect in the object?,B,B
DS-MVTec/carpet/image/thread/015.png,There is a defect in the object. What is the type of the defect?,B,B
DS-MVTec/carpet/image/thread/015.png,There is a defect in the object. Where is the defect?,B,B
DS-MVTec/carpet/image/thread/015.png,There is a defect in the object. What is the appearance of the defect?,B,B
DS-MVTec/carpet/image/thread/015.png,There is a defect in the object. Does the texture and coloration around the defect differ from the rest of the material?,C,D
DS-MVTec/carpet/image/thread/016.png,Is there any defect in the object?,A,A
DS-MVTec/carpet/image/thread/016.png,There is a defect in the object. What is the type of the defect?,B,A
DS-MVTec/carpet/image/thread/016.png,There is a defect in the object. Where is the defect?,C,C
DS-MVTec/carpet/image/thread/016.png,There is a defect in the object. What is the appearance of the defect?,A,A
DS-MVTec/carpet/image/thread/016.png,There is a defect in the object. What effect does the defect have?,B,B
DS-MVTec/carpet/image/thread/017.png,Is there any defect in the object?,B,B
DS-MVTec/carpet/image/thread/017.png,There is a defect in the object. What is the type of the defect?,B,B
DS-MVTec/carpet/image/thread/017.png,There is a defect in the object. Where is the defect?,D,D
DS-MVTec/carpet/image/thread/017.png,There is a defect in the object. What is the appearance of the defect?,D,A
DS-MVTec/carpet/image/thread/017.png,There is a defect in the object. What could be the nature of the defect in reference to the weaving?,B,B
DS-MVTec/carpet/image/thread/018.png,Is there any defect in the object?,B,B
DS-MVTec/carpet/image/thread/018.png,There is a defect in the object. What is the type of the defect?,D,D
DS-MVTec/carpet/image/thread/018.png,There is a defect in the object. Where is the defect?,A,B
DS-MVTec/carpet/image/thread/018.png,There is a defect in the object. What is the appearance of the defect?,C,C
DS-MVTec/carpet/image/thread/018.png,There is a defect in the object. What is the effect of the defect?,A,A
DS-MVTec/grid/image/bent/000.png,Is there any defect in the object?,A,A
DS-MVTec/grid/image/bent/000.png,There is a defect in the object. What is the type of the defect?,C,C
DS-MVTec/grid/image/bent/000.png,There is a defect in the object. Where is the defect?,B,B
DS-MVTec/grid/image/bent/000.png,There is a defect in the object. What is the appearance of the defect?,D,D
DS-MVTec/grid/image/bent/000.png,There is a defect in the object. What is the effect of the defect on the grid?,A,A
DS-MVTec/grid/image/bent/001.png,Is there any defect in the object?,B,B
DS-MVTec/grid/image/bent/001.png,There is a defect in the object. What is the type of the defect?,C,A
DS-MVTec/grid/image/bent/001.png,There is a defect in the object. Where is the defect?,C,C
DS-MVTec/grid/image/bent/001.png,There is a defect in the object. What is the appearance of the defect?,C,C
DS-MVTec/grid/image/bent/001.png,There is a defect in the object. How does the defect affect the object?,D,D
DS-MVTec/grid/image/bent/002.png,Is there any defect in the object?,B,B
DS-MVTec/grid/image/bent/002.png,There is a defect in the object. What is the type of the defect?,A,B
DS-MVTec/grid/image/bent/002.png,There is a defect in the object. Where is the defect?,D,D
DS-MVTec/grid/image/bent/002.png,There is a defect in the object. What is the appearance of the defect?,A,A
DS-MVTec/grid/image/bent/002.png,There is a defect in the object. What is the effect of the defect on the grid pattern?,B,B
DS-MVTec/grid/image/bent/003.png,Is there any defect in the object?,A,A
DS-MVTec/grid/image/bent/003.png,There is a defect in the object. What is the type of the defect?,A,B
DS-MVTec/grid/image/bent/003.png,There is a defect in the object. Where is the defect?,D,D
DS-MVTec/grid/image/bent/003.png,There is a defect in the object. What is the appearance of the defect?,C,C
DS-MVTec/grid/image/bent/003.png,There is a defect in the object. What effect does the defect have on the object?,C,C
DS-MVTec/grid/image/bent/004.png,Is there any defect in the object?,B,B
DS-MVTec/grid/image/bent/004.png,There is a defect in the object. What is the type of the defect?,C,B
DS-MVTec/grid/image/bent/004.png,There is a defect in the object. Where is the defect?,D,D
DS-MVTec/grid/image/bent/004.png,There is a defect in the object. What is the appearance of the defect?,A,A
DS-MVTec/grid/image/bent/004.png,There is a defect in the object. What is the effect of the defect?,D,D
DS-MVTec/grid/image/bent/005.png,Is there any defect in the object?,A,A
DS-MVTec/grid/image/bent/005.png,There is a defect in the object. What is the type of the defect?,B,B
DS-MVTec/grid/image/bent/005.png,There is a defect in the object. Where is the defect?,A,A
DS-MVTec/grid/image/bent/005.png,There is a defect in the object. What is the appearance of the defect?,C,C
DS-MVTec/grid/image/bent/005.png,There is a defect in the object. How does the defect affect the object?,A,A
DS-MVTec/grid/image/bent/006.png,Is there any defect in the object?,B,B
DS-MVTec/grid/image/bent/006.png,There is a defect in the object. What is the type of the defect?,B,B
DS-MVTec/grid/image/bent/006.png,There is a defect in the object. Where is the defect?,B,A
DS-MVTec/grid/image/bent/006.png,There is a defect in the object. What is the appearance of the defect?,A,A
DS-MVTec/grid/image/bent/006.png,There is a defect in the object. What is the effect of the defect on the object?,B,B
DS-MVTec/grid/image/bent/007.png,Is there any defect in the object?,B,B
DS-MVTec/grid/image/bent/007.png,There is a defect in the object. What is the type of the defect?,A,A
DS-MVTec/grid/image/bent/007.png,There is a defect in the object. Where is the defect?,B,B
DS-MVTec/grid/image/bent/007.png,There is a defect in the object. What is the appearance of the defect?,C,C
DS-MVTec/grid/image/bent/007.png,There is a defect in the object. What is the effect of the defect on the object?,D,D
DS-MVTec/grid/image/bent/008.png,Is there any defect in the object?,A,A
DS-MVTec/grid/image/bent/008.png,There is a defect in the object. What is the type of the defect?,B,C
DS-MVTec/grid/image/bent/008.png,There is a defect in the object. Where is the defect?,A,B
DS-MVTec/grid/image/bent/008.png,There is a defect in the object. What is the appearance of the defect?,C,C
DS-MVTec/grid/image/bent/008.png,There is a defect in the object. How does the defect affect the object?,A,A
DS-MVTec/grid/image/bent/009.png,Is there any defect in the object?,A,A
DS-MVTec/grid/image/bent/009.png,There is a defect in the object. What is the type of the defect?,B,A
DS-MVTec/grid/image/bent/009.png,There is a defect in the object. Where is the defect?,A,A
DS-MVTec/grid/image/bent/009.png,There is a defect in the object. What is the appearance of the defect?,A,C
DS-MVTec/grid/image/bent/009.png,There is a defect in the object. How does the defect affect the object?,C,C
DS-MVTec/grid/image/bent/010.png,Is there any defect in the object?,A,A
DS-MVTec/grid/image/bent/010.png,There is a defect in the object. What is the type of the defect?,B,D
DS-MVTec/grid/image/bent/010.png,There is a defect in the object. Where is the defect?,B,B
DS-MVTec/grid/image/bent/010.png,There is a defect in the object. What is the appearance of the defect?,D,B
DS-MVTec/grid/image/bent/010.png,There is a defect in the object. How does the defect affect the appearance of the object?,C,C
DS-MVTec/grid/image/bent/011.png,Is there any defect in the object?,A,A
DS-MVTec/grid/image/bent/011.png,There is a defect in the object. What is the type of the defect?,C,A
DS-MVTec/grid/image/bent/011.png,There is a defect in the object. Where is the defect?,C,D
DS-MVTec/grid/image/bent/011.png,There is a defect in the object. What is the appearance of the defect?,B,A
DS-MVTec/grid/image/bent/011.png,There is a defect in the object. What is the effect of the defect?,B,B
DS-MVTec/grid/image/broken/000.png,Is there any defect in the object?,B,B
DS-MVTec/grid/image/broken/000.png,There is a defect in the object. What is the type of the defect?,C,C
DS-MVTec/grid/image/broken/000.png,There is a defect in the object. Where is the defect?,B,B
DS-MVTec/grid/image/broken/000.png,There is a defect in the object. What is the appearance of the defect?,D,A
DS-MVTec/grid/image/broken/000.png,There is a defect in the object. What is the effect of the defect on the object?,B,B
DS-MVTec/grid/image/broken/001.png,Is there any defect in the object?,A,A
DS-MVTec/grid/image/broken/001.png,There is a defect in the object. What is the type of the defect?,C,C
DS-MVTec/grid/image/broken/001.png,There is a defect in the object. Where is the defect?,B,B
DS-MVTec/grid/image/broken/001.png,There is a defect in the object. What is the appearance of the defect?,D,D
DS-MVTec/grid/image/broken/001.png,There is a defect in the object. How do the instances of defect vary?,B,B
DS-MVTec/grid/image/broken/002.png,Is there any defect in the object?,B,B
DS-MVTec/grid/image/broken/002.png,There is a defect in the object. What is the type of the defect?,B,B
DS-MVTec/grid/image/broken/002.png,There is a defect in the object. Where is the defect?,D,D
DS-MVTec/grid/image/broken/002.png,There is a defect in the object. What is the appearance of the defect?,A,A
DS-MVTec/grid/image/broken/002.png,There is a defect in the object. What is the effect of the defect?,A,A
DS-MVTec/grid/image/broken/003.png,Is there any defect in the object?,B,B
DS-MVTec/grid/image/broken/003.png,There is a defect in the object. What is the type of the defect?,C,C
DS-MVTec/grid/image/broken/003.png,There is a defect in the object. Where is the defect?,D,D
DS-MVTec/grid/image/broken/003.png,There is a defect in the object. What is the appearance of the defect?,B,A
DS-MVTec/grid/image/broken/003.png,There is a defect in the object. What is the effect of the defect on the grid?,B,B
DS-MVTec/grid/image/broken/004.png,Is there any defect in the object?,B,B
DS-MVTec/grid/image/broken/004.png,There is a defect in the object. What is the type of the defect?,C,D
DS-MVTec/grid/image/broken/004.png,There is a defect in the object. Where is the defect?,A,A
DS-MVTec/grid/image/broken/004.png,There is a defect in the object. What is the appearance of the defect?,D,D
DS-MVTec/grid/image/broken/004.png,There is a defect in the object. What effect does the defect have on the fabric?,D,D
DS-MVTec/grid/image/broken/005.png,Is there any defect in the object?,A,A
DS-MVTec/grid/image/broken/005.png,There is a defect in the object. What is the type of the defect?,C,C
DS-MVTec/grid/image/broken/005.png,There is a defect in the object. Where is the defect?,B,B
DS-MVTec/grid/image/broken/005.png,There is a defect in the object. What is the appearance of the defect?,C,C
DS-MVTec/grid/image/broken/005.png,There is a defect in the object. How does the defect affect the grid pattern?,C,C
DS-MVTec/grid/image/broken/006.png,Is there any defect in the object?,A,A
DS-MVTec/grid/image/broken/006.png,There is a defect in the object. What is the type of the defect?,A,A
DS-MVTec/grid/image/broken/006.png,There is a defect in the object. Where is the defect?,A,B
DS-MVTec/grid/image/broken/006.png,There is a defect in the object. What is the appearance of the defect?,C,C
DS-MVTec/grid/image/broken/006.png,There is a defect in the object. What is the effect of the defect on the pattern's uniformity?,A,A
DS-MVTec/grid/image/broken/007.png,Is there any defect in the object?,B,B
DS-MVTec/grid/image/broken/007.png,There is a defect in the object. What is the type of the defect?,B,B
DS-MVTec/grid/image/broken/007.png,There is a defect in the object. Where is the defect?,A,A
DS-MVTec/grid/image/broken/007.png,There is a defect in the object. What is the appearance of the defect?,A,A
DS-MVTec/grid/image/broken/007.png,There is a defect in the object. How does the defect affect the object?,D,D
DS-MVTec/grid/image/broken/008.png,Is there any defect in the object?,B,B
DS-MVTec/grid/image/broken/008.png,There is a defect in the object. What is the type of the defect?,D,D
DS-MVTec/grid/image/broken/008.png,There is a defect in the object. Where is the defect?,A,A
DS-MVTec/grid/image/broken/008.png,There is a defect in the object. What is the appearance of the defect?,C,C
DS-MVTec/grid/image/broken/008.png,There is a defect in the object. What is the effect of the defect on the object?,A,A
DS-MVTec/grid/image/broken/009.png,Is there any defect in the object?,A,A
DS-MVTec/grid/image/broken/009.png,There is a defect in the object. What is the type of the defect?,D,D
DS-MVTec/grid/image/broken/009.png,There is a defect in the object. Where is the defect?,D,D
DS-MVTec/grid/image/broken/009.png,There is a defect in the object. What is the appearance of the defect?,A,A
DS-MVTec/grid/image/broken/009.png,There are some defects in the object. What is the effect of these defects on the grid pattern?,C,C
DS-MVTec/grid/image/broken/010.png,Is there any defect in the object?,B,B
DS-MVTec/grid/image/broken/010.png,There is a defect in the object. What is the type of the defect?,A,A
DS-MVTec/grid/image/broken/010.png,There is a defect in the object. Where is the defect?,B,B
DS-MVTec/grid/image/broken/010.png,There is a defect in the object. What is the appearance of the defect?,B,A
DS-MVTec/grid/image/broken/010.png,There is a defect in the object. How does the defect manifest on the surface of the object?,D,D
DS-MVTec/grid/image/broken/011.png,Is there any defect in the object?,B,B
DS-MVTec/grid/image/broken/011.png,There is a defect in the object. What is the type of the defect?,A,A
DS-MVTec/grid/image/broken/011.png,There is a defect in the object. Where is the defect?,D,D
DS-MVTec/grid/image/broken/011.png,There is a defect in the object. What is the appearance of the defect?,B,D
DS-MVTec/grid/image/broken/011.png,There is a defect in the object. How many significant interruptions are there in the pattern?,A,D
DS-MVTec/grid/image/glue/000.png,Is there any defect in the object?,B,B
DS-MVTec/grid/image/glue/000.png,There is a defect in the object. What is the type of the defect?,D,D
DS-MVTec/grid/image/glue/000.png,There is a defect in the object. Where is the defect?,A,A
DS-MVTec/grid/image/glue/000.png,There is a defect in the object. What is the appearance of the defect?,B,B
DS-MVTec/grid/image/glue/000.png,There is a defect in the object. What is the effect of the defect on the grid?,D,D
DS-MVTec/grid/image/glue/001.png,Is there any defect in the object?,B,B
DS-MVTec/grid/image/glue/001.png,There is a defect in the object. What is the type of the defect?,D,D
DS-MVTec/grid/image/glue/001.png,There is a defect in the object. Where is the defect?,A,A
DS-MVTec/grid/image/glue/001.png,There is a defect in the object. What is the appearance of the defect?,C,B
DS-MVTec/grid/image/glue/001.png,There is a defect in the object. What is the effect of the defect on the grid?,A,A
DS-MVTec/grid/image/glue/002.png,Is there any defect in the object?,B,B
DS-MVTec/grid/image/glue/002.png,There is a defect in the object. What is the type of the defect?,B,B
DS-MVTec/grid/image/glue/002.png,There is a defect in the object. Where is the defect?,A,A
DS-MVTec/grid/image/glue/002.png,There is a defect in the object. What is the appearance of the defect?,C,A
DS-MVTec/grid/image/glue/002.png,There is a defect in the object. What effect does the defect have on the object?,C,C
DS-MVTec/grid/image/glue/003.png,Is there any defect in the object?,B,B
DS-MVTec/grid/image/glue/003.png,There is a defect in the object. What is the type of the defect?,A,D
DS-MVTec/grid/image/glue/003.png,There is a defect in the object. Where is the defect?,D,B
DS-MVTec/grid/image/glue/003.png,There is a defect in the object. What is the appearance of the defect?,C,C
DS-MVTec/grid/image/glue/003.png,There is a defect in the object. What might the blob likely be?,C,C
DS-MVTec/grid/image/glue/004.png,Is there any defect in the object?,B,B
DS-MVTec/grid/image/glue/004.png,There is a defect in the object. What is the type of the defect?,C,A
DS-MVTec/grid/image/glue/004.png,There is a defect in the object. Where is the defect?,A,A
DS-MVTec/grid/image/glue/004.png,There is a defect in the object. What is the appearance of the defect?,A,B
DS-MVTec/grid/image/glue/004.png,There is a defect in the object. What is the effect of the defect on the grid pattern?,A,A
DS-MVTec/grid/image/glue/005.png,Is there any defect in the object?,A,A
DS-MVTec/grid/image/glue/005.png,There is a defect in the object. What is the type of the defect?,A,C
DS-MVTec/grid/image/glue/005.png,There is a defect in the object. Where is the defect?,A,A
DS-MVTec/grid/image/glue/005.png,There is a defect in the object. What is the appearance of the defect?,D,C
DS-MVTec/grid/image/glue/005.png,There is a defect in the object. What effect does the defect have on the object?,B,B
DS-MVTec/grid/image/glue/006.png,Is there any defect in the object?,B,B
DS-MVTec/grid/image/glue/006.png,There is a defect in the object. What is the type of the defect?,D,B
DS-MVTec/grid/image/glue/006.png,There is a defect in the object. Where is the defect?,C,C
DS-MVTec/grid/image/glue/006.png,There is a defect in the object. What is the appearance of the defect?,D,D
DS-MVTec/grid/image/glue/006.png,There is a defect in the object. What effect does the defect have on the object?,D,D
DS-MVTec/grid/image/glue/007.png,Is there any defect in the object?,A,A
DS-MVTec/grid/image/glue/007.png,There is a defect in the object. What is the type of the defect?,D,A
DS-MVTec/grid/image/glue/007.png,There is a defect in the object. Where is the defect?,C,C
DS-MVTec/grid/image/glue/007.png,There is a defect in the object. What is the appearance of the defect?,C,C
DS-MVTec/grid/image/glue/007.png,There is a defect in the object. What is the effect of the defect?,D,D
DS-MVTec/grid/image/glue/008.png,Is there any defect in the object?,A,B
DS-MVTec/grid/image/glue/008.png,There is a defect in the object. What is the type of the defect?,D,C
DS-MVTec/grid/image/glue/008.png,There is a defect in the object. Where is the defect?,C,B
DS-MVTec/grid/image/glue/008.png,There is a defect in the object. What is the appearance of the defect?,D,B
DS-MVTec/grid/image/glue/008.png,There is a defect in the object. What effect does the defect have on the mesh?,C,C
DS-MVTec/grid/image/glue/009.png,Is there any defect in the object?,B,B
DS-MVTec/grid/image/glue/009.png,There is a defect in the object. What is the type of the defect?,B,C
DS-MVTec/grid/image/glue/009.png,There is a defect in the object. Where is the defect?,D,D
DS-MVTec/grid/image/glue/009.png,There is a defect in the object. What is the appearance of the defect?,A,A
DS-MVTec/grid/image/glue/009.png,There is a defect in the object. What is the effect of the defect?,B,B
DS-MVTec/grid/image/glue/010.png,Is there any defect in the object?,A,A
DS-MVTec/grid/image/glue/010.png,There is a defect in the object. What is the type of the defect?,A,B
DS-MVTec/grid/image/glue/010.png,There is a defect in the object. Where is the defect?,D,D
DS-MVTec/grid/image/glue/010.png,There is a defect in the object. What is the appearance of the defect?,D,D
DS-MVTec/grid/image/glue/010.png,There is a defect in the object. What effect does the defect have on the object?,B,B
DS-MVTec/grid/image/good/000.png,Is there any defect in the object?,B,B
DS-MVTec/grid/image/good/001.png,Is there any defect in the object?,B,B
DS-MVTec/grid/image/good/002.png,Is there any defect in the object?,B,B
DS-MVTec/grid/image/good/005.png,Is there any defect in the object?,B,B
DS-MVTec/grid/image/good/006.png,Is there any defect in the object?,B,B
DS-MVTec/grid/image/good/007.png,Is there any defect in the object?,B,B
DS-MVTec/grid/image/good/008.png,Is there any defect in the object?,A,A
DS-MVTec/grid/image/good/009.png,Is there any defect in the object?,B,B
DS-MVTec/grid/image/good/010.png,Is there any defect in the object?,A,A
DS-MVTec/grid/image/good/011.png,Is there any defect in the object?,A,A
DS-MVTec/grid/image/good/012.png,Is there any defect in the object?,B,B
DS-MVTec/grid/image/good/013.png,Is there any defect in the object?,A,A
DS-MVTec/grid/image/good/014.png,Is there any defect in the object?,A,A
DS-MVTec/grid/image/good/015.png,Is there any defect in the object?,B,B
DS-MVTec/grid/image/good/016.png,Is there any defect in the object?,A,A
DS-MVTec/grid/image/good/017.png,Is there any defect in the object?,B,B
DS-MVTec/grid/image/good/018.png,Is there any defect in the object?,A,A
DS-MVTec/grid/image/good/019.png,Is there any defect in the object?,A,A
DS-MVTec/grid/image/good/020.png,Is there any defect in the object?,A,A
DS-MVTec/grid/image/metal_contamination/000.png,Is there any defect in the object?,A,A
DS-MVTec/grid/image/metal_contamination/000.png,There is a defect in the object. What is the type of the defect?,D,C
DS-MVTec/grid/image/metal_contamination/000.png,There is a defect in the object. Where is the defect?,D,D
DS-MVTec/grid/image/metal_contamination/000.png,There is a defect in the object. What is the appearance of the defect?,A,A
DS-MVTec/grid/image/metal_contamination/000.png,There is a defect in the object. How does the defect affect the object?,C,C
DS-MVTec/grid/image/metal_contamination/001.png,Is there any defect in the object?,A,A
DS-MVTec/grid/image/metal_contamination/001.png,There is a defect in the object. What is the type of the defect?,C,C
DS-MVTec/grid/image/metal_contamination/001.png,There is a defect in the object. Where is the defect?,A,A
DS-MVTec/grid/image/metal_contamination/001.png,There is a defect in the object. What is the appearance of the defect?,D,D
DS-MVTec/grid/image/metal_contamination/001.png,There is a defect in the object. How does the defect on the grid contrast with the surrounding area?,B,B
DS-MVTec/grid/image/metal_contamination/002.png,Is there any defect in the object?,B,B
DS-MVTec/grid/image/metal_contamination/002.png,There is a defect in the object. What is the type of the defect?,C,C
DS-MVTec/grid/image/metal_contamination/002.png,There is a defect in the object. Where is the defect?,A,A
DS-MVTec/grid/image/metal_contamination/002.png,There is a defect in the object. What is the appearance of the defect?,C,C
DS-MVTec/grid/image/metal_contamination/002.png,There is a defect in the object. What effect does the defect have on the object?,D,D
DS-MVTec/grid/image/metal_contamination/003.png,Is there any defect in the object?,A,A
DS-MVTec/grid/image/metal_contamination/003.png,There is a defect in the object. What is the type of the defect?,B,B
DS-MVTec/grid/image/metal_contamination/003.png,There is a defect in the object. Where is the defect?,A,D
DS-MVTec/grid/image/metal_contamination/003.png,There is a defect in the object. What is the appearance of the defect?,C,A
DS-MVTec/grid/image/metal_contamination/003.png,There is a defect in the object. How does the defect affect the object?,B,B
DS-MVTec/grid/image/metal_contamination/004.png,Is there any defect in the object?,B,B
DS-MVTec/grid/image/metal_contamination/004.png,There is a defect in the object. What is the type of the defect?,C,C
DS-MVTec/grid/image/metal_contamination/004.png,There is a defect in the object. Where is the defect?,D,D
DS-MVTec/grid/image/metal_contamination/004.png,There is a defect in the object. What is the appearance of the defect?,D,C
DS-MVTec/grid/image/metal_contamination/004.png,There is a defect in the object. How does the defect affect the object?,A,A
DS-MVTec/grid/image/metal_contamination/005.png,Is there any defect in the object?,B,B
DS-MVTec/grid/image/metal_contamination/005.png,There is a defect in the object. What is the type of the defect?,A,C
DS-MVTec/grid/image/metal_contamination/005.png,There is a defect in the object. Where is the defect?,D,D
DS-MVTec/grid/image/metal_contamination/005.png,There is a defect in the object. What is the appearance of the defect?,D,D
DS-MVTec/grid/image/metal_contamination/005.png,There is a defect in the object. What could indicate the nature of the defect?,A,A
DS-MVTec/grid/image/metal_contamination/006.png,Is there any defect in the object?,A,A
DS-MVTec/grid/image/metal_contamination/006.png,There is a defect in the object. What is the type of the defect?,B,D
DS-MVTec/grid/image/metal_contamination/006.png,There is a defect in the object. Where is the defect?,D,D
DS-MVTec/grid/image/metal_contamination/006.png,There is a defect in the object. What is the appearance of the defect?,A,A
DS-MVTec/grid/image/metal_contamination/006.png,There is a defect in the object. How does the defect affect the object?,C,C
DS-MVTec/grid/image/metal_contamination/007.png,Is there any defect in the object?,B,B
DS-MVTec/grid/image/metal_contamination/007.png,There is a defect in the object. What is the type of the defect?,C,C
DS-MVTec/grid/image/metal_contamination/007.png,There is a defect in the object. Where is the defect?,C,C
DS-MVTec/grid/image/metal_contamination/007.png,There is a defect in the object. What is the appearance of the defect?,C,A
DS-MVTec/grid/image/metal_contamination/007.png,There is a defect in the object. What is the effect of the defect on the grid?,D,D
DS-MVTec/grid/image/metal_contamination/008.png,Is there any defect in the object?,B,B
DS-MVTec/grid/image/metal_contamination/008.png,There is a defect in the object. What is the type of the defect?,A,D
DS-MVTec/grid/image/metal_contamination/008.png,There is a defect in the object. Where is the defect?,D,D
DS-MVTec/grid/image/metal_contamination/008.png,There is a defect in the object. What is the appearance of the defect?,D,A
DS-MVTec/grid/image/metal_contamination/008.png,There is a defect in the object. How does the defect affect the object?,C,C
DS-MVTec/grid/image/metal_contamination/009.png,Is there any defect in the object?,B,B
DS-MVTec/grid/image/metal_contamination/009.png,There is a defect in the object. What is the type of the defect?,D,D
DS-MVTec/grid/image/metal_contamination/009.png,There is a defect in the object. Where is the defect?,C,C
DS-MVTec/grid/image/metal_contamination/009.png,There is a defect in the object. What is the appearance of the defect?,A,A
DS-MVTec/grid/image/metal_contamination/009.png,There is a defect in the object. What could be the effect of the defect?,A,A
DS-MVTec/grid/image/metal_contamination/010.png,Is there any defect in the object?,B,B
DS-MVTec/grid/image/metal_contamination/010.png,There is a defect in the object. What is the type of the defect?,A,A
DS-MVTec/grid/image/metal_contamination/010.png,There is a defect in the object. Where is the defect?,A,A
DS-MVTec/grid/image/metal_contamination/010.png,There is a defect in the object. What is the appearance of the defect?,C,C
DS-MVTec/grid/image/metal_contamination/010.png,There is a defect in the object. What is the effect of the defect on the object?,D,D
DS-MVTec/grid/image/thread/000.png,Is there any defect in the object?,B,B
DS-MVTec/grid/image/thread/000.png,There is a defect in the object. What is the type of the defect?,A,A
DS-MVTec/grid/image/thread/000.png,There is a defect in the object. Where is the defect?,D,D
DS-MVTec/grid/image/thread/000.png,There is a defect in the object. What is the appearance of the defect?,B,B
DS-MVTec/grid/image/thread/000.png,There is a defect in the object. What is the effect of the defect?,D,D
DS-MVTec/grid/image/thread/001.png,Is there any defect in the object?,B,B
DS-MVTec/grid/image/thread/001.png,There is a defect in the object. What is the type of the defect?,C,C
DS-MVTec/grid/image/thread/001.png,There is a defect in the object. Where is the defect?,C,C
DS-MVTec/grid/image/thread/001.png,There is a defect in the object. What is the appearance of the defect?,A,A
DS-MVTec/grid/image/thread/001.png,There is a defect in the object. What effect does the defect have on the object?,A,A
DS-MVTec/grid/image/thread/002.png,Is there any defect in the object?,B,B
DS-MVTec/grid/image/thread/002.png,There is a defect in the object. What is the type of the defect?,C,C
DS-MVTec/grid/image/thread/002.png,There is a defect in the object. Where is the defect?,C,C
DS-MVTec/grid/image/thread/002.png,There is a defect in the object. What is the appearance of the defect?,C,A
DS-MVTec/grid/image/thread/002.png,There is a defect in the object. How does the defect affect the fabric?,C,C
DS-MVTec/grid/image/thread/003.png,Is there any defect in the object?,B,B
DS-MVTec/grid/image/thread/003.png,There is a defect in the object. What is the type of the defect?,D,D
DS-MVTec/grid/image/thread/003.png,There is a defect in the object. Where is the defect?,D,A
DS-MVTec/grid/image/thread/003.png,There is a defect in the object. What is the appearance of the defect?,D,A
DS-MVTec/grid/image/thread/003.png,There is a defect in the object. What is the effect of the defect?,B,B
DS-MVTec/grid/image/thread/004.png,Is there any defect in the object?,A,A
DS-MVTec/grid/image/thread/004.png,There is a defect in the object. What is the type of the defect?,A,C
DS-MVTec/grid/image/thread/004.png,There is a defect in the object. Where is the defect?,A,A
DS-MVTec/grid/image/thread/004.png,There is a defect in the object. What is the appearance of the defect?,B,B
DS-MVTec/grid/image/thread/004.png,There is a defect in the object. What is the effect of the defect on the fabric?,C,C
DS-MVTec/grid/image/thread/005.png,Is there any defect in the object?,A,A
DS-MVTec/grid/image/thread/005.png,There is a defect in the object. What is the type of the defect?,D,A
DS-MVTec/grid/image/thread/005.png,There is a defect in the object. Where is the defect?,C,C
DS-MVTec/grid/image/thread/005.png,There is a defect in the object. What is the appearance of the defect?,B,B
DS-MVTec/grid/image/thread/005.png,There is a defect in the object. How does the defect affect the pattern?,D,D
DS-MVTec/grid/image/thread/006.png,Is there any defect in the object?,A,A
DS-MVTec/grid/image/thread/006.png,There is a defect in the object. What is the type of the defect?,A,A
DS-MVTec/grid/image/thread/006.png,There is a defect in the object. Where is the defect?,D,D
DS-MVTec/grid/image/thread/006.png,There is a defect in the object. What is the appearance of the defect?,B,B
DS-MVTec/grid/image/thread/006.png,There is a defect in the object. What is the effect of the defect?,B,B
DS-MVTec/grid/image/thread/007.png,Is there any defect in the object?,B,B
DS-MVTec/grid/image/thread/007.png,There is a defect in the object. What is the type of the defect?,B,B
DS-MVTec/grid/image/thread/007.png,There is a defect in the object. Where is the defect?,A,A
DS-MVTec/grid/image/thread/007.png,There is a defect in the object. What is the appearance of the defect?,A,A
DS-MVTec/grid/image/thread/007.png,There is a defect in the object. What is the effect of the defect on the object?,B,B
DS-MVTec/grid/image/thread/008.png,Is there any defect in the object?,B,B
DS-MVTec/grid/image/thread/008.png,There is a defect in the object. What is the type of the defect?,A,A
DS-MVTec/grid/image/thread/008.png,There is a defect in the object. Where is the defect?,C,C
DS-MVTec/grid/image/thread/008.png,There is a defect in the object. What is the appearance of the defect?,D,D
DS-MVTec/grid/image/thread/008.png,There is a defect in the object. How does the defect's width vary?,C,C
DS-MVTec/grid/image/thread/009.png,Is there any defect in the object?,B,B
DS-MVTec/grid/image/thread/009.png,There is a defect in the object. What is the type of the defect?,B,C
DS-MVTec/grid/image/thread/009.png,There is a defect in the object. Where is the defect?,C,C
DS-MVTec/grid/image/thread/009.png,There is a defect in the object. What is the appearance of the defect?,C,C
DS-MVTec/grid/image/thread/009.png,There is a defect in the object. What is the effect of the defect?,A,A
DS-MVTec/grid/image/thread/010.png,Is there any defect in the object?,B,B
DS-MVTec/grid/image/thread/010.png,There is a defect in the object. What is the type of the defect?,D,C
DS-MVTec/grid/image/thread/010.png,There is a defect in the object. Where is the defect?,C,C
DS-MVTec/grid/image/thread/010.png,There is a defect in the object. What is the appearance of the defect?,B,B
DS-MVTec/grid/image/thread/010.png,There is a defect in the object. How does the defect affect the appearance of the object?,A,A
DS-MVTec/hazelnut/image/crack/000.png,Is there any defect in the object?,A,A
DS-MVTec/hazelnut/image/crack/000.png,There is a defect in the object. What is the type of the defect?,B,B
DS-MVTec/hazelnut/image/crack/000.png,There is a defect in the object. Where is the defect?,D,D
DS-MVTec/hazelnut/image/crack/000.png,There is a defect in the object. What is the appearance of the defect?,D,D
DS-MVTec/hazelnut/image/crack/000.png,There is a defect in the object. What is the potential effect of the defect on the hazelnut?,D,D
DS-MVTec/hazelnut/image/crack/001.png,Is there any defect in the object?,B,B
DS-MVTec/hazelnut/image/crack/001.png,There is a defect in the object. What is the type of the defect?,D,D
DS-MVTec/hazelnut/image/crack/001.png,There is a defect in the object. Where is the defect?,C,C
DS-MVTec/hazelnut/image/crack/001.png,There is a defect in the object. What is the appearance of the defect?,A,A
DS-MVTec/hazelnut/image/crack/001.png,There is a defect in the object. What does the defect reveal?,B,B
DS-MVTec/hazelnut/image/crack/002.png,Is there any defect in the object?,A,A
DS-MVTec/hazelnut/image/crack/002.png,There is a defect in the object. What is the type of the defect?,B,B
DS-MVTec/hazelnut/image/crack/002.png,There is a defect in the object. Where is the defect?,B,B
DS-MVTec/hazelnut/image/crack/002.png,There is a defect in the object. What is the appearance of the defect?,C,C
DS-MVTec/hazelnut/image/crack/002.png,There is a defect in the object. What is the effect of the defect on the hazelnut?,C,C
DS-MVTec/hazelnut/image/crack/003.png,Is there any defect in the object?,A,A
DS-MVTec/hazelnut/image/crack/003.png,There is a defect in the object. What is the type of the defect?,B,B
DS-MVTec/hazelnut/image/crack/003.png,There is a defect in the object. Where is the defect?,D,C
DS-MVTec/hazelnut/image/crack/003.png,There is a defect in the object. What is the appearance of the defect?,B,B
DS-MVTec/hazelnut/image/crack/003.png,There is a defect in the object. What could be the effect of the defect?,A,A
DS-MVTec/hazelnut/image/crack/004.png,Is there any defect in the object?,A,A
DS-MVTec/hazelnut/image/crack/004.png,There is a defect in the object. What is the type of the defect?,D,D
DS-MVTec/hazelnut/image/crack/004.png,There is a defect in the object. Where is the defect?,C,C
DS-MVTec/hazelnut/image/crack/004.png,There is a defect in the object. What is the appearance of the defect?,C,C
DS-MVTec/hazelnut/image/crack/004.png,There is a defect in the object. What is the effect of the defect on the hazelnut?,C,C
DS-MVTec/hazelnut/image/crack/005.png,Is there any defect in the object?,A,A
DS-MVTec/hazelnut/image/crack/005.png,There is a defect in the object. What is the type of the defect?,B,B
DS-MVTec/hazelnut/image/crack/005.png,There is a defect in the object. Where is the defect?,C,C
DS-MVTec/hazelnut/image/crack/005.png,There is a defect in the object. What is the appearance of the defect?,D,D
DS-MVTec/hazelnut/image/crack/005.png,There is a defect in the object. What could be the effect of the defect?,C,D
DS-MVTec/hazelnut/image/crack/006.png,Is there any defect in the object?,B,B
DS-MVTec/hazelnut/image/crack/006.png,There is a defect in the object. What is the type of the defect?,D,D
DS-MVTec/hazelnut/image/crack/006.png,There is a defect in the object. Where is the defect?,B,B
DS-MVTec/hazelnut/image/crack/006.png,There is a defect in the object. What is the appearance of the defect?,C,C
DS-MVTec/hazelnut/image/crack/006.png,There is a defect in the object. What could be the effect of the defect?,B,B
DS-MVTec/hazelnut/image/crack/007.png,Is there any defect in the object?,B,B
DS-MVTec/hazelnut/image/crack/007.png,There is a defect in the object. What is the type of the defect?,B,B
DS-MVTec/hazelnut/image/crack/007.png,There is a defect in the object. Where is the defect?,C,C
DS-MVTec/hazelnut/image/crack/007.png,There is a defect in the object. What is the appearance of the defect?,A,A
DS-MVTec/hazelnut/image/crack/007.png,There is a defect in the object. What is the effect of the defect?,B,B
DS-MVTec/hazelnut/image/crack/008.png,Is there any defect in the hazelnut?,B,B
DS-MVTec/hazelnut/image/crack/008.png,There is a defect in the object. What is the type of the defect?,B,B
DS-MVTec/hazelnut/image/crack/008.png,There is a defect in the object. Where is the defect?,D,D
DS-MVTec/hazelnut/image/crack/008.png,There is a defect in the object. What is the appearance of the defect?,A,A
DS-MVTec/hazelnut/image/crack/008.png,There is a defect in the object. How does the defect affect the hazelnut?,A,A
DS-MVTec/hazelnut/image/crack/009.png,Is there any defect in the object?,B,B
DS-MVTec/hazelnut/image/crack/009.png,There is a defect in the object. What is the type of the defect?,C,C
DS-MVTec/hazelnut/image/crack/009.png,There is a defect in the object. Where is the defect?,C,C
DS-MVTec/hazelnut/image/crack/009.png,There is a defect in the object. What is the appearance of the defect?,C,C
DS-MVTec/hazelnut/image/crack/009.png,There is a defect in the object. What effect could the defect have on the hazelnut?,C,C
DS-MVTec/hazelnut/image/crack/010.png,Is there any defect in the object?,A,A
DS-MVTec/hazelnut/image/crack/010.png,There is a defect in the object. What is the type of the defect?,B,B
DS-MVTec/hazelnut/image/crack/010.png,There is a defect in the object. Where is the defect?,A,A
DS-MVTec/hazelnut/image/crack/010.png,There is a defect in the object. What is the appearance of the defect?,C,B
DS-MVTec/hazelnut/image/crack/010.png,There is a defect in the object. How could the defect potentially impact the product?,C,C
DS-MVTec/hazelnut/image/crack/011.png,Is there any defect in the object?,B,B
DS-MVTec/hazelnut/image/crack/011.png,There is a defect in the object. What is the type of the defect?,D,D
DS-MVTec/hazelnut/image/crack/011.png,There is a defect in the object. Where is the defect?,C,C
DS-MVTec/hazelnut/image/crack/011.png,There is a defect in the object. What is the appearance of the defect?,A,A
DS-MVTec/hazelnut/image/crack/011.png,There is a defect in the object. What effect does the defect have on the hazelnut?,D,D
DS-MVTec/hazelnut/image/crack/012.png,Is there any defect in the object?,A,A
DS-MVTec/hazelnut/image/crack/012.png,There is a defect in the object. What is the type of the defect?,B,B
DS-MVTec/hazelnut/image/crack/012.png,There is a defect in the object. Where is the defect?,B,B
DS-MVTec/hazelnut/image/crack/012.png,There is a defect in the object. What is the appearance of the defect?,D,D
DS-MVTec/hazelnut/image/crack/012.png,There is a defect in the object. What may be the effect of the defect on the hazelnut?,C,C
DS-MVTec/hazelnut/image/crack/013.png,Is there any defect in the object?,B,B
DS-MVTec/hazelnut/image/crack/013.png,There is a defect in the object. What is the type of the defect?,C,C
DS-MVTec/hazelnut/image/crack/013.png,There is a defect in the object. Where is the defect?,D,D
DS-MVTec/hazelnut/image/crack/013.png,There is a defect in the object. What is the appearance of the defect?,C,C
DS-MVTec/hazelnut/image/crack/013.png,There is a defect in the object. What is the potential effect of the defect?,B,B
DS-MVTec/hazelnut/image/crack/014.png,Is there any defect in the object?,B,B
DS-MVTec/hazelnut/image/crack/014.png,There is a defect in the object. What is the type of the defect?,C,C
DS-MVTec/hazelnut/image/crack/014.png,There is a defect in the object. Where is the defect?,C,C
DS-MVTec/hazelnut/image/crack/014.png,There is a defect in the object. What is the appearance of the defect?,A,A
DS-MVTec/hazelnut/image/crack/014.png,There is a defect in the object. What effect does the defect have on the hazelnut?,A,A
DS-MVTec/hazelnut/image/crack/015.png,Is there any defect in the object?,B,B
DS-MVTec/hazelnut/image/crack/015.png,There is a defect in the object. What is the type of the defect?,D,D
DS-MVTec/hazelnut/image/crack/015.png,There is a defect in the object. Where is the defect?,B,A
DS-MVTec/hazelnut/image/crack/015.png,There is a defect in the object. What is the appearance of the defect?,B,B
DS-MVTec/hazelnut/image/crack/015.png,There is a defect in the object. What could be the effect of the defect on the hazelnut?,B,B
DS-MVTec/hazelnut/image/crack/016.png,Is there any defect in the object?,A,A
DS-MVTec/hazelnut/image/crack/016.png,There is a defect in the object. What is the type of the defect?,D,D
DS-MVTec/hazelnut/image/crack/016.png,There is a defect in the object. Where is the defect?,C,C
DS-MVTec/hazelnut/image/crack/016.png,There is a defect in the object. What is the appearance of the defect?,D,D
DS-MVTec/hazelnut/image/crack/016.png,"There is a defect in the object. Given the nature of the defect, what might be the effect on the hazelnut?",A,A
DS-MVTec/hazelnut/image/crack/017.png,Is there any defect in the object?,B,B
DS-MVTec/hazelnut/image/crack/017.png,There is a defect in the object. What is the type of the defect?,B,B
DS-MVTec/hazelnut/image/crack/017.png,There is a defect in the object. Where is the defect?,B,B
DS-MVTec/hazelnut/image/crack/017.png,There is a defect in the object. What is the appearance of the defect?,C,D
DS-MVTec/hazelnut/image/crack/017.png,There is a defect in the object. What is the effect of the defect?,D,D
DS-MVTec/hazelnut/image/cut/000.png,Is there any defect in the object?,A,A
DS-MVTec/hazelnut/image/cut/000.png,There is a defect in the object. What is the type of the defect?,B,B
DS-MVTec/hazelnut/image/cut/000.png,There is a defect in the object. Where is the defect?,C,A
DS-MVTec/hazelnut/image/cut/000.png,There is a defect in the object. What is the appearance of the defect?,C,A
DS-MVTec/hazelnut/image/cut/000.png,There is a defect in the object. What is the effect of the defect on the nut’s appearance?,D,D
DS-MVTec/hazelnut/image/cut/001.png,Is there any defect in the object?,B,B
DS-MVTec/hazelnut/image/cut/001.png,There is a defect in the object. What is the type of the defect?,D,D
DS-MVTec/hazelnut/image/cut/001.png,There is a defect in the object. Where is the defect?,C,C
DS-MVTec/hazelnut/image/cut/001.png,There is a defect in the object. What is the appearance of the defect?,B,B
DS-MVTec/hazelnut/image/cut/001.png,There is a defect in the object. What is the potential effect of the defect?,A,A
DS-MVTec/hazelnut/image/cut/002.png,Is there any defect in the object?,A,A
DS-MVTec/hazelnut/image/cut/002.png,There is a defect in the object. What is the type of the defect?,C,D
DS-MVTec/hazelnut/image/cut/002.png,There is a defect in the object. Where is the defect?,D,D
DS-MVTec/hazelnut/image/cut/002.png,There is a defect in the object. What is the appearance of the defect?,B,B
DS-MVTec/hazelnut/image/cut/002.png,There is a defect in the object. How does the defect affect the nut's appearance?,C,C
DS-MVTec/hazelnut/image/cut/003.png,Is there any defect in the object?,A,A
DS-MVTec/hazelnut/image/cut/003.png,There is a defect in the object. What is the type of the defect?,C,C
DS-MVTec/hazelnut/image/cut/003.png,There is a defect in the object. Where is the defect?,D,D
DS-MVTec/hazelnut/image/cut/003.png,There is a defect in the object. What is the appearance of the defect?,A,A
DS-MVTec/hazelnut/image/cut/003.png,There is a defect in the object. What is the effect of the defect?,C,C
DS-MVTec/hazelnut/image/cut/004.png,Is there any defect in the object?,A,A
DS-MVTec/hazelnut/image/cut/004.png,There is a defect in the object. What is the type of the defect?,D,B
DS-MVTec/hazelnut/image/cut/004.png,There is a defect in the object. Where is the defect?,B,B
DS-MVTec/hazelnut/image/cut/004.png,There is a defect in the object. What is the appearance of the defect?,D,D
DS-MVTec/hazelnut/image/cut/004.png,There is a defect in the object. How does the defect run across the shell's surface?,B,B
DS-MVTec/hazelnut/image/cut/005.png,Is there any defect in the object?,A,A
DS-MVTec/hazelnut/image/cut/005.png,There is a defect in the object. What is the type of the defect?,C,C
DS-MVTec/hazelnut/image/cut/005.png,There is a defect in the object. Where is the defect?,A,C
DS-MVTec/hazelnut/image/cut/005.png,There is a defect in the object. What is the appearance of the defect?,B,B
DS-MVTec/hazelnut/image/cut/005.png,There is a defect in the object. What is the effect of the defect on the shell?,A,A
DS-MVTec/hazelnut/image/cut/006.png,Is there any defect in the object?,B,B
DS-MVTec/hazelnut/image/cut/006.png,There is a defect in the object. What is the type of the defect?,A,B
DS-MVTec/hazelnut/image/cut/006.png,There is a defect in the object. Where is the defect?,A,A
DS-MVTec/hazelnut/image/cut/006.png,There is a defect in the object. What is the appearance of the defect?,B,B
DS-MVTec/hazelnut/image/cut/006.png,There is a defect in the object. Is there any additional defect on the hazelnut?,C,A
DS-MVTec/hazelnut/image/cut/007.png,Is there any defect in the object?,B,B
DS-MVTec/hazelnut/image/cut/007.png,There is a defect in the object. What is the type of the defect?,C,C
DS-MVTec/hazelnut/image/cut/007.png,There is a defect in the object. Where is the defect?,B,B
DS-MVTec/hazelnut/image/cut/007.png,There is a defect in the object. What is the appearance of the defect?,C,C
DS-MVTec/hazelnut/image/cut/007.png,There is a defect in the object. What is the effect of the defect?,B,B
DS-MVTec/hazelnut/image/cut/008.png,Is there any defect in the object?,B,B
DS-MVTec/hazelnut/image/cut/008.png,There is a defect in the object. What is the type of the defect?,D,D
DS-MVTec/hazelnut/image/cut/008.png,There is a defect in the object. Where is the defect?,C,C
DS-MVTec/hazelnut/image/cut/008.png,There is a defect in the object. What is the appearance of the defect?,D,D
DS-MVTec/hazelnut/image/cut/008.png,There is a defect in the object. How does the defect affect the nut's appearance?,D,D
DS-MVTec/hazelnut/image/cut/009.png,Is there any defect in the object?,B,B
DS-MVTec/hazelnut/image/cut/009.png,There is a defect in the object. What is the type of the defect?,C,B
DS-MVTec/hazelnut/image/cut/009.png,There is a defect in the object. Where is the defect?,B,B
DS-MVTec/hazelnut/image/cut/009.png,There is a defect in the object. What is the appearance of the defect?,D,A
DS-MVTec/hazelnut/image/cut/009.png,There is a defect in the object. How does the defect affect the appearance of the hazelnut?,C,C
DS-MVTec/hazelnut/image/cut/010.png,Is there any defect in the object?,B,B
DS-MVTec/hazelnut/image/cut/010.png,There is a defect in the object. What is the type of the defect?,B,B
DS-MVTec/hazelnut/image/cut/010.png,There is a defect in the object. Where is the defect?,B,A
DS-MVTec/hazelnut/image/cut/010.png,There is a defect in the object. What is the appearance of the defect?,D,D
DS-MVTec/hazelnut/image/cut/010.png,There is a defect in the object. What is the effect of the defect on the hazelnut?,D,D
DS-MVTec/hazelnut/image/cut/011.png,Is there any defect in the object?,B,B
DS-MVTec/hazelnut/image/cut/011.png,There is a defect in the object. What is the type of the defect?,C,C
DS-MVTec/hazelnut/image/cut/011.png,There is a defect in the object. Where is the defect?,C,B
DS-MVTec/hazelnut/image/cut/011.png,There is a defect in the object. What is the appearance of the defect?,C,C
DS-MVTec/hazelnut/image/cut/011.png,There is a defect in the object. What is the effect of the defect on the hazelnut?,C,C
DS-MVTec/hazelnut/image/cut/012.png,Is there any defect in the object?,B,B
DS-MVTec/hazelnut/image/cut/012.png,There is a defect in the object. What is the type of the defect?,A,A
DS-MVTec/hazelnut/image/cut/012.png,There is a defect in the object. Where is the defect?,D,C
DS-MVTec/hazelnut/image/cut/012.png,There is a defect in the object. What is the appearance of the defect?,D,A
DS-MVTec/hazelnut/image/cut/012.png,There is a defect in the object. What is the effect of the defect on the nut's appearance?,A,A
DS-MVTec/hazelnut/image/cut/013.png,Is there any defect in the object?,A,A
DS-MVTec/hazelnut/image/cut/013.png,There is a defect in the object. What is the type of the defect?,D,D
DS-MVTec/hazelnut/image/cut/013.png,There is a defect in the object. Where is the defect?,C,D
DS-MVTec/hazelnut/image/cut/013.png,There is a defect in the object. What is the appearance of the defect?,B,B
DS-MVTec/hazelnut/image/cut/013.png,There is a defect in the object. What effect does the defect have on the hazelnut?,A,A
DS-MVTec/hazelnut/image/cut/014.png,Is there any defect in the object?,B,B
DS-MVTec/hazelnut/image/cut/014.png,There is a defect in the object. What is the type of the defect?,A,A
DS-MVTec/hazelnut/image/cut/014.png,There is a defect in the object. Where is the defect?,B,B
DS-MVTec/hazelnut/image/cut/014.png,There is a defect in the object. What is the appearance of the defect?,B,B
DS-MVTec/hazelnut/image/cut/014.png,There is a defect in the object. What is the potential effect of the defect?,D,D
DS-MVTec/hazelnut/image/cut/015.png,Is there any defect in the object?,A,A
DS-MVTec/hazelnut/image/cut/015.png,There is a defect in the object. What is the type of the defect?,B,B
DS-MVTec/hazelnut/image/cut/015.png,There is a defect in the object. Where is the defect?,C,D
DS-MVTec/hazelnut/image/cut/015.png,There is a defect in the object. What is the appearance of the defect?,D,D
DS-MVTec/hazelnut/image/cut/015.png,There is a defect in the object. What is the effect of the defect?,B,B
DS-MVTec/hazelnut/image/cut/016.png,Is there any defect in the object?,A,A
DS-MVTec/hazelnut/image/cut/016.png,There is a defect in the object. What is the type of the defect?,D,D
DS-MVTec/hazelnut/image/cut/016.png,There is a defect in the object. Where is the defect?,B,A
DS-MVTec/hazelnut/image/cut/016.png,There is a defect in the object. What is the appearance of the defect?,A,A
DS-MVTec/hazelnut/image/cut/016.png,There is a defect in the object. What does the appearance of the defect suggest?,D,D
DS-MVTec/hazelnut/image/good/000.png,Is there any defect in the object?,A,A
DS-MVTec/hazelnut/image/good/001.png,Is there any defect in the object?,B,A
DS-MVTec/hazelnut/image/good/002.png,Is there any defect in the object?,B,B
DS-MVTec/hazelnut/image/good/003.png,Is there any defect in the object?,B,B
DS-MVTec/hazelnut/image/good/004.png,Is there any defect in the object?,A,A
DS-MVTec/hazelnut/image/good/005.png,Is there any defect in the object?,B,B
DS-MVTec/hazelnut/image/good/006.png,Is there any defect in the object?,A,A
DS-MVTec/hazelnut/image/good/007.png,Is there any defect in the object?,A,A
DS-MVTec/hazelnut/image/good/008.png,Is there any defect in the object?,B,B
DS-MVTec/hazelnut/image/good/009.png,Is there any defect in the object?,B,B
DS-MVTec/hazelnut/image/good/010.png,Is there any defect in the object?,A,A
DS-MVTec/hazelnut/image/good/011.png,Is there any defect in the object?,A,A
DS-MVTec/hazelnut/image/good/012.png,Is there any defect in the object?,A,A
DS-MVTec/hazelnut/image/good/013.png,Is there any defect in the object?,B,B
DS-MVTec/hazelnut/image/good/014.png,Is there any defect in the object?,A,A
DS-MVTec/hazelnut/image/good/015.png,Is there any defect in the object?,B,B
DS-MVTec/hazelnut/image/good/016.png,Is there any defect in the hazelnut?,A,A
DS-MVTec/hazelnut/image/good/017.png,Is there any defect in the object?,A,A
DS-MVTec/hazelnut/image/good/018.png,Is there any defect in the object?,B,B
DS-MVTec/hazelnut/image/good/019.png,Is there any defect in the object?,B,B
DS-MVTec/hazelnut/image/good/020.png,Is there any defect in the object?,B,B
DS-MVTec/hazelnut/image/good/021.png,Is there any defect in the object?,A,A
DS-MVTec/hazelnut/image/good/022.png,Is there any defect in the object?,B,B
DS-MVTec/hazelnut/image/good/023.png,Is there any defect in the object?,A,A
DS-MVTec/hazelnut/image/good/024.png,Is there any defect in the object?,B,B
DS-MVTec/hazelnut/image/good/025.png,Is there any defect in the object?,B,B
DS-MVTec/hazelnut/image/good/026.png,Is there any defect in the object?,B,B
DS-MVTec/hazelnut/image/good/027.png,Is there any defect in the object?,B,B
DS-MVTec/hazelnut/image/good/028.png,Is there any defect in the object?,B,B
DS-MVTec/hazelnut/image/good/029.png,Is there any defect in the object?,A,A
DS-MVTec/hazelnut/image/good/030.png,Is there any defect in the object?,B,B
DS-MVTec/hazelnut/image/good/031.png,Is there any defect in the object?,B,B
DS-MVTec/hazelnut/image/good/032.png,Is there any defect in the object?,A,A
DS-MVTec/hazelnut/image/good/033.png,Is there any defect in the object?,A,A
DS-MVTec/hazelnut/image/good/034.png,Is there any defect in the object?,B,B
DS-MVTec/hazelnut/image/good/035.png,Is there any defect in the hazelnut?,A,A
DS-MVTec/hazelnut/image/good/036.png,Is there any defect in the object?,B,B
DS-MVTec/hazelnut/image/good/037.png,Is there any defect in the object?,A,A
DS-MVTec/hazelnut/image/good/038.png,Is there any defect in the hazelnut?,B,A
DS-MVTec/hazelnut/image/good/039.png,Is there any defect in the object?,B,B
DS-MVTec/hazelnut/image/hole/000.png,Is there any defect in the object?,B,B
DS-MVTec/hazelnut/image/hole/000.png,There is a defect in the object. What is the type of the defect?,B,B
DS-MVTec/hazelnut/image/hole/000.png,There is a defect in the object. Where is the defect?,B,B
DS-MVTec/hazelnut/image/hole/000.png,There is a defect in the object. What is the appearance of the defect?,B,B
DS-MVTec/hazelnut/image/hole/000.png,There is a defect in the object. What could be the effect of the defect on the hazelnut?,A,A
DS-MVTec/hazelnut/image/hole/001.png,Is there any defect in the object?,A,A
DS-MVTec/hazelnut/image/hole/001.png,There is a defect in the object. What is the type of the defect?,C,C
DS-MVTec/hazelnut/image/hole/001.png,There is a defect in the object. Where is the defect?,D,D
DS-MVTec/hazelnut/image/hole/001.png,There is a defect in the object. What is the appearance of the defect?,C,C
DS-MVTec/hazelnut/image/hole/001.png,There is a defect in the object. What is the effect of the defect on the hazelnut's shell?,D,D
DS-MVTec/hazelnut/image/hole/002.png,Is there any defect in the object?,A,A
DS-MVTec/hazelnut/image/hole/002.png,There is a defect in the object. What is the type of the defect?,A,A
DS-MVTec/hazelnut/image/hole/002.png,There is a defect in the object. Where is the defect?,D,B
DS-MVTec/hazelnut/image/hole/002.png,There is a defect in the object. What is the appearance of the defect?,C,C
DS-MVTec/hazelnut/image/hole/002.png,"There is a defect in the object. Based on the appearance of the defect, what might be a possible cause?",B,B
DS-MVTec/hazelnut/image/hole/003.png,Is there any defect in the object?,A,A
DS-MVTec/hazelnut/image/hole/003.png,There is a defect in the object. What is the type of the defect?,B,B
DS-MVTec/hazelnut/image/hole/003.png,There is a defect in the object. Where is the defect?,A,A
DS-MVTec/hazelnut/image/hole/003.png,There is a defect in the object. What is the appearance of the defect?,A,A
DS-MVTec/hazelnut/image/hole/003.png,There is a defect in the object. What could be the effect of the defect?,A,A
DS-MVTec/hazelnut/image/hole/004.png,Is there any defect in the object?,A,A
DS-MVTec/hazelnut/image/hole/004.png,There is a defect in the object. What is the type of the defect?,C,C
DS-MVTec/hazelnut/image/hole/004.png,There is a defect in the object. Where is the defect?,D,A
DS-MVTec/hazelnut/image/hole/004.png,There is a defect in the object. What is the appearance of the defect?,B,B
DS-MVTec/hazelnut/image/hole/004.png,There is a defect in the object. What is the potential effect of the defect?,A,A
DS-MVTec/hazelnut/image/hole/005.png,Is there any defect in the object?,A,A
DS-MVTec/hazelnut/image/hole/005.png,There is a defect in the object. What is the type of the defect?,A,A
DS-MVTec/hazelnut/image/hole/005.png,There is a defect in the object. Where is the defect?,B,B
DS-MVTec/hazelnut/image/hole/005.png,There is a defect in the object. What is the appearance of the defect?,A,A
DS-MVTec/hazelnut/image/hole/005.png,There is a defect in the object. What is the effect of the defect on the hazelnut?,A,A
DS-MVTec/hazelnut/image/hole/006.png,Is there any defect in the object?,A,A
DS-MVTec/hazelnut/image/hole/006.png,There is a defect in the object. What is the type of the defect?,B,B
DS-MVTec/hazelnut/image/hole/006.png,There is a defect in the object. Where is the defect?,B,B
DS-MVTec/hazelnut/image/hole/006.png,There is a defect in the object. What is the appearance of the defect?,B,B
DS-MVTec/hazelnut/image/hole/006.png,There is a defect in the object. What could be the effect of the defect on the hazelnut?,D,D
DS-MVTec/hazelnut/image/hole/007.png,Is there any defect in the object?,B,B
DS-MVTec/hazelnut/image/hole/007.png,There is a defect in the object. What is the type of the defect?,D,D
DS-MVTec/hazelnut/image/hole/007.png,There is a defect in the object. Where is the defect?,D,D
DS-MVTec/hazelnut/image/hole/007.png,There is a defect in the object. What is the appearance of the defect?,B,B
DS-MVTec/hazelnut/image/hole/007.png,There is a defect in the object. What is the potential effect of the defect on the hazelnut?,B,B
DS-MVTec/hazelnut/image/hole/008.png,Is there any defect in the object?,A,A
DS-MVTec/hazelnut/image/hole/008.png,There is a defect in the object. What is the type of the defect?,A,A
DS-MVTec/hazelnut/image/hole/008.png,There is a defect in the object. Where is the defect?,B,A
DS-MVTec/hazelnut/image/hole/008.png,There is a defect in the object. What is the appearance of the defect?,B,B
DS-MVTec/hazelnut/image/hole/008.png,There is a defect in the object. What could be the effect of the defect on the hazelnut?,A,A
DS-MVTec/hazelnut/image/hole/009.png,Is there any defect in the object?,B,B
DS-MVTec/hazelnut/image/hole/009.png,There is a defect in the object. What is the type of the defect?,D,D
DS-MVTec/hazelnut/image/hole/009.png,There is a defect in the object. Where is the defect?,D,D
DS-MVTec/hazelnut/image/hole/009.png,There is a defect in the object. What is the appearance of the defect?,D,D
DS-MVTec/hazelnut/image/hole/009.png,There is a defect in the object. What is the effect of the defect?,B,B
DS-MVTec/hazelnut/image/hole/010.png,Is there any defect in the object?,A,A
DS-MVTec/hazelnut/image/hole/010.png,There is a defect in the object. What is the type of the defect?,A,A
DS-MVTec/hazelnut/image/hole/010.png,There is a defect in the object. Where is the defect?,B,B
DS-MVTec/hazelnut/image/hole/010.png,There is a defect in the object. What is the appearance of the defect?,D,D
DS-MVTec/hazelnut/image/hole/010.png,There is a defect in the object. What does the appearance of the defect suggest?,C,C
DS-MVTec/hazelnut/image/hole/011.png,Is there any defect in the object?,A,A
DS-MVTec/hazelnut/image/hole/011.png,There is a defect in the object. What is the type of the defect?,C,C
DS-MVTec/hazelnut/image/hole/011.png,There is a defect in the object. Where is the defect?,D,C
DS-MVTec/hazelnut/image/hole/011.png,There is a defect in the object. What is the appearance of the defect?,C,C
DS-MVTec/hazelnut/image/hole/011.png,There is a defect in the object. What might be the effect of the defect on the hazelnut?,B,B
DS-MVTec/hazelnut/image/hole/012.png,Is there any defect in the object?,B,B
DS-MVTec/hazelnut/image/hole/012.png,There is a defect in the object. What is the type of the defect?,B,B
DS-MVTec/hazelnut/image/hole/012.png,There is a defect in the object. Where is the defect?,B,D
DS-MVTec/hazelnut/image/hole/012.png,There is a defect in the object. What is the appearance of the defect?,D,D
DS-MVTec/hazelnut/image/hole/012.png,There is a defect in the object. What is the effect of the defect?,A,A
DS-MVTec/hazelnut/image/hole/013.png,Is there any defect in the object?,B,B
DS-MVTec/hazelnut/image/hole/013.png,There is a defect in the object. What is the type of the defect?,D,D
DS-MVTec/hazelnut/image/hole/013.png,There is a defect in the object. Where is the defect?,D,C
DS-MVTec/hazelnut/image/hole/013.png,There is a defect in the object. What is the appearance of the defect?,D,D
DS-MVTec/hazelnut/image/hole/013.png,There is a defect in the object. What effect does the defect have on the hazelnut?,B,B
DS-MVTec/hazelnut/image/hole/014.png,Is there any defect in the object?,A,A
DS-MVTec/hazelnut/image/hole/014.png,There is a defect in the object. What is the type of the defect?,D,D
DS-MVTec/hazelnut/image/hole/014.png,There is a defect in the object. Where is the defect?,B,B
DS-MVTec/hazelnut/image/hole/014.png,There is a defect in the object. What is the appearance of the defect?,C,C
DS-MVTec/hazelnut/image/hole/014.png,There is a defect in the object. What additional detail is present related to the defect?,D,D
DS-MVTec/hazelnut/image/hole/015.png,Is there any defect in the object?,A,A
DS-MVTec/hazelnut/image/hole/015.png,There is a defect in the object. What is the type of the defect?,D,D
DS-MVTec/hazelnut/image/hole/015.png,There is a defect in the object. Where is the defect?,A,C
DS-MVTec/hazelnut/image/hole/015.png,There is a defect in the object. What is the appearance of the defect?,C,C
DS-MVTec/hazelnut/image/hole/015.png,There is a defect in the object. What could be the effect of the defect on the hazelnut?,D,D
DS-MVTec/hazelnut/image/hole/016.png,Is there any defect in the object?,B,B
DS-MVTec/hazelnut/image/hole/016.png,There is a defect in the object. What is the type of the defect?,D,B
DS-MVTec/hazelnut/image/hole/016.png,There is a defect in the object. Where is the defect?,C,C
DS-MVTec/hazelnut/image/hole/016.png,There is a defect in the object. What is the appearance of the defect?,C,C
DS-MVTec/hazelnut/image/hole/016.png,There is a defect in the object. What is the effect of the defect?,C,C
DS-MVTec/hazelnut/image/hole/017.png,Is there any defect in the object?,A,A
DS-MVTec/hazelnut/image/hole/017.png,There is a defect in the object. What is the type of the defect?,C,C
DS-MVTec/hazelnut/image/hole/017.png,There is a defect in the object. Where is the defect?,A,A
DS-MVTec/hazelnut/image/hole/017.png,There is a defect in the object. What is the appearance of the defect?,A,A
DS-MVTec/hazelnut/image/hole/017.png,There is a defect in the object. What could be the effect of the defect?,B,B
DS-MVTec/hazelnut/image/print/000.png,Is there any defect in the object?,A,A
DS-MVTec/hazelnut/image/print/000.png,There is a defect in the object. What is the type of the defect?,A,D
DS-MVTec/hazelnut/image/print/000.png,There is a defect in the object. Where is the defect?,D,D
DS-MVTec/hazelnut/image/print/000.png,There is a defect in the object. What is the appearance of the defect?,C,C
DS-MVTec/hazelnut/image/print/000.png,There is a defect in the object. What is the effect of the defect on the hazelnut?,D,D
DS-MVTec/hazelnut/image/print/001.png,Is there any defect in the object?,A,A
DS-MVTec/hazelnut/image/print/001.png,There is a defect in the object. What is the type of the defect?,C,C
DS-MVTec/hazelnut/image/print/001.png,There is a defect in the object. Where is the defect?,D,D
DS-MVTec/hazelnut/image/print/001.png,There is a defect in the object. What is the appearance of the defect?,B,B
DS-MVTec/hazelnut/image/print/001.png,There is a defect in the object. What is the effect of the defect on the hazelnut?,A,C
DS-MVTec/hazelnut/image/print/002.png,Is there any defect in the object?,B,B
DS-MVTec/hazelnut/image/print/002.png,There is a defect in the object. What is the type of the defect?,A,A
DS-MVTec/hazelnut/image/print/002.png,There is a defect in the object. Where is the defect?,C,A
DS-MVTec/hazelnut/image/print/002.png,There is a defect in the object. What is the appearance of the defect?,C,C
DS-MVTec/hazelnut/image/print/002.png,There is a defect in the object. Does the defect affect the structural integrity of the hazelnut's shell?,C,C
DS-MVTec/hazelnut/image/print/003.png,Is there any defect in the object?,B,B
DS-MVTec/hazelnut/image/print/003.png,There is a defect in the object. What is the type of the defect?,B,B
DS-MVTec/hazelnut/image/print/003.png,There is a defect in the object. Where is the defect?,C,C
DS-MVTec/hazelnut/image/print/003.png,There is a defect in the object. What is the appearance of the defect?,C,C
DS-MVTec/hazelnut/image/print/003.png,There is a defect in the object. What could be the effect of the defect on the hazelnut?,D,D
DS-MVTec/hazelnut/image/print/004.png,Is there any defect in the object?,B,B
DS-MVTec/hazelnut/image/print/004.png,There is a defect in the object. What is the type of the defect?,C,C
DS-MVTec/hazelnut/image/print/004.png,There is a defect in the object. Where is the defect?,D,C
DS-MVTec/hazelnut/image/print/004.png,There is a defect in the object. What is the appearance of the defect?,B,B
DS-MVTec/hazelnut/image/print/004.png,There is a defect in the object. What is the effect of the defect?,C,C
DS-MVTec/hazelnut/image/print/005.png,Is there any defect in the object?,A,A
DS-MVTec/hazelnut/image/print/005.png,There is a defect in the object. What is the type of the defect?,A,A
DS-MVTec/hazelnut/image/print/005.png,There is a defect in the object. Where is the defect?,D,D
DS-MVTec/hazelnut/image/print/005.png,There is a defect in the object. What is the appearance of the defect?,C,C
DS-MVTec/hazelnut/image/print/005.png,There is a defect in the object. What might be the effect or cause of the defect?,D,D
DS-MVTec/hazelnut/image/print/006.png,Is there any defect in the object?,B,B
DS-MVTec/hazelnut/image/print/006.png,There is a defect in the object. What is the type of the defect?,B,B
DS-MVTec/hazelnut/image/print/006.png,There is a defect in the object. Where is the defect?,A,D
DS-MVTec/hazelnut/image/print/006.png,There is a defect in the object. What is the appearance of the defect?,D,D
DS-MVTec/hazelnut/image/print/006.png,There is a defect in the object. How does the defect disrupt the natural appearance of the shell?,D,D
DS-MVTec/hazelnut/image/print/007.png,Is there any defect in the object?,A,A
DS-MVTec/hazelnut/image/print/007.png,There is a defect in the object. What is the type of the defect?,B,B
DS-MVTec/hazelnut/image/print/007.png,There is a defect in the object. Where is the defect?,D,D
DS-MVTec/hazelnut/image/print/007.png,There is a defect in the object. What is the appearance of the defect?,B,B
DS-MVTec/hazelnut/image/print/007.png,There is a defect in the object. What is the effect of the defect on the hazelnut's appearance?,D,D
DS-MVTec/hazelnut/image/print/008.png,Is there any defect in the object?,A,A
DS-MVTec/hazelnut/image/print/008.png,There is a defect in the object. What is the type of the defect?,D,D
DS-MVTec/hazelnut/image/print/008.png,There is a defect in the object. Where is the defect?,C,A
DS-MVTec/hazelnut/image/print/008.png,There is a defect in the object. What is the appearance of the defect?,B,B
DS-MVTec/hazelnut/image/print/008.png,There is a defect in the object. What effect does the defect have on the hazelnut?,A,A
DS-MVTec/hazelnut/image/print/009.png,Is there any defect in the object?,A,A
DS-MVTec/hazelnut/image/print/009.png,There is a defect in the object. What is the type of the defect?,C,A
DS-MVTec/hazelnut/image/print/009.png,There is a defect in the object. Where is the defect?,D,B
DS-MVTec/hazelnut/image/print/009.png,There is a defect in the object. What is the appearance of the defect?,C,C
DS-MVTec/hazelnut/image/print/009.png,There is a defect in the object. What effect does the defect have on the appearance of the hazelnut?,A,A
DS-MVTec/hazelnut/image/print/010.png,Is there any defect in the object?,A,A
DS-MVTec/hazelnut/image/print/010.png,There is a defect in the object. What is the type of the defect?,B,B
DS-MVTec/hazelnut/image/print/010.png,There is a defect in the object. Where is the defect?,C,C
DS-MVTec/hazelnut/image/print/010.png,There is a defect in the object. What is the appearance of the defect?,A,A
DS-MVTec/hazelnut/image/print/010.png,There is a defect in the object. What effect does the defect have on the hazelnut?,B,B
DS-MVTec/hazelnut/image/print/011.png,Is there any defect in the object?,B,B
DS-MVTec/hazelnut/image/print/011.png,There is a defect in the object. What is the type of the defect?,D,D
DS-MVTec/hazelnut/image/print/011.png,There is a defect in the object. Where is the defect?,B,D
DS-MVTec/hazelnut/image/print/011.png,There is a defect in the object. What is the appearance of the defect?,C,C
DS-MVTec/hazelnut/image/print/011.png,There is a defect in the object. How does the defect affect the hazelnut's appearance?,D,D
DS-MVTec/hazelnut/image/print/012.png,Is there any defect in the object?,B,B
DS-MVTec/hazelnut/image/print/012.png,There is a defect in the object. What is the type of the defect?,D,A
DS-MVTec/hazelnut/image/print/012.png,There is a defect in the object. Where is the defect?,D,D
DS-MVTec/hazelnut/image/print/012.png,There is a defect in the object. What is the appearance of the defect?,C,C
DS-MVTec/hazelnut/image/print/012.png,There is a defect in the object. What effect might the defect have?,B,B
DS-MVTec/hazelnut/image/print/013.png,Is there any defect in the object?,B,B
DS-MVTec/hazelnut/image/print/013.png,There is a defect in the object. What is the type of the defect?,A,D
DS-MVTec/hazelnut/image/print/013.png,There is a defect in the object. Where is the defect?,A,B
DS-MVTec/hazelnut/image/print/013.png,There is a defect in the object. What is the appearance of the defect?,B,B
DS-MVTec/hazelnut/image/print/013.png,There is a defect in the object. What is the effect of the defect?,A,A
DS-MVTec/hazelnut/image/print/014.png,Is there any defect in the object?,B,B
DS-MVTec/hazelnut/image/print/014.png,There is a defect in the object. What is the type of the defect?,A,A
DS-MVTec/hazelnut/image/print/014.png,There is a defect in the object. Where is the defect?,C,B
DS-MVTec/hazelnut/image/print/014.png,There is a defect in the object. What is the appearance of the defect?,D,D
DS-MVTec/hazelnut/image/print/014.png,There is a defect in the object. What effect might the defect have on the hazelnut?,B,B
DS-MVTec/hazelnut/image/print/015.png,Is there any defect in the object?,A,A
DS-MVTec/hazelnut/image/print/015.png,There is a defect in the object. What is the type of the defect?,A,A
DS-MVTec/hazelnut/image/print/015.png,There is a defect in the object. Where is the defect?,C,C
DS-MVTec/hazelnut/image/print/015.png,There is a defect in the object. What is the appearance of the defect?,A,A
DS-MVTec/hazelnut/image/print/015.png,There is a defect in the object. What is the effect of the defect on the appearance of the hazelnut?,C,C
DS-MVTec/hazelnut/image/print/016.png,Is there any defect in the object?,B,B
DS-MVTec/hazelnut/image/print/016.png,There is a defect in the object. What type of defect is present on the hazelnut?,B,B
DS-MVTec/hazelnut/image/print/016.png,There is a defect in the object. Where is the defect located on the hazelnut?,A,C
DS-MVTec/hazelnut/image/print/016.png,There is a defect in the object. What is the appearance of the defect?,D,D
DS-MVTec/hazelnut/image/print/016.png,There is a defect in the object. How does the defect contrast with the rest of the hazelnut?,D,D
DS-MVTec/leather/image/color/000.png,Is there any defect in the object?,A,A
DS-MVTec/leather/image/color/000.png,There is a defect in the object. What is the type of the defect?,D,D
DS-MVTec/leather/image/color/000.png,There is a defect in the object. Where is the defect?,C,C
DS-MVTec/leather/image/color/000.png,There is a defect in the object. What is the appearance of the defect?,C,C
DS-MVTec/leather/image/color/000.png,There is a defect in the object. What could be the effect of this defect?,C,C
DS-MVTec/leather/image/color/001.png,Is there any defect in the object?,B,B
DS-MVTec/leather/image/color/001.png,There is a defect in the object. What is the type of the defect?,D,D
DS-MVTec/leather/image/color/001.png,There is a defect in the object. Where is the defect?,D,D
DS-MVTec/leather/image/color/001.png,There is a defect in the object. What is the appearance of the defect?,B,B
DS-MVTec/leather/image/color/001.png,There is a defect in the object. What impact does the defect have on the object?,C,C
DS-MVTec/leather/image/color/002.png,Is there any defect in the object?,A,A
DS-MVTec/leather/image/color/002.png,There is a defect in the object. What is the type of the defect?,B,B
DS-MVTec/leather/image/color/002.png,There is a defect in the object. Where is the defect?,C,C
DS-MVTec/leather/image/color/002.png,There is a defect in the object. What is the appearance of the defect?,B,B
DS-MVTec/leather/image/color/002.png,There is a defect in the object. What is the effect of the defect?,C,C
DS-MVTec/leather/image/color/003.png,Is there any defect in the object?,B,B
DS-MVTec/leather/image/color/003.png,There is a defect in the object. What is the type of the defect?,D,D
DS-MVTec/leather/image/color/003.png,There is a defect in the object. Where is the defect?,D,C
DS-MVTec/leather/image/color/003.png,There is a defect in the object. What is the appearance of the defect?,A,A
DS-MVTec/leather/image/color/003.png,There is a defect in the object. What is the effect of the defect on the object?,B,B
DS-MVTec/leather/image/color/004.png,Is there any defect in the object?,B,B
DS-MVTec/leather/image/color/004.png,There is a defect in the object. What is the type of the defect?,C,C
DS-MVTec/leather/image/color/004.png,There is a defect in the object. Where is the defect?,B,B
DS-MVTec/leather/image/color/004.png,There is a defect in the object. What is the appearance of the defect?,D,A
DS-MVTec/leather/image/color/004.png,There is a defect in the object. What effect does the defect have on the leather?,D,D
DS-MVTec/leather/image/color/005.png,Is there any defect in the object?,A,A
DS-MVTec/leather/image/color/005.png,There is a defect in the object. What is the type of the defect?,B,A
DS-MVTec/leather/image/color/005.png,There is a defect in the object. Where is the defect?,C,C
DS-MVTec/leather/image/color/005.png,There is a defect in the object. What is the appearance of the defect?,D,D
DS-MVTec/leather/image/color/005.png,There is a defect in the object. What is the shape of the defect?,C,C
DS-MVTec/leather/image/color/006.png,Is there any defect in the object?,A,A
DS-MVTec/leather/image/color/006.png,There is a defect in the object. What is the type of the defect?,B,B
DS-MVTec/leather/image/color/006.png,There is a defect in the object. Where is the defect?,C,C
DS-MVTec/leather/image/color/006.png,There is a defect in the object. What is the appearance of the defect?,A,A
DS-MVTec/leather/image/color/006.png,There is a defect in the object. How does the defect on the leather affect its appearance?,B,B
DS-MVTec/leather/image/color/007.png,Is there any defect in the object?,B,B
DS-MVTec/leather/image/color/007.png,There is a defect in the object. What is the type of the defect?,D,D
DS-MVTec/leather/image/color/007.png,There is a defect in the object. Where is the defect?,C,C
DS-MVTec/leather/image/color/007.png,There is a defect in the object. What is the appearance of the defect?,B,B
DS-MVTec/leather/image/color/007.png,There is a defect in the object. How does the defect contrast with the surrounding area?,D,D
DS-MVTec/leather/image/color/008.png,Is there any defect in the object?,B,B
DS-MVTec/leather/image/color/008.png,There is a defect in the object. What is the type of the defect?,C,C
DS-MVTec/leather/image/color/008.png,There is a defect in the object. Where is the defect?,C,C
DS-MVTec/leather/image/color/008.png,There is a defect in the object. What is the appearance of the defect?,D,D
DS-MVTec/leather/image/color/008.png,There is a defect in the object. What is the effect of the defect on the leather piece?,A,A
DS-MVTec/leather/image/color/009.png,Is there any defect in the object?,A,A
DS-MVTec/leather/image/color/009.png,There is a defect in the object. What is the type of the defect?,D,A
DS-MVTec/leather/image/color/009.png,There is a defect in the object. Where is the defect?,A,A
DS-MVTec/leather/image/color/009.png,There is a defect in the object. What is the appearance of the defect?,D,D
DS-MVTec/leather/image/color/009.png,There is a defect in the object. How does the defect affect the appearance of the leather?,D,A
DS-MVTec/leather/image/color/010.png,Is there any defect in the object?,B,B
DS-MVTec/leather/image/color/010.png,There is a defect in the object. What is the type of the defect?,D,A
DS-MVTec/leather/image/color/010.png,There is a defect in the object. Where is the defect?,D,D
DS-MVTec/leather/image/color/010.png,There is a defect in the object. What is the appearance of the defect?,C,C
DS-MVTec/leather/image/color/010.png,There is a defect in the object. What is the effect of the defect?,C,C
DS-MVTec/leather/image/color/011.png,Is there any defect in the object?,A,A
DS-MVTec/leather/image/color/011.png,There is a defect in the object. What is the type of the defect?,D,D
DS-MVTec/leather/image/color/011.png,There is a defect in the object. Where is the defect?,D,D
DS-MVTec/leather/image/color/011.png,There is a defect in the object. What is the appearance of the defect?,B,B
DS-MVTec/leather/image/color/011.png,There is a defect in the object. What is the effect of the defect?,D,D
DS-MVTec/leather/image/color/012.png,Is there any defect in the object?,B,B
DS-MVTec/leather/image/color/012.png,There is a defect in the object. What is the type of the defect?,A,A
DS-MVTec/leather/image/color/012.png,There is a defect in the object. Where is the defect?,D,D
DS-MVTec/leather/image/color/012.png,There is a defect in the object. What is the appearance of the defect?,C,C
DS-MVTec/leather/image/color/012.png,There is a defect in the object. What effect does the defect have on the leather?,A,A
DS-MVTec/leather/image/color/013.png,Is there any defect in the object?,A,A
DS-MVTec/leather/image/color/013.png,There is a defect in the object. What is the type of the defect?,A,D
DS-MVTec/leather/image/color/013.png,There is a defect in the object. Where is the defect?,A,C
DS-MVTec/leather/image/color/013.png,There is a defect in the object. What is the appearance of the defect?,C,C
DS-MVTec/leather/image/color/013.png,There is a defect in the object. What is the effect of the defect on the object's appearance?,A,A
DS-MVTec/leather/image/color/014.png,Is there any defect in the object?,A,A
DS-MVTec/leather/image/color/014.png,There is a defect in the object. What is the type of the defect?,A,A
DS-MVTec/leather/image/color/014.png,There is a defect in the object. Where is the defect?,C,C
DS-MVTec/leather/image/color/014.png,There is a defect in the object. What is the appearance of the defect?,A,A
DS-MVTec/leather/image/color/014.png,There is a defect in the object. What is the effect of the defect?,C,C
DS-MVTec/leather/image/color/015.png,Is there any defect in the object?,B,B
DS-MVTec/leather/image/color/015.png,There is a defect in the object. What is the type of the defect?,B,A
DS-MVTec/leather/image/color/015.png,There is a defect in the object. Where is the defect?,B,B
DS-MVTec/leather/image/color/015.png,There is a defect in the object. What is the appearance of the defect?,B,B
DS-MVTec/leather/image/color/015.png,There is a defect in the object. What could be the cause of the defect?,B,B
DS-MVTec/leather/image/color/016.png,Is there any defect in the object?,B,B
DS-MVTec/leather/image/color/016.png,There is a defect in the object. What is the type of the defect?,C,D
DS-MVTec/leather/image/color/016.png,There is a defect in the object. Where is the defect?,D,D
DS-MVTec/leather/image/color/016.png,There is a defect in the object. What is the appearance of the defect?,C,C
DS-MVTec/leather/image/color/016.png,There is a defect in the object. What is the effect of the defect?,C,C
DS-MVTec/leather/image/color/017.png,Is there any defect in the object?,B,B
DS-MVTec/leather/image/color/017.png,There is a defect in the object. What is the type of the defect?,C,C
DS-MVTec/leather/image/color/017.png,There is a defect in the object. Where is the defect?,C,C
DS-MVTec/leather/image/color/017.png,There is a defect in the object. What is the appearance of the defect?,C,C
DS-MVTec/leather/image/color/017.png,There is a defect in the object. How does the defect affect the appearance of the leather?,D,D
DS-MVTec/leather/image/color/018.png,Is there any defect in the object?,B,B
DS-MVTec/leather/image/color/018.png,There is a defect in the object. What is the type of the defect?,C,C
DS-MVTec/leather/image/color/018.png,There is a defect in the object. Where is the defect?,B,B
DS-MVTec/leather/image/color/018.png,There is a defect in the object. What is the appearance of the defect?,B,B
DS-MVTec/leather/image/color/018.png,There is a defect in the object. How discrete is the defect on the leather's surface?,C,C
DS-MVTec/leather/image/cut/000.png,Is there any defect in the object?,A,A
DS-MVTec/leather/image/cut/000.png,There is a defect in the object. What is the type of the defect?,A,A
DS-MVTec/leather/image/cut/000.png,There is a defect in the object. Where is the defect?,C,C
DS-MVTec/leather/image/cut/000.png,There is a defect in the object. What is the appearance of the defect?,B,B
DS-MVTec/leather/image/cut/000.png,There is a defect in the object. What could be the effect of the defect on the leather?,A,A
DS-MVTec/leather/image/cut/001.png,Is there any defect in the object?,B,B
DS-MVTec/leather/image/cut/001.png,There is a defect in the object. What is the type of the defect?,D,D
DS-MVTec/leather/image/cut/001.png,There is a defect in the object. Where is the defect?,B,B
DS-MVTec/leather/image/cut/001.png,There is a defect in the object. What is the appearance of the defect?,C,C
DS-MVTec/leather/image/cut/001.png,There is a defect in the object. What could be the effect of the defect?,C,C
DS-MVTec/leather/image/cut/002.png,Is there any defect in the object?,A,A
DS-MVTec/leather/image/cut/002.png,There is a defect in the object. What is the type of the defect?,B,B
DS-MVTec/leather/image/cut/002.png,There is a defect in the object. Where is the defect?,C,C
DS-MVTec/leather/image/cut/002.png,There is a defect in the object. What is the appearance of the defect?,D,D
DS-MVTec/leather/image/cut/002.png,There is a defect in the object. What is the effect of the defect?,C,C
DS-MVTec/leather/image/cut/003.png,Is there any defect in the object?,A,A
DS-MVTec/leather/image/cut/003.png,There is a defect in the object. What is the type of the defect?,A,A
DS-MVTec/leather/image/cut/003.png,There is a defect in the object. Where is the defect?,D,D
DS-MVTec/leather/image/cut/003.png,There is a defect in the object. What is the appearance of the defect?,C,C
DS-MVTec/leather/image/cut/003.png,There is a defect in the object. What does the cut on the leather reveal?,A,B
DS-MVTec/leather/image/cut/004.png,Is there any defect in the object?,B,B
DS-MVTec/leather/image/cut/004.png,There is a defect in the object. What is the type of the defect?,A,A
DS-MVTec/leather/image/cut/004.png,There is a defect in the object. Where is the defect?,A,A
DS-MVTec/leather/image/cut/004.png,There is a defect in the object. What is the appearance of the defect?,D,D
DS-MVTec/leather/image/cut/004.png,There is a defect in the object. What effect does the defect have on the leather?,C,C
DS-MVTec/leather/image/cut/005.png,Is there any defect in the object?,A,A
DS-MVTec/leather/image/cut/005.png,There is a defect in the object. What is the type of the defect?,C,C
DS-MVTec/leather/image/cut/005.png,There is a defect in the object. Where is the defect?,B,B
DS-MVTec/leather/image/cut/005.png,There is a defect in the object. What is the appearance of the defect?,B,B
DS-MVTec/leather/image/cut/005.png,There is a defect in the object. What effect does the defect have on the object?,D,D
DS-MVTec/leather/image/cut/006.png,Is there any defect in the object?,A,A
DS-MVTec/leather/image/cut/006.png,There is a defect in the object. What is the type of the defect?,A,A
DS-MVTec/leather/image/cut/006.png,There is a defect in the object. Where is the defect?,C,C
DS-MVTec/leather/image/cut/006.png,There is a defect in the object. What is the appearance of the defect?,C,C
DS-MVTec/leather/image/cut/006.png,There is a defect in the object. What is the effect of the defect?,A,A
DS-MVTec/leather/image/cut/007.png,Is there any defect in the object?,B,B
DS-MVTec/leather/image/cut/007.png,There is a defect in the object. What is the type of the defect?,B,B
DS-MVTec/leather/image/cut/007.png,There is a defect in the object. Where is the defect?,B,B
DS-MVTec/leather/image/cut/007.png,There is a defect in the object. What is the appearance of the defect?,B,B
DS-MVTec/leather/image/cut/007.png,There is a defect in the object. How does the defect affect the leather piece?,D,D
DS-MVTec/leather/image/cut/008.png,Is there any defect in the object?,A,A
DS-MVTec/leather/image/cut/008.png,There is a defect in the object. What is the type of the defect?,D,D
DS-MVTec/leather/image/cut/008.png,There is a defect in the object. Where is the defect?,B,B
DS-MVTec/leather/image/cut/008.png,There is a defect in the object. What is the appearance of the defect?,C,C
DS-MVTec/leather/image/cut/008.png,There is a defect in the object. What effect might the defect have on the material?,C,C
DS-MVTec/leather/image/cut/009.png,Is there any defect in the object?,A,A
DS-MVTec/leather/image/cut/009.png,There is a defect in the object. What is the type of the defect?,B,B
DS-MVTec/leather/image/cut/009.png,There is a defect in the object. Where is the defect?,A,A
DS-MVTec/leather/image/cut/009.png,There is a defect in the object. What is the appearance of the defect?,C,C
DS-MVTec/leather/image/cut/009.png,There is a defect in the object. What is the effect of the defect?,C,C
DS-MVTec/leather/image/cut/010.png,Is there any defect in the object?,B,B
DS-MVTec/leather/image/cut/010.png,There is a defect in the object. What is the type of the defect?,A,A
DS-MVTec/leather/image/cut/010.png,There is a defect in the object. Where is the defect?,D,D
DS-MVTec/leather/image/cut/010.png,There is a defect in the object. What is the appearance of the defect?,D,D
DS-MVTec/leather/image/cut/010.png,There is a defect in the object. How does the defect contrast with the surrounding material?,A,A
DS-MVTec/leather/image/cut/011.png,Is there any defect in the object?,B,B
DS-MVTec/leather/image/cut/011.png,There is a defect in the object. What is the type of the defect?,C,C
DS-MVTec/leather/image/cut/011.png,There is a defect in the object. Where is the defect?,C,C
DS-MVTec/leather/image/cut/011.png,There is a defect in the object. What is the appearance of the defect?,D,A
DS-MVTec/leather/image/cut/011.png,There is a defect in the object. What effect does the defect have on the leather?,B,B
DS-MVTec/leather/image/cut/012.png,Is there any defect in the object?,A,A
DS-MVTec/leather/image/cut/012.png,There is a defect in the object. What is the type of the defect?,C,C
DS-MVTec/leather/image/cut/012.png,There is a defect in the object. Where is the defect?,A,A
DS-MVTec/leather/image/cut/012.png,There is a defect in the object. What is the appearance of the defect?,A,B
DS-MVTec/leather/image/cut/012.png,There is a defect in the object. What effect does the defect have on the leather?,A,A
DS-MVTec/leather/image/cut/013.png,Is there any defect in the object?,A,A
DS-MVTec/leather/image/cut/013.png,There is a defect in the object. What is the type of the defect?,A,A
DS-MVTec/leather/image/cut/013.png,There is a defect in the object. Where is the defect?,C,C
DS-MVTec/leather/image/cut/013.png,There is a defect in the object. What is the appearance of the defect?,C,C
DS-MVTec/leather/image/cut/013.png,There is a defect in the object. What is the effect of the defect on the leather?,D,D
DS-MVTec/leather/image/cut/014.png,Is there any defect in the object?,A,A
DS-MVTec/leather/image/cut/014.png,There is a defect in the object. What is the type of the defect?,C,C
DS-MVTec/leather/image/cut/014.png,There is a defect in the object. Where is the defect?,D,C
DS-MVTec/leather/image/cut/014.png,There is a defect in the object. What is the appearance of the defect?,B,B
DS-MVTec/leather/image/cut/014.png,There is a defect in the object. How does the defect affect the leather surface?,A,A
DS-MVTec/leather/image/cut/015.png,Is there any defect in the object?,A,A
DS-MVTec/leather/image/cut/015.png,There is a defect in the object. What is the type of the defect?,B,B
DS-MVTec/leather/image/cut/015.png,There is a defect in the object. Where is the defect?,B,B
DS-MVTec/leather/image/cut/015.png,There is a defect in the object. What is the appearance of the defect?,D,D
DS-MVTec/leather/image/cut/015.png,There is a defect in the object. What is the effect of the defect?,D,D
DS-MVTec/leather/image/cut/016.png,Is there any defect in the object?,A,A
DS-MVTec/leather/image/cut/016.png,There is a defect in the object. What is the type of the defect?,D,D
DS-MVTec/leather/image/cut/016.png,There is a defect in the object. Where is the defect?,D,D
DS-MVTec/leather/image/cut/016.png,There is a defect in the object. What is the appearance of the defect?,A,A
DS-MVTec/leather/image/cut/016.png,There is a defect in the object. What is the effect of the defect on the leather?,B,B
DS-MVTec/leather/image/cut/017.png,Is there any defect in the object?,B,B
DS-MVTec/leather/image/cut/017.png,There is a defect in the object. What is the type of the defect?,C,C
DS-MVTec/leather/image/cut/017.png,There is a defect in the object. Where is the defect?,B,B
DS-MVTec/leather/image/cut/017.png,There is a defect in the object. What is the appearance of the defect?,B,B
DS-MVTec/leather/image/cut/017.png,There is a defect in the object. How does the defect appear in terms of light reflection compared to the surrounding area?,D,C
DS-MVTec/leather/image/cut/018.png,Is there any defect in the object?,A,A
DS-MVTec/leather/image/cut/018.png,There is a defect in the object. What is the type of the defect?,D,D
DS-MVTec/leather/image/cut/018.png,There is a defect in the object. Where is the defect?,C,C
DS-MVTec/leather/image/cut/018.png,There is a defect in the object. What is the appearance of the defect?,B,A
DS-MVTec/leather/image/cut/018.png,There is a defect in the object. What effect does the defect have on the leather?,C,C
DS-MVTec/leather/image/fold/000.png,Is there any defect in the object?,A,A
DS-MVTec/leather/image/fold/000.png,There is a defect in the object. What is the type of the defect?,B,C
DS-MVTec/leather/image/fold/000.png,There is a defect in the object. Where is the defect?,B,B
DS-MVTec/leather/image/fold/000.png,There is a defect in the object. What is the appearance of the defect?,B,B
DS-MVTec/leather/image/fold/000.png,There is a defect in the object. What is the effect of the defect on the leather?,B,B
DS-MVTec/leather/image/fold/001.png,Is there any defect in the object?,A,A
DS-MVTec/leather/image/fold/001.png,There is a defect in the object. What is the type of the defect?,A,A
DS-MVTec/leather/image/fold/001.png,There is a defect in the object. Where is the defect?,A,A
DS-MVTec/leather/image/fold/001.png,There is a defect in the object. What is the appearance of the defect?,B,B
DS-MVTec/leather/image/fold/001.png,There is a defect in the object. How does the defect affect the leather?,B,B
DS-MVTec/leather/image/fold/002.png,Is there any defect in the object?,A,A
DS-MVTec/leather/image/fold/002.png,There is a defect in the object. What is the type of the defect?,D,D
DS-MVTec/leather/image/fold/002.png,There is a defect in the object. Where is the defect?,D,D
DS-MVTec/leather/image/fold/002.png,There is a defect in the object. What is the appearance of the defect?,C,C
DS-MVTec/leather/image/fold/002.png,There is a defect in the object. How does the area surrounding the defect appear?,D,B
DS-MVTec/leather/image/fold/003.png,Is there any defect in the object?,B,B
DS-MVTec/leather/image/fold/003.png,There is a defect in the object. What is the type of the defect?,C,D
DS-MVTec/leather/image/fold/003.png,There is a defect in the object. Where is the defect?,A,A
DS-MVTec/leather/image/fold/003.png,There is a defect in the object. What is the appearance of the defect?,C,B
DS-MVTec/leather/image/fold/003.png,There is a defect in the object. What is the effect of the defect?,B,B
DS-MVTec/leather/image/fold/004.png,Is there any defect in the object?,A,A
DS-MVTec/leather/image/fold/004.png,There is a defect in the object. What is the type of the defect?,C,C
DS-MVTec/leather/image/fold/004.png,There is a defect in the object. Where is the defect?,C,C
DS-MVTec/leather/image/fold/004.png,There is a defect in the object. What is the appearance of the defect?,D,D
DS-MVTec/leather/image/fold/004.png,There is a defect in the object. What effect does the defect have on the material?,B,B
DS-MVTec/leather/image/fold/005.png,Is there any defect in the object?,A,A
DS-MVTec/leather/image/fold/005.png,There is a defect in the object. What is the type of the defect?,A,D
DS-MVTec/leather/image/fold/005.png,There is a defect in the object. Where is the defect?,C,C
DS-MVTec/leather/image/fold/005.png,There is a defect in the object. What is the appearance of the defect?,A,A
DS-MVTec/leather/image/fold/005.png,There is a defect in the object. What is the effect of the defect on the leather?,B,B
DS-MVTec/leather/image/fold/006.png,Is there any defect in the object?,B,B
DS-MVTec/leather/image/fold/006.png,There is a defect in the object. What is the type of the defect?,B,B
DS-MVTec/leather/image/fold/006.png,There is a defect in the object. Where is the defect?,D,D
DS-MVTec/leather/image/fold/006.png,There is a defect in the object. What is the appearance of the defect?,B,B
DS-MVTec/leather/image/fold/006.png,There is a defect in the object. What effect does the defect have on the leather?,D,D
DS-MVTec/leather/image/fold/007.png,Is there any defect in the object?,A,A
DS-MVTec/leather/image/fold/007.png,There is a defect in the object. What is the type of the defect?,C,C
DS-MVTec/leather/image/fold/007.png,There is a defect in the object. Where is the defect?,C,C
DS-MVTec/leather/image/fold/007.png,There is a defect in the object. What is the appearance of the defect?,A,A
DS-MVTec/leather/image/fold/007.png,There is a defect in the object. What is the effect of the defect on the leather's appearance?,C,C
DS-MVTec/leather/image/fold/008.png,Is there any defect in the object?,A,A
DS-MVTec/leather/image/fold/008.png,There is a defect in the object. What is the type of the defect?,B,C
DS-MVTec/leather/image/fold/008.png,There is a defect in the object. Where is the defect?,D,D
DS-MVTec/leather/image/fold/008.png,There is a defect in the object. What is the appearance of the defect?,D,D
DS-MVTec/leather/image/fold/008.png,There is a defect in the object. What is the effect of the defect on the leather's appearance?,B,B
DS-MVTec/leather/image/fold/009.png,Is there any defect in the object?,A,A
DS-MVTec/leather/image/fold/009.png,There is a defect in the object. What is the type of the defect?,C,C
DS-MVTec/leather/image/fold/009.png,There is a defect in the object. Where is the defect?,A,B
DS-MVTec/leather/image/fold/009.png,There is a defect in the object. What is the appearance of the defect?,A,A
DS-MVTec/leather/image/fold/009.png,There is a defect in the object. What are the characteristics of the defect?,D,C
DS-MVTec/leather/image/fold/010.png,Is there any defect in the object?,B,B
DS-MVTec/leather/image/fold/010.png,There is a defect in the object. What is the type of the defect?,A,A
DS-MVTec/leather/image/fold/010.png,There is a defect in the object. Where is the defect?,A,A
DS-MVTec/leather/image/fold/010.png,There is a defect in the object. What is the appearance of the defect?,C,C
DS-MVTec/leather/image/fold/010.png,There is a defect in the object. How does the defect affect the leather's appearance?,D,D
DS-MVTec/leather/image/fold/011.png,Is there any defect in the object?,B,A
DS-MVTec/leather/image/fold/011.png,There is a defect in the object. What is the type of the defect?,B,B
DS-MVTec/leather/image/fold/011.png,There is a defect in the object. Where is the defect?,A,A
DS-MVTec/leather/image/fold/011.png,There is a defect in the object. What is the appearance of the defect?,A,A
DS-MVTec/leather/image/fold/011.png,There is a defect in the object. What is the effect of the defect?,B,B
DS-MVTec/leather/image/fold/012.png,Is there any defect in the object?,A,A
DS-MVTec/leather/image/fold/012.png,There is a defect in the object. What is the type of the defect?,A,A
DS-MVTec/leather/image/fold/012.png,There is a defect in the object. Where is the defect?,C,C
DS-MVTec/leather/image/fold/012.png,There is a defect in the object. What is the appearance of the defect?,C,C
DS-MVTec/leather/image/fold/012.png,There is a defect in the object. What is the effect of the defect?,C,C
DS-MVTec/leather/image/fold/013.png,Is there any defect in the object?,A,B
DS-MVTec/leather/image/fold/013.png,There is a defect in the object. What is the type of the defect?,B,B
DS-MVTec/leather/image/fold/013.png,There is a defect in the object. Where is the defect?,D,D
DS-MVTec/leather/image/fold/013.png,There is a defect in the object. What is the appearance of the defect?,A,B
DS-MVTec/leather/image/fold/013.png,There is a defect in the object. What is the effect of the defect on the leather's surface?,A,A
DS-MVTec/leather/image/fold/014.png,Is there any defect in the object?,B,B
DS-MVTec/leather/image/fold/014.png,There is a defect in the object. What is the type of the defect?,C,C
DS-MVTec/leather/image/fold/014.png,There is a defect in the object. Where is the defect?,C,C
DS-MVTec/leather/image/fold/014.png,There is a defect in the object. What is the appearance of the defect?,A,A
DS-MVTec/leather/image/fold/014.png,There is a defect in the object. What effect does the defect have on the leather?,C,C
DS-MVTec/leather/image/fold/015.png,Is there any defect in the object?,B,B
DS-MVTec/leather/image/fold/015.png,There is a defect in the object. What is the type of the defect?,B,B
DS-MVTec/leather/image/fold/015.png,There is a defect in the object. Where is the defect?,A,A
DS-MVTec/leather/image/fold/015.png,There is a defect in the object. What is the appearance of the defect?,D,D
DS-MVTec/leather/image/fold/015.png,There is a defect in the object. What is the effect of the defect on the leather's appearance?,C,C
DS-MVTec/leather/image/fold/016.png,Is there any defect in the object?,B,B
DS-MVTec/leather/image/fold/016.png,There is a defect in the object. What is the type of the defect?,D,D
DS-MVTec/leather/image/fold/016.png,There is a defect in the object. Where is the defect?,B,B
DS-MVTec/leather/image/fold/016.png,There is a defect in the object. What is the appearance of the defect?,C,C
DS-MVTec/leather/image/glue/000.png,Is there any defect in the object?,B,B
DS-MVTec/leather/image/glue/000.png,There is a defect in the object. What is the type of the defect?,B,B
DS-MVTec/leather/image/glue/000.png,There is a defect in the object. Where is the defect?,C,C
DS-MVTec/leather/image/glue/000.png,There is a defect in the object. What is the appearance of the defect?,A,A
DS-MVTec/leather/image/glue/000.png,There is a defect in the object. What could indicate the nature of the defect?,C,A
DS-MVTec/leather/image/glue/001.png,Is there any defect in the object?,B,B
DS-MVTec/leather/image/glue/001.png,There is a defect in the object. What is the type of the defect?,C,C
DS-MVTec/leather/image/glue/001.png,There is a defect in the object. Where is the defect?,B,B
DS-MVTec/leather/image/glue/001.png,There is a defect in the object. What is the appearance of the defect?,D,A
DS-MVTec/leather/image/glue/001.png,There is a defect in the object. What is the likely substance of the defect?,A,B
DS-MVTec/leather/image/glue/002.png,Is there any defect in the object?,A,A
DS-MVTec/leather/image/glue/002.png,There is a defect in the object. What is the type of the defect?,A,D
DS-MVTec/leather/image/glue/002.png,There is a defect in the object. Where is the defect?,D,D
DS-MVTec/leather/image/glue/002.png,There is a defect in the object. What is the appearance of the defect?,C,C
DS-MVTec/leather/image/glue/002.png,There is a defect in the object. What effect does the defect have on the leather?,D,D
DS-MVTec/leather/image/glue/003.png,Is there any defect in the object?,A,A
DS-MVTec/leather/image/glue/003.png,There is a defect in the object. What is the type of the defect?,C,A
DS-MVTec/leather/image/glue/003.png,There is a defect in the object. Where is the defect?,D,D
DS-MVTec/leather/image/glue/003.png,There is a defect in the object. What is the appearance of the defect?,D,A
DS-MVTec/leather/image/glue/003.png,There is a defect in the object. How does the defect affect the appearance of the leather?,A,A
DS-MVTec/leather/image/glue/004.png,Is there any defect in the object?,A,A
DS-MVTec/leather/image/glue/004.png,There is a defect in the object. What is the type of the defect?,C,B
DS-MVTec/leather/image/glue/004.png,There is a defect in the object. Where is the defect?,A,A
DS-MVTec/leather/image/glue/004.png,There is a defect in the object. What is the appearance of the defect?,A,A
DS-MVTec/leather/image/glue/004.png,There is a defect in the object. What is the effect of the defect on the leather's surface?,B,B
DS-MVTec/leather/image/glue/005.png,Is there any defect in the object?,B,A
DS-MVTec/leather/image/glue/005.png,There is a defect in the object. What is the type of the defect?,C,C
DS-MVTec/leather/image/glue/005.png,There is a defect in the object. Where is the defect?,C,C
DS-MVTec/leather/image/glue/005.png,There is a defect in the object. What is the appearance of the defect?,D,D
DS-MVTec/leather/image/glue/005.png,There is a defect in the object. What is the likely composition of the defect?,D,A
DS-MVTec/leather/image/glue/006.png,Is there any defect in the object?,B,B
DS-MVTec/leather/image/glue/006.png,There is a defect in the object. What is the type of the defect?,A,B
DS-MVTec/leather/image/glue/006.png,There is a defect in the object. Where is the defect?,A,A
DS-MVTec/leather/image/glue/006.png,There is a defect in the object. What is the appearance of the defect?,C,C
DS-MVTec/leather/image/glue/006.png,"There is a defect in the object. Based on the defect, what could be the potential cause?",B,B
DS-MVTec/leather/image/glue/007.png,Is there any defect in the object?,A,A
DS-MVTec/leather/image/glue/007.png,There is a defect in the object. What is the type of the defect?,C,A
DS-MVTec/leather/image/glue/007.png,There is a defect in the object. Where is the defect?,D,D
DS-MVTec/leather/image/glue/007.png,There is a defect in the object. What is the appearance of the defect?,C,C
DS-MVTec/leather/image/glue/007.png,There is a defect in the object. What is the potential cause of the defect?,B,D
DS-MVTec/leather/image/glue/008.png,Is there any defect in the object?,A,A
DS-MVTec/leather/image/glue/008.png,There is a defect in the object. What is the type of the defect?,C,C
DS-MVTec/leather/image/glue/008.png,There is a defect in the object. Where is the defect?,D,B
DS-MVTec/leather/image/glue/008.png,There is a defect in the object. What is the appearance of the defect?,D,D
DS-MVTec/leather/image/glue/008.png,There is a defect in the object. What is the effect of the defect on the leather's appearance?,A,A
DS-MVTec/leather/image/glue/009.png,Is there any defect in the object?,A,A
DS-MVTec/leather/image/glue/009.png,There is a defect in the object. What is the type of the defect?,B,B
DS-MVTec/leather/image/glue/009.png,There is a defect in the object. Where is the defect?,D,D
DS-MVTec/leather/image/glue/009.png,There is a defect in the object. What is the appearance of the defect?,D,D
DS-MVTec/leather/image/glue/009.png,There is a defect in the object. What is the effect of the defect?,D,D
DS-MVTec/leather/image/glue/010.png,Is there any defect in the object?,A,A
DS-MVTec/leather/image/glue/010.png,There is a defect in the object. What is the type of the defect?,A,A
DS-MVTec/leather/image/glue/010.png,There is a defect in the object. Where is the defect?,D,D
DS-MVTec/leather/image/glue/010.png,There is a defect in the object. What is the appearance of the defect?,D,D
DS-MVTec/leather/image/glue/010.png,There is a defect in the object. What effect might the defect have depending on the intended use of the leather?,D,D
DS-MVTec/leather/image/glue/011.png,Is there any defect in the object?,A,A
DS-MVTec/leather/image/glue/011.png,There is a defect in the object. What is the type of the defect?,B,B
DS-MVTec/leather/image/glue/011.png,There is a defect in the object. Where is the defect?,A,A
DS-MVTec/leather/image/glue/011.png,There is a defect in the object. What is the appearance of the defect?,B,C
DS-MVTec/leather/image/glue/011.png,There is a defect in the object. What might be the cause of the defect?,D,D
DS-MVTec/leather/image/glue/012.png,Is there any defect in the object?,A,A
DS-MVTec/leather/image/glue/012.png,There is a defect in the object. What is the type of the defect?,A,A
DS-MVTec/leather/image/glue/012.png,There is a defect in the object. Where is the defect?,A,A
DS-MVTec/leather/image/glue/012.png,There is a defect in the object. What is the appearance of the defect?,C,C
DS-MVTec/leather/image/glue/012.png,There is a defect in the object. What could be the effect of this defect on the leather?,A,A
DS-MVTec/leather/image/glue/013.png,Is there any defect in the object?,B,B
DS-MVTec/leather/image/glue/013.png,There is a defect in the object. What is the type of the defect?,A,A
DS-MVTec/leather/image/glue/013.png,There is a defect in the object. Where is the defect?,C,C
DS-MVTec/leather/image/glue/013.png,There is a defect in the object. What is the appearance of the defect?,D,B
DS-MVTec/leather/image/glue/013.png,There is a defect in the object. What is the effect of the defect?,D,D
DS-MVTec/leather/image/glue/014.png,Is there any defect in the object?,B,B
DS-MVTec/leather/image/glue/014.png,There is a defect in the object. What is the type of the defect?,C,C
DS-MVTec/leather/image/glue/014.png,There is a defect in the object. Where is the defect?,D,D
DS-MVTec/leather/image/glue/014.png,There is a defect in the object. What is the appearance of the defect?,D,D
DS-MVTec/leather/image/glue/014.png,There is a defect in the object. What does the appearance of the defect suggest?,A,A
DS-MVTec/leather/image/glue/015.png,Is there any defect in the object?,A,A
DS-MVTec/leather/image/glue/015.png,There is a defect in the object. What is the type of the defect?,B,B
DS-MVTec/leather/image/glue/015.png,There is a defect in the object. Where is the defect?,C,C
DS-MVTec/leather/image/glue/015.png,There is a defect in the object. What is the appearance of the defect?,C,C
DS-MVTec/leather/image/glue/016.png,Is there any defect on the object?,A,A
DS-MVTec/leather/image/glue/016.png,There is a defect in the object. What is the type of the defect?,C,C
DS-MVTec/leather/image/glue/016.png,There is a defect in the object. Where is the defect?,A,A
DS-MVTec/leather/image/glue/016.png,There is a defect in the object. What is the appearance of the defect?,A,A
DS-MVTec/leather/image/glue/016.png,There is a defect in the object. What is the effect of the defect on the object?,C,C
DS-MVTec/leather/image/glue/017.png,Is there any defect in the object?,B,B
DS-MVTec/leather/image/glue/017.png,There is a defect in the object. What is the type of the defect?,D,D
DS-MVTec/leather/image/glue/017.png,There is a defect in the object. Where is the defect?,D,D
DS-MVTec/leather/image/glue/017.png,There is a defect in the object. What is the appearance of the defect?,C,C
DS-MVTec/leather/image/glue/017.png,There is a defect in the object. What is the effect of the defect?,B,B
DS-MVTec/leather/image/glue/018.png,Is there any defect in the object?,A,A
DS-MVTec/leather/image/glue/018.png,There is a defect in the object. What is the type of the defect?,A,D
DS-MVTec/leather/image/glue/018.png,There is a defect in the object. Where is the defect?,C,C
DS-MVTec/leather/image/glue/018.png,There is a defect in the object. What is the appearance of the defect?,D,D
DS-MVTec/leather/image/glue/018.png,There is a defect in the object. What is the effect of the defect?,A,B
DS-MVTec/leather/image/good/000.png,Is there any defect in the object?,B,B
DS-MVTec/leather/image/good/001.png,Is there any defect in the object?,B,B
DS-MVTec/leather/image/good/002.png,Is there any defect in the object?,A,A
DS-MVTec/leather/image/good/003.png,Is there any defect in the object?,B,B
DS-MVTec/leather/image/good/004.png,Is there any defect in the object?,B,B
DS-MVTec/leather/image/good/005.png,Is there any defect in the object?,B,B
DS-MVTec/leather/image/good/006.png,Is there any defect in the object?,B,B
DS-MVTec/leather/image/good/007.png,Is there any defect in the object?,B,B
DS-MVTec/leather/image/good/008.png,Is there any defect in the object?,B,B
DS-MVTec/leather/image/good/009.png,Is there any defect in the object?,B,B
DS-MVTec/leather/image/good/010.png,Is there any defect in the object?,B,B
DS-MVTec/leather/image/good/011.png,Is there any defect in the object?,A,A
DS-MVTec/leather/image/good/012.png,Is there any defect in the object?,A,A
DS-MVTec/leather/image/good/013.png,Is there any defect in the object?,B,B
DS-MVTec/leather/image/good/014.png,Is there any defect in the object?,A,A
DS-MVTec/leather/image/good/015.png,Is there any defect in the object?,B,B
DS-MVTec/leather/image/good/016.png,Is there any defect in the object?,B,B
DS-MVTec/leather/image/good/017.png,Is there any defect in the object?,B,B
DS-MVTec/leather/image/good/018.png,Is there any defect in the object?,B,B
DS-MVTec/leather/image/good/019.png,Is there any defect in the object?,A,A
DS-MVTec/leather/image/good/020.png,Is there any defect in the object?,B,B
DS-MVTec/leather/image/good/021.png,Is there any defect in the object?,A,A
DS-MVTec/leather/image/good/022.png,Is there any defect in the object?,A,A
DS-MVTec/leather/image/good/023.png,Is there any defect in the object?,A,A
DS-MVTec/leather/image/good/024.png,Is there any defect in the object?,A,A
DS-MVTec/leather/image/good/025.png,Is there any defect in the object?,A,A
DS-MVTec/leather/image/good/026.png,Is there any defect in the object?,B,B
DS-MVTec/leather/image/good/027.png,Is there any defect in the object?,B,B
DS-MVTec/leather/image/good/028.png,Is there any defect in the object?,B,B
DS-MVTec/leather/image/good/029.png,Is there any defect in the object?,B,B
DS-MVTec/leather/image/good/030.png,Is there any defect in the object?,A,A
DS-MVTec/leather/image/good/031.png,Is there any defect in the object?,B,B
DS-MVTec/leather/image/poke/000.png,Is there any defect in the object?,A,A
DS-MVTec/leather/image/poke/000.png,There is a defect in the object. What is the type of the defect?,D,D
DS-MVTec/leather/image/poke/000.png,There is a defect in the object. Where is the defect?,A,A
DS-MVTec/leather/image/poke/000.png,There is a defect in the object. What is the appearance of the defect?,C,C
DS-MVTec/leather/image/poke/000.png,There is a defect in the object. What is the effect of the defect on the leather's appearance?,B,B
DS-MVTec/leather/image/poke/001.png,Is there any defect in the object?,B,B
DS-MVTec/leather/image/poke/001.png,There is a defect in the object. What is the type of the defect?,B,D
DS-MVTec/leather/image/poke/001.png,There is a defect in the object. Where is the defect?,C,A
DS-MVTec/leather/image/poke/001.png,There is a defect in the object. What is the appearance of the defect?,C,C
DS-MVTec/leather/image/poke/001.png,There is a defect in the object. What is the effect of the defect on the leather?,A,A
DS-MVTec/leather/image/poke/002.png,Is there any defect in the object?,B,B
DS-MVTec/leather/image/poke/002.png,There is a defect in the object. What is the type of the defect?,B,C
DS-MVTec/leather/image/poke/002.png,There is a defect in the object. Where is the defect?,C,B
DS-MVTec/leather/image/poke/002.png,There is a defect in the object. What is the appearance of the defect?,C,C
DS-MVTec/leather/image/poke/002.png,There is a defect in the object. How does the defect appear compared to the surrounding area?,C,A
DS-MVTec/leather/image/poke/003.png,Is there any defect in the object?,A,A
DS-MVTec/leather/image/poke/003.png,There is a defect in the object. What is the type of the defect?,B,B
DS-MVTec/leather/image/poke/003.png,There is a defect in the object. Where is the defect?,A,A
DS-MVTec/leather/image/poke/003.png,There is a defect in the object. What is the appearance of the defect?,D,D
DS-MVTec/leather/image/poke/003.png,There is a defect in the object. How does the defect affect the leather surface?,C,C
DS-MVTec/leather/image/poke/004.png,Is there any defect in the object?,A,A
DS-MVTec/leather/image/poke/004.png,There is a defect in the object. What is the type of the defect?,B,B
DS-MVTec/leather/image/poke/004.png,There is a defect in the object. Where is the defect?,B,B
DS-MVTec/leather/image/poke/004.png,There is a defect in the object. What is the appearance of the defect?,D,D
DS-MVTec/leather/image/poke/004.png,There is a defect in the object. What is the effect of the defect on the leather?,B,B
DS-MVTec/leather/image/poke/005.png,Is there any defect in the object?,B,B
DS-MVTec/leather/image/poke/005.png,There is a defect in the object. What is the type of the defect?,B,B
DS-MVTec/leather/image/poke/005.png,There is a defect in the object. Where is the defect?,A,A
DS-MVTec/leather/image/poke/005.png,There is a defect in the object. What is the appearance of the defect?,C,C
DS-MVTec/leather/image/poke/005.png,There is a defect in the object. What is the effect of the defect on the leather?,B,B
DS-MVTec/leather/image/poke/006.png,Is there any defect in the object?,B,B
DS-MVTec/leather/image/poke/006.png,There is a defect in the object. What is the type of the defect?,C,C
DS-MVTec/leather/image/poke/006.png,There is a defect in the object. Where is the defect?,D,D
DS-MVTec/leather/image/poke/006.png,There is a defect in the object. What is the appearance of the defect?,A,A
DS-MVTec/leather/image/poke/006.png,There is a defect in the object. How does the defect affect the leather?,C,C
DS-MVTec/leather/image/poke/007.png,Is there any defect in the object?,A,A
DS-MVTec/leather/image/poke/007.png,There is a defect in the object. What is the type of the defect?,B,B
DS-MVTec/leather/image/poke/007.png,There is a defect in the object. Where is the defect?,C,C
DS-MVTec/leather/image/poke/007.png,There is a defect in the object. What is the appearance of the defect?,A,A
DS-MVTec/leather/image/poke/007.png,There is a defect in the object. What is the effect of the defect on the object?,B,B
DS-MVTec/leather/image/poke/008.png,Is there any defect in the object?,A,A
DS-MVTec/leather/image/poke/008.png,There is a defect in the object. What is the type of the defect?,A,A
DS-MVTec/leather/image/poke/008.png,There is a defect in the object. Where is the defect?,C,C
DS-MVTec/leather/image/poke/008.png,There is a defect in the object. What is the appearance of the defect?,A,A
DS-MVTec/leather/image/poke/008.png,There is a defect in the object. What is the effect of the defect on the leather?,A,A
DS-MVTec/leather/image/poke/009.png,Is there any defect in the object?,B,B
DS-MVTec/leather/image/poke/009.png,There is a defect in the object. What is the type of the defect?,D,D
DS-MVTec/leather/image/poke/009.png,There is a defect in the object. Where is the defect?,B,B
DS-MVTec/leather/image/poke/009.png,There is a defect in the object. What is the appearance of the defect?,D,D
DS-MVTec/leather/image/poke/009.png,There is a defect in the object. Does the defect seem to affect a large area of the material?,A,A
DS-MVTec/leather/image/poke/010.png,Is there any defect in the object?,B,B
DS-MVTec/leather/image/poke/010.png,There is a defect in the object. What is the type of the defect?,A,C
DS-MVTec/leather/image/poke/010.png,There is a defect in the object. Where is the defect?,B,B
DS-MVTec/leather/image/poke/010.png,There is a defect in the object. What is the appearance of the defect?,A,A
DS-MVTec/leather/image/poke/010.png,There is a defect in the object. How does the defect affect the leather surface?,D,D
DS-MVTec/leather/image/poke/011.png,Is there any defect in the object?,A,A
DS-MVTec/leather/image/poke/011.png,There is a defect in the object. What is the type of the defect?,C,B
DS-MVTec/leather/image/poke/011.png,There is a defect in the object. Where is the defect?,A,A
DS-MVTec/leather/image/poke/011.png,There is a defect in the object. What is the appearance of the defect?,C,C
DS-MVTec/leather/image/poke/011.png,There is a defect in the object. What is the effect of the defect on the leather surface?,D,D
DS-MVTec/leather/image/poke/012.png,Is there any defect in the object?,B,B
DS-MVTec/leather/image/poke/012.png,There is a defect in the object. What is the type of the defect?,D,D
DS-MVTec/leather/image/poke/012.png,There is a defect in the object. Where is the defect?,A,A
DS-MVTec/leather/image/poke/012.png,There is a defect in the object. What is the appearance of the defect?,C,C
DS-MVTec/leather/image/poke/012.png,There is a defect in the object. How does the defect affect the leather?,D,D
DS-MVTec/leather/image/poke/013.png,Is there any defect in the object?,A,A
DS-MVTec/leather/image/poke/013.png,There is a defect in the object. What is the type of the defect?,D,C
DS-MVTec/leather/image/poke/013.png,There is a defect in the object. Where is the defect?,C,B
DS-MVTec/leather/image/poke/013.png,There is a defect in the object. What is the appearance of the defect?,A,A
DS-MVTec/leather/image/poke/013.png,There is a defect in the object. How does the defect affect the area around it?,C,C
DS-MVTec/leather/image/poke/014.png,Is there any defect in the object?,B,B
DS-MVTec/leather/image/poke/014.png,There is a defect in the object. What is the type of the defect?,D,B
DS-MVTec/leather/image/poke/014.png,There is a defect in the object. Where is the defect?,B,B
DS-MVTec/leather/image/poke/014.png,There is a defect in the object. What is the appearance of the defect?,A,A
DS-MVTec/leather/image/poke/014.png,There is a defect in the object. How does the defect affect the surface?,B,B
DS-MVTec/leather/image/poke/015.png,Is there any defect in the object?,B,B
DS-MVTec/leather/image/poke/015.png,There is a defect in the object. What is the type of the defect?,D,D
DS-MVTec/leather/image/poke/015.png,There is a defect in the object. Where is the defect?,B,B
DS-MVTec/leather/image/poke/015.png,There is a defect in the object. What is the appearance of the defect?,B,B
DS-MVTec/leather/image/poke/015.png,There is a defect in the object. What is the effect of the defect on the object's appearance?,D,D
DS-MVTec/leather/image/poke/016.png,Is there any defect in the object?,B,B
DS-MVTec/leather/image/poke/016.png,There is a defect in the object. What is the type of the defect?,B,B
DS-MVTec/leather/image/poke/016.png,There is a defect in the object. Where is the defect?,D,D
DS-MVTec/leather/image/poke/016.png,There is a defect in the object. What is the appearance of the defect?,C,C
DS-MVTec/leather/image/poke/016.png,There is a defect in the object. What is the effect of the defect?,B,B
DS-MVTec/leather/image/poke/017.png,Is there any defect in the object?,A,A
DS-MVTec/leather/image/poke/017.png,There is a defect in the object. What is the type of the defect?,C,D
DS-MVTec/leather/image/poke/017.png,There is a defect in the object. Where is the defect?,B,B
DS-MVTec/leather/image/poke/017.png,There is a defect in the object. What is the appearance of the defect?,C,C
DS-MVTec/leather/image/poke/017.png,There is a defect in the object. What is the effect of the defect on the leather's surface?,C,C
DS-MVTec/metal_nut/image/bent/000.png,Is there any defect in the object?,B,B
DS-MVTec/metal_nut/image/bent/000.png,There is a defect in the object. What is the type of the defect?,B,B
DS-MVTec/metal_nut/image/bent/000.png,There is a defect in the object. Where is the defect?,D,D
DS-MVTec/metal_nut/image/bent/000.png,There is a defect in the object. What is the appearance of the defect?,C,C
DS-MVTec/metal_nut/image/bent/000.png,There are some defects in the object. How may the defects affect the functionality of the metal nut?,B,B
DS-MVTec/metal_nut/image/bent/001.png,Is there any defect in the object?,B,B
DS-MVTec/metal_nut/image/bent/001.png,There is a defect in the object. What is the type of the defect?,A,A
DS-MVTec/metal_nut/image/bent/001.png,There is a defect in the object. Where is the defect?,B,B
DS-MVTec/metal_nut/image/bent/001.png,There is a defect in the object. What is the appearance of the defect?,D,D
DS-MVTec/metal_nut/image/bent/001.png,There is a defect in the object. How could the defect potentially affect the object's functionality?,C,C
DS-MVTec/metal_nut/image/bent/002.png,Is there any defect in the object?,B,A
DS-MVTec/metal_nut/image/bent/002.png,There is a defect in the object. What is the type of the defect?,A,C
DS-MVTec/metal_nut/image/bent/002.png,There is a defect in the object. Where is the defect?,C,C
DS-MVTec/metal_nut/image/bent/002.png,There is a defect in the object. What is the appearance of the defect?,A,C
DS-MVTec/metal_nut/image/bent/002.png,There is a defect in the object. What effect does the defect have on the object?,D,D
DS-MVTec/metal_nut/image/bent/003.png,Is there any defect in the object?,B,B
DS-MVTec/metal_nut/image/bent/003.png,There is a defect in the object. What is the type of the defect?,A,B
DS-MVTec/metal_nut/image/bent/003.png,There is a defect in the object. Where is the defect?,C,C
DS-MVTec/metal_nut/image/bent/003.png,There is a defect in the object. What is the appearance of the defect?,B,B
DS-MVTec/metal_nut/image/bent/003.png,There is a defect in the object. What could be the effect of the defect?,D,D
DS-MVTec/metal_nut/image/bent/004.png,Is there any defect in the object?,A,A
DS-MVTec/metal_nut/image/bent/004.png,There is a defect in the object. What is the type of the defect?,A,D
DS-MVTec/metal_nut/image/bent/004.png,There is a defect in the object. Where is the defect?,D,D
DS-MVTec/metal_nut/image/bent/004.png,There is a defect in the object. What is the appearance of the defect?,B,B
DS-MVTec/metal_nut/image/bent/004.png,There is a defect in the object. What is the effect of the defect?,D,D
DS-MVTec/metal_nut/image/bent/005.png,Is there any defect in the object?,B,B
DS-MVTec/metal_nut/image/bent/005.png,There are some defects in the object. What types of defects are present in the object?,A,A
DS-MVTec/metal_nut/image/bent/005.png,There are some defects in the object. Where are the defects located on the metal nut?,A,C
DS-MVTec/metal_nut/image/bent/005.png,There are some defects in the object. What are the appearances of the defects?,B,B
DS-MVTec/metal_nut/image/bent/005.png,There are some defects in the object. What could be the effects of the defects on the metal nut?,A,A
DS-MVTec/metal_nut/image/bent/006.png,Is there any defect in the object?,B,A
DS-MVTec/metal_nut/image/bent/006.png,There is a defect in the object. What is the type of the defect?,C,A
DS-MVTec/metal_nut/image/bent/006.png,There is a defect in the object. Where is the defect?,D,B
DS-MVTec/metal_nut/image/bent/006.png,There is a defect in the object. What is the appearance of the defect?,D,D
DS-MVTec/metal_nut/image/bent/006.png,There is a defect in the object. What is the effect of the defect?,B,B
DS-MVTec/metal_nut/image/bent/007.png,Is there any defect in the object?,B,B
DS-MVTec/metal_nut/image/bent/007.png,There is a defect in the object. What is the type of the primary defect?,D,D
DS-MVTec/metal_nut/image/bent/007.png,There is a defect in the object. Where is the primary defect located?,D,D
DS-MVTec/metal_nut/image/bent/007.png,There is a defect in the object. What is the appearance of the primary defect?,A,A
DS-MVTec/metal_nut/image/bent/007.png,There is a defect in the object. Is there a secondary defect on the object besides the primary one?,B,A
DS-MVTec/metal_nut/image/bent/008.png,Is there any defect in the object?,A,A
DS-MVTec/metal_nut/image/bent/008.png,There is a defect in the object. What is the type of the defect?,A,A
DS-MVTec/metal_nut/image/bent/008.png,There is a defect in the object. Where is the defect?,B,B
DS-MVTec/metal_nut/image/bent/008.png,There is a defect in the object. What is the appearance of the defect?,D,A
DS-MVTec/metal_nut/image/bent/008.png,There is a defect in the object. How does the defect affect the geometry of the nut?,A,A
DS-MVTec/metal_nut/image/bent/009.png,Is there any defect in the object?,B,B
DS-MVTec/metal_nut/image/bent/009.png,There is a defect in the object. What is the type of the defect?,A,A
DS-MVTec/metal_nut/image/bent/009.png,There is a defect in the object. Where is the defect?,C,C
DS-MVTec/metal_nut/image/bent/009.png,There is a defect in the object. What is the appearance of the defect?,D,D
DS-MVTec/metal_nut/image/bent/009.png,There is a defect in the object. What effect does the defect have on the object?,C,C
DS-MVTec/metal_nut/image/bent/010.png,Is there any defect in the object?,A,A
DS-MVTec/metal_nut/image/bent/010.png,There is a defect in the object. What is the type of the defect?,B,B
DS-MVTec/metal_nut/image/bent/010.png,There is a defect in the object. Where is the defect?,C,C
DS-MVTec/metal_nut/image/bent/010.png,There is a defect in the object. What is the appearance of the defect?,C,C
DS-MVTec/metal_nut/image/bent/010.png,There is a defect in the object. What additional feature is present on the defective area?,D,D
DS-MVTec/metal_nut/image/bent/011.png,Is there any defect in the object?,A,A
DS-MVTec/metal_nut/image/bent/011.png,There is a defect in the object. What is the type of the defect?,D,D
DS-MVTec/metal_nut/image/bent/011.png,There is a defect in the object. Where is the defect?,B,B
DS-MVTec/metal_nut/image/bent/011.png,There is a defect in the object. What is the appearance of the defect?,C,C
DS-MVTec/metal_nut/image/bent/011.png,There is a defect in the object. What is the effect of the defect?,C,C
DS-MVTec/metal_nut/image/bent/012.png,Is there any defect in the object?,B,B
DS-MVTec/metal_nut/image/bent/012.png,There is a defect in the object. What is the type of the defect?,B,D
DS-MVTec/metal_nut/image/bent/012.png,There is a defect in the object. Where is the defect?,A,C
DS-MVTec/metal_nut/image/bent/012.png,There is a defect in the object. What is the appearance of the defect?,D,B
DS-MVTec/metal_nut/image/bent/012.png,There is a defect in the object. What additional information is provided about the defect?,B,B
DS-MVTec/metal_nut/image/bent/013.png,Is there any defect in the object?,B,B
DS-MVTec/metal_nut/image/bent/013.png,There is a defect in the object. What is the type of the defect?,D,D
DS-MVTec/metal_nut/image/bent/013.png,There is a defect in the object. Where is the defect?,A,A
DS-MVTec/metal_nut/image/bent/013.png,There is a defect in the object. What is the appearance of the defect?,B,D
DS-MVTec/metal_nut/image/bent/013.png,There is a defect in the object. What might be the effect of the defect?,C,C
DS-MVTec/metal_nut/image/bent/014.png,Is there any defect in the object?,A,A
DS-MVTec/metal_nut/image/bent/014.png,There is a defect in the object. What is the type of the defect?,B,B
DS-MVTec/metal_nut/image/bent/014.png,There is a defect in the object. Where is the defect?,D,D
DS-MVTec/metal_nut/image/bent/014.png,There is a defect in the object. What is the appearance of the defect?,D,C
DS-MVTec/metal_nut/image/bent/014.png,There is a defect in the object. What is the potential effect of the defect?,D,D
DS-MVTec/metal_nut/image/bent/015.png,Is there any defect in the object?,B,B
DS-MVTec/metal_nut/image/bent/015.png,There is a defect in the object. What is the type of the defect?,A,D
DS-MVTec/metal_nut/image/bent/015.png,There is a defect in the object. Where is the defect?,C,B
DS-MVTec/metal_nut/image/bent/015.png,There is a defect in the object. What is the appearance of the defect?,D,C
DS-MVTec/metal_nut/image/bent/015.png,There is a defect in the object. What is the effect of the defect on the object?,C,C
DS-MVTec/metal_nut/image/bent/016.png,Is there any defect in the object?,A,A
DS-MVTec/metal_nut/image/bent/016.png,There is a defect in the object. What is the type of the defect?,B,C
DS-MVTec/metal_nut/image/bent/016.png,There is a defect in the object. Where is the defect?,C,C
DS-MVTec/metal_nut/image/bent/016.png,There is a defect in the object. What is the appearance of the defect?,C,B
DS-MVTec/metal_nut/image/bent/016.png,There is a defect in the object. What part of the object does the defect affect?,C,C
DS-MVTec/metal_nut/image/bent/017.png,Is there any defect in the object?,A,A
DS-MVTec/metal_nut/image/bent/017.png,There is a defect in the object. What is the type of the defect?,B,D
DS-MVTec/metal_nut/image/bent/017.png,There is a defect in the object. Where is the defect?,C,C
DS-MVTec/metal_nut/image/bent/017.png,There is a defect in the object. What is the appearance of the defect?,A,A
DS-MVTec/metal_nut/image/bent/017.png,There is a defect in the object. How does the defect affect the metal nut?,A,A
DS-MVTec/metal_nut/image/bent/018.png,Is there any defect in the object?,A,A
DS-MVTec/metal_nut/image/bent/018.png,There is a defect in the object. What is the type of the defect?,B,B
DS-MVTec/metal_nut/image/bent/018.png,There is a defect in the object. Where is the defect?,D,D
DS-MVTec/metal_nut/image/bent/018.png,There is a defect in the object. What is the appearance of the defect?,A,A
DS-MVTec/metal_nut/image/bent/018.png,There is a defect in the object. How does the defect affect the appearance of the object?,D,D
DS-MVTec/metal_nut/image/bent/019.png,Is there any defect in the object?,A,A
DS-MVTec/metal_nut/image/bent/019.png,There is a defect in the object. What is the type of the defect?,C,C
DS-MVTec/metal_nut/image/bent/019.png,There is a defect in the object. Where is the defect?,A,A
DS-MVTec/metal_nut/image/bent/019.png,There is a defect in the object. What is the appearance of the defect?,C,B
DS-MVTec/metal_nut/image/bent/019.png,There is a defect in the object. How does the defect affect the object?,C,C
DS-MVTec/metal_nut/image/bent/020.png,Is there any defect in the object?,B,B
DS-MVTec/metal_nut/image/bent/020.png,There is a defect in the object. What is the type of the defect?,D,D
DS-MVTec/metal_nut/image/bent/020.png,There is a defect in the object. Where is the defect?,C,C
DS-MVTec/metal_nut/image/bent/020.png,There is a defect in the object. What is the appearance of the defect?,C,B
DS-MVTec/metal_nut/image/bent/020.png,There is a defect in the object. What is the effect of the defect?,D,D
DS-MVTec/metal_nut/image/bent/021.png,Is there any defect in the object?,B,B
DS-MVTec/metal_nut/image/bent/021.png,There is a defect in the object. What is the type of the defect?,A,C
DS-MVTec/metal_nut/image/bent/021.png,There is a defect in the object. Where is the defect?,C,C
DS-MVTec/metal_nut/image/bent/021.png,There is a defect in the object. What is the appearance of the defect?,B,B
DS-MVTec/metal_nut/image/bent/021.png,There is a defect in the object. What could be the effect of the defect on the nut's functionality?,A,A
DS-MVTec/metal_nut/image/bent/022.png,Is there any defect in the object?,B,B
DS-MVTec/metal_nut/image/bent/022.png,There is a defect in the object. What is the type of the defect?,A,B
DS-MVTec/metal_nut/image/bent/022.png,There is a defect in the object. Where is the defect?,C,B
DS-MVTec/metal_nut/image/bent/022.png,There is a defect in the object. What is the appearance of the defect?,D,A
DS-MVTec/metal_nut/image/bent/022.png,There is a defect in the object. Which aspect of the nut is directly affected by the defect?,C,C
DS-MVTec/metal_nut/image/bent/023.png,Is there any defect in the object?,B,B
DS-MVTec/metal_nut/image/bent/023.png,There is a defect in the object. What is the type of the defect?,A,A
DS-MVTec/metal_nut/image/bent/023.png,There is a defect in the object. Where is the defect?,A,C
DS-MVTec/metal_nut/image/bent/023.png,There is a defect in the object. What is the appearance of the defect?,D,D
DS-MVTec/metal_nut/image/bent/023.png,There is a defect in the object. Is there an additional defect present on the nut besides the primary deformation?,C,C
DS-MVTec/metal_nut/image/bent/024.png,Is there any defect in the object?,A,A
DS-MVTec/metal_nut/image/bent/024.png,There is a defect in the object. What is the type of the defect?,B,B
DS-MVTec/metal_nut/image/bent/024.png,There is a defect in the object. Where is the defect?,A,A
DS-MVTec/metal_nut/image/bent/024.png,There is a defect in the object. What is the appearance of the defect?,D,D
DS-MVTec/metal_nut/image/bent/024.png,"There is a defect in the object. Based on the defect, what is the most likely effect on the object's functionality?",C,C
DS-MVTec/metal_nut/image/color/000.png,Is there any defect in the object?,A,A
DS-MVTec/metal_nut/image/color/000.png,There is a defect in the object. What is the type of the defect?,D,A
DS-MVTec/metal_nut/image/color/000.png,There is a defect in the object. Where is the defect?,B,B
DS-MVTec/metal_nut/image/color/000.png,There is a defect in the object. What is the appearance of the defect?,B,B
DS-MVTec/metal_nut/image/color/000.png,There is a defect in the object. What is the effect of the defect?,B,B
DS-MVTec/metal_nut/image/color/001.png,Is there any defect in the object?,A,A
DS-MVTec/metal_nut/image/color/001.png,There is a defect in the object. What is the type of the defect?,C,C
DS-MVTec/metal_nut/image/color/001.png,There is a defect in the object. Where is the defect?,C,D
DS-MVTec/metal_nut/image/color/001.png,There is a defect in the object. What is the appearance of the defect?,D,A
DS-MVTec/metal_nut/image/color/001.png,There is a defect in the object. What is the effect of the defect on the object?,B,A
DS-MVTec/metal_nut/image/color/002.png,Is there any defect in the object?,B,B
DS-MVTec/metal_nut/image/color/002.png,There is a defect in the object. What is the type of the defect?,C,C
DS-MVTec/metal_nut/image/color/002.png,There is a defect in the object. Where is the defect?,D,D
DS-MVTec/metal_nut/image/color/002.png,There is a defect in the object. What is the appearance of the defect?,A,A
DS-MVTec/metal_nut/image/color/002.png,There is a defect in the object. How does the defect compare to the rest of the nut?,C,C
DS-MVTec/metal_nut/image/color/003.png,Is there any defect in the object?,A,A
DS-MVTec/metal_nut/image/color/003.png,There is a defect in the object. What is the type of the defect?,C,C
DS-MVTec/metal_nut/image/color/003.png,There is a defect in the object. Where is the defect?,D,D
DS-MVTec/metal_nut/image/color/003.png,There is a defect in the object. What is the appearance of the defect?,C,C
DS-MVTec/metal_nut/image/color/003.png,There is a defect in the object. What effect does the color defect have on the metal nut?,A,A
DS-MVTec/metal_nut/image/color/004.png,Is there any defect in the object?,A,A
DS-MVTec/metal_nut/image/color/004.png,There is a defect in the object. What is the type of the defect?,A,D
DS-MVTec/metal_nut/image/color/004.png,There is a defect in the object. Where is the defect?,D,D
DS-MVTec/metal_nut/image/color/004.png,There is a defect in the object. What is the appearance of the defect?,D,C
DS-MVTec/metal_nut/image/color/004.png,There is a defect in the object. What could be the effect of the defect?,B,B
DS-MVTec/metal_nut/image/color/005.png,Is there any defect in the object?,B,B
DS-MVTec/metal_nut/image/color/005.png,There is a defect in the object. What is the type of the defect?,A,A
DS-MVTec/metal_nut/image/color/005.png,There is a defect in the object. Where is the defect?,A,A
DS-MVTec/metal_nut/image/color/005.png,There is a defect in the object. What is the appearance of the defect?,A,A
DS-MVTec/metal_nut/image/color/005.png,There is a defect in the object. What could be the cause of the defect?,D,D
DS-MVTec/metal_nut/image/color/006.png,Is there any defect in the object?,B,B
DS-MVTec/metal_nut/image/color/006.png,There is a defect in the object. What is the type of the defect?,B,B
DS-MVTec/metal_nut/image/color/006.png,There is a defect in the object. Where is the defect?,C,C
DS-MVTec/metal_nut/image/color/006.png,There is a defect in the object. What is the appearance of the defect?,C,C
DS-MVTec/metal_nut/image/color/006.png,"There is a defect in the object. Based on the description, what is the effect of the defect?",C,C
DS-MVTec/metal_nut/image/color/007.png,Is there any defect in the object?,B,B
DS-MVTec/metal_nut/image/color/007.png,There is a defect in the object. What is the type of the defect?,C,C
DS-MVTec/metal_nut/image/color/007.png,There is a defect in the object. Where is the scratch located?,A,C
DS-MVTec/metal_nut/image/color/007.png,There is a defect in the object. What is the appearance of the discoloration?,B,B
DS-MVTec/metal_nut/image/color/007.png,There are some defects in the object. How may the defects affect the metal nut?,D,D
DS-MVTec/metal_nut/image/color/008.png,Is there any defect in the object?,B,B
DS-MVTec/metal_nut/image/color/008.png,There is a defect in the object. What is the type of the defect?,A,A
DS-MVTec/metal_nut/image/color/008.png,There is a defect in the object. Where is the defect?,C,C
DS-MVTec/metal_nut/image/color/008.png,There is a defect in the object. What is the appearance of the defect?,B,B
DS-MVTec/metal_nut/image/color/008.png,There is a defect in the object. What effect does the defect have?,A,A
DS-MVTec/metal_nut/image/color/009.png,Is there any defect in the object?,A,A
DS-MVTec/metal_nut/image/color/009.png,There is a defect in the object. What is the type of the defect?,A,A
DS-MVTec/metal_nut/image/color/009.png,There is a defect in the object. Where is the defect?,D,D
DS-MVTec/metal_nut/image/color/009.png,There is a defect in the object. What is the appearance of the defect?,C,C
DS-MVTec/metal_nut/image/color/009.png,There is a defect in the object. What effect might this type of defect have on the metal nut?,A,A
DS-MVTec/metal_nut/image/color/010.png,Is there any defect in the object?,B,B
DS-MVTec/metal_nut/image/color/010.png,There is a defect in the object. What is the type of the defect?,B,B
DS-MVTec/metal_nut/image/color/010.png,There is a defect in the object. Where is the defect?,D,D
DS-MVTec/metal_nut/image/color/010.png,There is a defect in the object. What is the appearance of the defect?,A,A
DS-MVTec/metal_nut/image/color/010.png,There is a defect in the object. What effect does the defect have?,D,D
DS-MVTec/metal_nut/image/color/011.png,Is there any defect in the object?,A,A
DS-MVTec/metal_nut/image/color/011.png,There is a defect in the object. What is the type of the defect?,A,A
DS-MVTec/metal_nut/image/color/011.png,There is a defect in the object. Where is the defect?,C,B
DS-MVTec/metal_nut/image/color/011.png,There is a defect in the object. What is the appearance of the defect?,C,C
DS-MVTec/metal_nut/image/color/011.png,There is a defect in the object. How do the scratches impact the appearance of the object?,A,A
DS-MVTec/metal_nut/image/color/012.png,Is there any defect in the object?,B,B
DS-MVTec/metal_nut/image/color/012.png,There is a defect in the object. What is the type of the defect?,D,D
DS-MVTec/metal_nut/image/color/012.png,There is a defect in the object. Where is the defect?,A,A
DS-MVTec/metal_nut/image/color/012.png,There is a defect in the object. What is the appearance of the defect?,D,D
DS-MVTec/metal_nut/image/color/012.png,There is a defect in the object. How does the defect affect the appearance of the object?,B,B
DS-MVTec/metal_nut/image/color/013.png,Is there any defect in the object?,B,B
DS-MVTec/metal_nut/image/color/013.png,There is a defect in the object. What is the type of the defect?,A,A
DS-MVTec/metal_nut/image/color/013.png,There is a defect in the object. Where is the defect?,B,C
DS-MVTec/metal_nut/image/color/013.png,There is a defect in the object. What is the appearance of the defect?,D,D
DS-MVTec/metal_nut/image/color/013.png,There is a defect in the object. What kind of product is in the image?,C,C
DS-MVTec/metal_nut/image/color/014.png,Is there any defect in the object?,B,B
DS-MVTec/metal_nut/image/color/014.png,There is a defect in the object. What is the type of the defect?,C,C
DS-MVTec/metal_nut/image/color/014.png,There is a defect in the object. Where is the defect?,D,D
DS-MVTec/metal_nut/image/color/014.png,There is a defect in the object. What is the appearance of the defect?,C,C
DS-MVTec/metal_nut/image/color/014.png,There is a defect in the object. How does the defect affect the appearance of the nut?,B,B
DS-MVTec/metal_nut/image/color/015.png,Is there any defect in the object?,B,B
DS-MVTec/metal_nut/image/color/015.png,There is a defect in the object. What is the type of the defect?,D,D
DS-MVTec/metal_nut/image/color/015.png,There is a defect in the object. Where is the defect?,A,A
DS-MVTec/metal_nut/image/color/015.png,There is a defect in the object. What is the appearance of the defect?,A,A
DS-MVTec/metal_nut/image/color/015.png,There is a defect in the object. What could the discoloration potentially indicate?,B,B
DS-MVTec/metal_nut/image/color/016.png,Is there any defect in the object?,A,A
DS-MVTec/metal_nut/image/color/016.png,There is a defect in the object. What is the type of the defect?,C,B
DS-MVTec/metal_nut/image/color/016.png,There is a defect in the object. Where is the defect?,B,B
DS-MVTec/metal_nut/image/color/016.png,There is a defect in the object. What is the appearance of the defect?,B,B
DS-MVTec/metal_nut/image/color/016.png,There is a defect in the object. What is the likely effect of the defect on the metal nut?,B,B
DS-MVTec/metal_nut/image/color/017.png,Is there any defect in the object?,A,A
DS-MVTec/metal_nut/image/color/017.png,There is a defect in the object. What is the type of the defect?,D,B
DS-MVTec/metal_nut/image/color/017.png,There is a defect in the object. Where is the defect?,D,C
DS-MVTec/metal_nut/image/color/017.png,There is a defect in the object. What is the appearance of the defect?,C,C
DS-MVTec/metal_nut/image/color/017.png,There is a defect in the object. What does the defect suggest?,D,D
DS-MVTec/metal_nut/image/color/018.png,Is there any defect in the object?,B,B
DS-MVTec/metal_nut/image/color/018.png,There is a defect in the object. What is the type of the defect?,B,B
DS-MVTec/metal_nut/image/color/018.png,There is a defect in the object. Where is the defect?,C,C
DS-MVTec/metal_nut/image/color/018.png,There is a defect in the object. What is the appearance of the defect?,D,D
DS-MVTec/metal_nut/image/color/018.png,There is a defect in the object. What could be the effect of the defect?,D,B
DS-MVTec/metal_nut/image/color/019.png,Is there any defect in the object?,A,A
DS-MVTec/metal_nut/image/color/019.png,There is a defect in the object. What is the type of the defect?,A,A
DS-MVTec/metal_nut/image/color/019.png,There is a defect in the object. Where is the defect?,C,C
DS-MVTec/metal_nut/image/color/019.png,There is a defect in the object. What is the appearance of the defect?,D,A
DS-MVTec/metal_nut/image/color/019.png,There is a defect in the object. What could be the effect of this defect on the nut's functionality?,C,C
DS-MVTec/metal_nut/image/color/020.png,Is there any defect in the object?,B,B
DS-MVTec/metal_nut/image/color/020.png,There is a defect in the object. What is the type of the defect?,D,D
DS-MVTec/metal_nut/image/color/020.png,There is a defect in the object. Where is the defect?,B,B
DS-MVTec/metal_nut/image/color/020.png,There is a defect in the object. What is the appearance of the defect?,D,D
DS-MVTec/metal_nut/image/color/020.png,There is a defect in the object. What could the defect indicate?,C,C
DS-MVTec/metal_nut/image/color/021.png,Is there any defect in the object?,A,A
DS-MVTec/metal_nut/image/color/021.png,There is a defect in the object. What is the type of the defect?,B,B
DS-MVTec/metal_nut/image/color/021.png,There is a defect in the object. Where is the defect?,B,B
DS-MVTec/metal_nut/image/color/021.png,There is a defect in the object. What is the appearance of the defect?,A,A
DS-MVTec/metal_nut/image/color/021.png,There is a defect in the object. What is another observed anomaly besides the scratch?,B,B
DS-MVTec/metal_nut/image/good/000.png,Is there any defect in the object?,A,A
DS-MVTec/metal_nut/image/good/001.png,Is there any defect in the object?,B,B
DS-MVTec/metal_nut/image/good/002.png,Is there any defect in the object?,A,A
DS-MVTec/metal_nut/image/good/003.png,Is there any defect in the object?,B,B
DS-MVTec/metal_nut/image/good/004.png,Is there any defect in the object?,B,B
DS-MVTec/metal_nut/image/good/005.png,Is there any defect in the object?,A,A
DS-MVTec/metal_nut/image/good/006.png,Is there any defect in the object?,A,A
DS-MVTec/metal_nut/image/good/007.png,Is there any defect in the object?,B,B
DS-MVTec/metal_nut/image/good/008.png,Is there any defect in the object?,A,A
DS-MVTec/metal_nut/image/good/009.png,Is there any defect in the object?,B,B
DS-MVTec/metal_nut/image/good/010.png,Is there any defect in the object?,A,A
DS-MVTec/metal_nut/image/good/011.png,Is there any defect in the object?,B,B
DS-MVTec/metal_nut/image/good/012.png,Is there any defect in the object?,A,A
DS-MVTec/metal_nut/image/good/013.png,Is there any defect in the object?,A,A
DS-MVTec/metal_nut/image/good/014.png,Is there any defect in the object?,A,A
DS-MVTec/metal_nut/image/good/015.png,Is there any defect in the object?,B,B
DS-MVTec/metal_nut/image/good/016.png,Is there any defect in the object?,A,A
DS-MVTec/metal_nut/image/good/017.png,Is there any defect in the object?,A,A
DS-MVTec/metal_nut/image/good/018.png,Is there any defect in the object?,B,B
DS-MVTec/metal_nut/image/good/019.png,Is there any defect in the object?,B,B
DS-MVTec/metal_nut/image/good/020.png,Is there any defect in the object?,A,A
DS-MVTec/metal_nut/image/good/021.png,Is there any defect in the object?,A,A
DS-MVTec/metal_nut/image/scratch/000.png,Is there any defect in the object?,B,B
DS-MVTec/metal_nut/image/scratch/000.png,There is a defect in the object. What is the type of the defect?,B,B
DS-MVTec/metal_nut/image/scratch/000.png,There is a defect in the object. Where is the defect?,A,B
DS-MVTec/metal_nut/image/scratch/000.png,There is a defect in the object. What is the appearance of the defect?,C,C
DS-MVTec/metal_nut/image/scratch/000.png,There is a defect in the object. How does the defect affect the object?,C,C
DS-MVTec/metal_nut/image/scratch/001.png,Is there any defect in the object?,A,A
DS-MVTec/metal_nut/image/scratch/001.png,There is a defect in the object. What is the type of the defect?,D,D
DS-MVTec/metal_nut/image/scratch/001.png,There is a defect in the object. Where is the defect?,D,B
DS-MVTec/metal_nut/image/scratch/001.png,There is a defect in the object. What is the appearance of the defect?,B,B
DS-MVTec/metal_nut/image/scratch/001.png,There is a defect in the object. What is the effect of the defect on the object?,C,C
DS-MVTec/metal_nut/image/scratch/002.png,Is there any defect in the object?,A,A
DS-MVTec/metal_nut/image/scratch/002.png,There is a defect in the object. What is the type of the defect?,B,B
DS-MVTec/metal_nut/image/scratch/002.png,There is a defect in the object. Where is the defect?,A,A
DS-MVTec/metal_nut/image/scratch/002.png,There is a defect in the object. What is the appearance of the defect?,B,B
DS-MVTec/metal_nut/image/scratch/002.png,There is a defect in the object. What is the potential effect of the defect?,A,A
DS-MVTec/metal_nut/image/scratch/003.png,Is there any defect in the object?,B,B
DS-MVTec/metal_nut/image/scratch/003.png,There is a defect in the object. What is the type of the defect?,A,A
DS-MVTec/metal_nut/image/scratch/003.png,There is a defect in the object. Where is the defect?,C,C
DS-MVTec/metal_nut/image/scratch/003.png,There is a defect in the object. What is the appearance of the defect?,B,B
DS-MVTec/metal_nut/image/scratch/003.png,There is a defect in the object. How does the defect affect the object's surface?,C,C
DS-MVTec/metal_nut/image/scratch/004.png,Is there any defect in the object?,A,A
DS-MVTec/metal_nut/image/scratch/004.png,There is a defect in the object. What is the type of the defect?,C,C
DS-MVTec/metal_nut/image/scratch/004.png,There is a defect in the object. Where is the defect?,D,D
DS-MVTec/metal_nut/image/scratch/004.png,There is a defect in the object. What is the appearance of the defect?,A,A
DS-MVTec/metal_nut/image/scratch/004.png,There is a defect in the object. How does the scratch contrast with the rest of the nut's surface?,B,B
DS-MVTec/metal_nut/image/scratch/005.png,Is there any defect in the object?,A,A
DS-MVTec/metal_nut/image/scratch/005.png,There is a defect in the object. What is the type of the defect?,A,A
DS-MVTec/metal_nut/image/scratch/005.png,There is a defect in the object. Where is the defect?,B,B
DS-MVTec/metal_nut/image/scratch/005.png,There is a defect in the object. What is the appearance of the defect?,C,C
DS-MVTec/metal_nut/image/scratch/005.png,There is a defect in the object. What might be a possible cause of the defect?,C,C
DS-MVTec/metal_nut/image/scratch/006.png,Is there any defect in the object?,A,A
DS-MVTec/metal_nut/image/scratch/006.png,There is a defect in the object. What is the type of the defect?,C,C
DS-MVTec/metal_nut/image/scratch/006.png,There is a defect in the object. Where is the defect?,B,B
DS-MVTec/metal_nut/image/scratch/006.png,There is a defect in the object. What is the appearance of the defect?,C,C
DS-MVTec/metal_nut/image/scratch/006.png,There is a defect in the object. What is the effect of the defect on the nut?,B,B
DS-MVTec/metal_nut/image/scratch/007.png,Is there any defect in the object?,A,A
DS-MVTec/metal_nut/image/scratch/007.png,There is a defect in the object. What is the type of the defect?,B,A
DS-MVTec/metal_nut/image/scratch/007.png,There is a defect in the object. Where is the defect?,C,C
DS-MVTec/metal_nut/image/scratch/007.png,There is a defect in the object. What is the appearance of the defect?,D,D
DS-MVTec/metal_nut/image/scratch/007.png,There is a defect in the object. Is there an additional anomaly besides the scratches?,C,C
DS-MVTec/metal_nut/image/scratch/008.png,Is there any defect in the object?,B,B
DS-MVTec/metal_nut/image/scratch/008.png,There is a defect in the object. What is the type of the defect?,C,C
DS-MVTec/metal_nut/image/scratch/008.png,There is a defect in the object. Where is the defect?,D,D
DS-MVTec/metal_nut/image/scratch/008.png,There is a defect in the object. What is the appearance of the defect?,B,B
DS-MVTec/metal_nut/image/scratch/008.png,There is a defect in the object. What additional information is apparent about the defect?,B,B
DS-MVTec/metal_nut/image/scratch/009.png,Is there any defect in the object?,A,A
DS-MVTec/metal_nut/image/scratch/009.png,There is a defect in the object. What is the type of the defect?,D,C
DS-MVTec/metal_nut/image/scratch/009.png,There is a defect in the object. Where is the defect?,D,C
DS-MVTec/metal_nut/image/scratch/009.png,There is a defect in the object. What is the appearance of the defect?,C,C
DS-MVTec/metal_nut/image/scratch/009.png,There is a defect in the object. What could be the effect of the defect?,C,C
DS-MVTec/metal_nut/image/scratch/010.png,Is there any defect in the object?,B,B
DS-MVTec/metal_nut/image/scratch/010.png,There is a defect in the object. What is the type of the defect?,A,A
DS-MVTec/metal_nut/image/scratch/010.png,There is a defect in the object. Where is the defect?,B,B
DS-MVTec/metal_nut/image/scratch/010.png,There is a defect in the object. What is the appearance of the defect?,C,C
DS-MVTec/metal_nut/image/scratch/010.png,There is a defect in the object. What effect does the defect have on the nut?,D,D
DS-MVTec/metal_nut/image/scratch/011.png,Is there any defect in the object?,A,A
DS-MVTec/metal_nut/image/scratch/011.png,There is a defect in the object. What is the type of the defect?,D,D
DS-MVTec/metal_nut/image/scratch/011.png,There is a defect in the object. Where is the defect?,C,C
DS-MVTec/metal_nut/image/scratch/011.png,There is a defect in the object. What is the appearance of the defect?,D,D
DS-MVTec/metal_nut/image/scratch/011.png,There is a defect in the object. What additional information is provided about the defect?,C,C
DS-MVTec/metal_nut/image/scratch/012.png,Is there any defect in the object?,B,B
DS-MVTec/metal_nut/image/scratch/012.png,There is a defect in the object. What is the type of the defect?,A,B
DS-MVTec/metal_nut/image/scratch/012.png,There is a defect in the object. Where is the defect?,A,A
DS-MVTec/metal_nut/image/scratch/012.png,There is a defect in the object. What is the appearance of the defect?,D,D
DS-MVTec/metal_nut/image/scratch/012.png,There is a defect in the object. What kind of product is in the image?,A,A
DS-MVTec/metal_nut/image/scratch/013.png,Is there any defect in the object?,B,B
DS-MVTec/metal_nut/image/scratch/013.png,There is a defect in the object. What is the type of the defect?,D,D
DS-MVTec/metal_nut/image/scratch/013.png,There is a defect in the object. Where is the defect?,B,B
DS-MVTec/metal_nut/image/scratch/013.png,There is a defect in the object. What is the appearance of the defect?,C,C
DS-MVTec/metal_nut/image/scratch/013.png,There is a defect in the object. How many scratches are visible on the object?,B,B
DS-MVTec/metal_nut/image/scratch/014.png,Is there any defect in the object?,A,A
DS-MVTec/metal_nut/image/scratch/014.png,There is a defect in the object. What is the type of the defect?,B,C
DS-MVTec/metal_nut/image/scratch/014.png,There is a defect in the object. Where is the defect?,D,D
DS-MVTec/metal_nut/image/scratch/014.png,There is a defect in the object. What is the appearance of the defect?,D,D
DS-MVTec/metal_nut/image/scratch/014.png,There is a defect in the object. How does the defect affect the nut's surface?,B,B
DS-MVTec/metal_nut/image/scratch/015.png,Is there any defect in the object?,B,B
DS-MVTec/metal_nut/image/scratch/015.png,There is a defect in the object. What is the type of the defect?,B,D
DS-MVTec/metal_nut/image/scratch/015.png,There is a defect in the object. Where is the defect?,D,B
DS-MVTec/metal_nut/image/scratch/015.png,There is a defect in the object. What is the appearance of the defect?,B,B
DS-MVTec/metal_nut/image/scratch/015.png,There is a defect in the object. How does the defect affect the nut's appearance?,D,D
DS-MVTec/metal_nut/image/scratch/016.png,Is there any defect in the object?,A,A
DS-MVTec/metal_nut/image/scratch/016.png,There is a defect in the object. What is the type of the defect?,D,C
DS-MVTec/metal_nut/image/scratch/016.png,There is a defect in the object. Where is the defect?,A,A
DS-MVTec/metal_nut/image/scratch/016.png,There is a defect in the object. What is the appearance of the defect?,B,B
DS-MVTec/metal_nut/image/scratch/016.png,There is a defect in the object. What is the effect of the defect on the object's appearance?,A,A
DS-MVTec/metal_nut/image/scratch/017.png,Is there any defect in the object?,A,A
DS-MVTec/metal_nut/image/scratch/017.png,There is a defect in the object. What is the type of the defect?,B,D
DS-MVTec/metal_nut/image/scratch/017.png,There is a defect in the object. Where is the defect?,D,D
DS-MVTec/metal_nut/image/scratch/017.png,There is a defect in the object. What is the appearance of the defect?,C,C
DS-MVTec/metal_nut/image/scratch/017.png,There is a defect in the object. What is the effect of the defect on the nut's appearance?,D,D
DS-MVTec/metal_nut/image/scratch/018.png,Is there any defect in the object?,A,A
DS-MVTec/metal_nut/image/scratch/018.png,There is a defect in the object. What is the type of the defect?,B,D
DS-MVTec/metal_nut/image/scratch/018.png,There is a defect in the object. Where is the defect?,D,B
DS-MVTec/metal_nut/image/scratch/018.png,There is a defect in the object. What is the appearance of the defect?,C,C
DS-MVTec/metal_nut/image/scratch/018.png,There is a defect in the object. What could be the effect of the defect?,C,C
DS-MVTec/metal_nut/image/scratch/019.png,Is there any defect in the object?,A,A
DS-MVTec/metal_nut/image/scratch/019.png,There is a defect in the object. What is the type of the defect?,A,A
DS-MVTec/metal_nut/image/scratch/019.png,There is a defect in the object. Where is the defect?,B,B
DS-MVTec/metal_nut/image/scratch/019.png,There is a defect in the object. What is the appearance of the defect?,C,C
DS-MVTec/metal_nut/image/scratch/019.png,There is a defect in the object. How does the defect affect the appearance of the object?,C,C
DS-MVTec/metal_nut/image/scratch/020.png,Is there any defect in the object?,A,A
DS-MVTec/metal_nut/image/scratch/020.png,There is a defect in the object. What is the type of the defect?,D,D
DS-MVTec/metal_nut/image/scratch/020.png,There is a defect in the object. Where is the defect?,A,A
DS-MVTec/metal_nut/image/scratch/020.png,There is a defect in the object. What is the appearance of the defect?,B,B
DS-MVTec/metal_nut/image/scratch/020.png,There is a defect in the object. What could the effect of the defect be?,D,D
DS-MVTec/metal_nut/image/scratch/021.png,Is there any defect in the object?,B,B
DS-MVTec/metal_nut/image/scratch/021.png,There is a defect in the object. What is the type of the defect?,B,B
DS-MVTec/metal_nut/image/scratch/021.png,There is a defect in the object. Where is the defect?,D,D
DS-MVTec/metal_nut/image/scratch/021.png,There is a defect in the object. What is the appearance of the defect?,D,D
DS-MVTec/metal_nut/image/scratch/021.png,There is a defect in the object. What is the likely cause of the defect?,A,A
DS-MVTec/metal_nut/image/scratch/022.png,Is there any defect in the object?,B,B
DS-MVTec/metal_nut/image/scratch/022.png,There is a defect in the object. What is the type of the defect?,A,C
DS-MVTec/metal_nut/image/scratch/022.png,There is a defect in the object. Where is the defect?,D,D
DS-MVTec/metal_nut/image/scratch/022.png,There is a defect in the object. What is the appearance of the defect?,D,D
DS-MVTec/metal_nut/image/scratch/022.png,There is a defect in the object. How has the defect affected the metal nut?,A,A
DS-MVTec/pill/image/color/000.png,Is there any defect in the object?,B,A
DS-MVTec/pill/image/color/000.png,There is a defect in the object. What is the type of the defect?,D,D
DS-MVTec/pill/image/color/000.png,There is a defect in the object. Where is the defect?,D,D
DS-MVTec/pill/image/color/000.png,There is a defect in the object. What is the appearance of the defect?,D,D
DS-MVTec/pill/image/color/000.png,There is a defect in the object. What additional defect is detected on the pill?,D,D
DS-MVTec/pill/image/color/001.png,Is there any defect in the object?,B,B
DS-MVTec/pill/image/color/001.png,There is a defect in the object. What is the type of the defect?,A,A
DS-MVTec/pill/image/color/001.png,There is a defect in the object. Where is the defect?,C,C
DS-MVTec/pill/image/color/001.png,There is a defect in the object. What is the appearance of the defect?,B,B
DS-MVTec/pill/image/color/001.png,There is a defect in the object. What effect does the defect have on the appearance of the pill?,B,B
DS-MVTec/pill/image/color/002.png,Is there any defect in the object?,A,A
DS-MVTec/pill/image/color/002.png,There is a defect in the object. What is the type of the defect?,D,D
DS-MVTec/pill/image/color/002.png,There is a defect in the object. Where is the defect?,C,C
DS-MVTec/pill/image/color/002.png,There is a defect in the object. What is the appearance of the defect?,D,C
DS-MVTec/pill/image/color/002.png,There is a defect in the object. What is the effect of the defect?,D,D
DS-MVTec/pill/image/color/003.png,Is there any defect in the object?,A,A
DS-MVTec/pill/image/color/003.png,There is a defect in the object. What is the type of the defect?,A,A
DS-MVTec/pill/image/color/003.png,There is a defect in the object. Where is the defect?,B,B
DS-MVTec/pill/image/color/003.png,There is a defect in the object. What is the appearance of the defect?,B,B
DS-MVTec/pill/image/color/003.png,There is a defect in the object. What is the main characteristic that differentiates the defect from the rest of the pill?,C,C
DS-MVTec/pill/image/color/004.png,Is there any defect in the object?,A,A
DS-MVTec/pill/image/color/004.png,There is a defect in the object. What is the type of the defect?,D,D
DS-MVTec/pill/image/color/004.png,There is a defect in the object. Where is the defect?,B,B
DS-MVTec/pill/image/color/004.png,There is a defect in the object. What is the appearance of the defect?,C,C
DS-MVTec/pill/image/color/004.png,There is a defect in the object. What effect might the defect have on the pill?,D,D
DS-MVTec/pill/image/color/005.png,Is there any defect in the object?,B,B
DS-MVTec/pill/image/color/005.png,There is a defect in the object. What is the type of the defect?,C,C
DS-MVTec/pill/image/color/005.png,There is a defect in the object. Where is the defect?,D,D
DS-MVTec/pill/image/color/005.png,There is a defect in the object. What is the appearance of the defect?,B,B
DS-MVTec/pill/image/color/005.png,There is a defect in the object. What is the effect of the defect?,D,D
DS-MVTec/pill/image/color/006.png,Is there any defect in the object?,B,B
DS-MVTec/pill/image/color/006.png,There is a defect in the object. What is the type of the defect?,D,D
DS-MVTec/pill/image/color/006.png,There is a defect in the object. Where is the defect?,D,D
DS-MVTec/pill/image/color/006.png,There is a defect in the object. What is the appearance of the defect?,C,C
DS-MVTec/pill/image/color/006.png,There is a defect in the object. What additional type of anomaly is present on the pill?,C,C
DS-MVTec/pill/image/color/007.png,Is there any defect in the object?,B,A
DS-MVTec/pill/image/color/007.png,There is a defect in the object. What is the type of the defect?,B,A
DS-MVTec/pill/image/color/007.png,There is a defect in the object. Where is the defect?,B,B
DS-MVTec/pill/image/color/007.png,There is a defect in the object. What is the appearance of the defect?,B,B
DS-MVTec/pill/image/color/007.png,There is a defect in the object. What is the effect of the defect?,A,A
DS-MVTec/pill/image/color/008.png,Is there any defect in the object?,A,A
DS-MVTec/pill/image/color/008.png,There is a defect in the object. What is the type of the defect?,B,A
DS-MVTec/pill/image/color/008.png,There is a defect in the object. Where is the defect?,C,B
DS-MVTec/pill/image/color/008.png,There is a defect in the object. What is the appearance of the defect?,A,A
DS-MVTec/pill/image/color/008.png,There is a defect in the object. What is the effect of the defect?,D,B
DS-MVTec/pill/image/color/009.png,Is there any defect in the object?,A,A
DS-MVTec/pill/image/color/009.png,There is a defect in the object. What is the type of the defect?,C,B
DS-MVTec/pill/image/color/009.png,There is a defect in the object. Where is the defect?,C,C
DS-MVTec/pill/image/color/009.png,There is a defect in the object. What is the appearance of the defect?,D,B
DS-MVTec/pill/image/color/009.png,There is a defect in the object. How are the blue specks distributed across the pill?,A,A
DS-MVTec/pill/image/color/010.png,Is there any defect in the object?,B,A
DS-MVTec/pill/image/color/010.png,There is a defect in the object. What is the type of the defect?,B,B
DS-MVTec/pill/image/color/010.png,There is a defect in the object. Where is the defect?,D,C
DS-MVTec/pill/image/color/010.png,There is a defect in the object. What is the appearance of the defect?,D,D
DS-MVTec/pill/image/color/010.png,There is a defect in the object. What effect does the defect have on the pill's appearance?,C,C
DS-MVTec/pill/image/color/011.png,Is there any defect in the object?,A,A
DS-MVTec/pill/image/color/011.png,There is a defect in the object. What is the type of the defect?,D,C
DS-MVTec/pill/image/color/011.png,There is a defect in the object. Where is the defect?,D,D
DS-MVTec/pill/image/color/011.png,There is a defect in the object. What is the appearance of the defect?,A,A
DS-MVTec/pill/image/color/011.png,There is a defect in the object. What effect does the defect have?,D,D
DS-MVTec/pill/image/color/012.png,Is there any defect in the object?,B,B
DS-MVTec/pill/image/color/012.png,There is a defect in the object. What is the type of the defect?,C,A
DS-MVTec/pill/image/color/012.png,There is a defect in the object. Where is the defect?,D,D
DS-MVTec/pill/image/color/012.png,There is a defect in the object. What is the appearance of the defect?,C,C
DS-MVTec/pill/image/color/012.png,There is a defect in the object. What could be an effect of this defect?,D,D
DS-MVTec/pill/image/color/013.png,Is there any defect in the object?,A,A
DS-MVTec/pill/image/color/013.png,There is a defect in the object. What is the type of the defect?,C,A
DS-MVTec/pill/image/color/013.png,There is a defect in the object. Where is the defect?,D,B
DS-MVTec/pill/image/color/013.png,There is a defect in the object. What is the appearance of the defect?,D,B
DS-MVTec/pill/image/color/013.png,There is a defect in the object. What might be the effect of the defect on the pill?,B,B
DS-MVTec/pill/image/color/014.png,Is there any defect in the object?,B,B
DS-MVTec/pill/image/color/014.png,There is a defect in the object. What is the type of the defect?,B,B
DS-MVTec/pill/image/color/014.png,There is a defect in the object. Where is the defect?,B,B
DS-MVTec/pill/image/color/014.png,There is a defect in the object. What is the appearance of the defect?,C,C
DS-MVTec/pill/image/color/014.png,There is a defect in the object. What is the additional minor imperfection on the pill?,B,B
DS-MVTec/pill/image/color/015.png,Is there any defect in the object?,B,B
DS-MVTec/pill/image/color/015.png,There is a defect in the object. What is the type of the defect?,D,B
DS-MVTec/pill/image/color/015.png,There is a defect in the object. Where is the defect?,D,D
DS-MVTec/pill/image/color/015.png,There is a defect in the object. What is the appearance of the defect?,C,C
DS-MVTec/pill/image/color/015.png,There is a defect in the object. What does the defect affect?,D,C
DS-MVTec/pill/image/color/016.png,Is there any defect in the object?,A,A
DS-MVTec/pill/image/color/016.png,There are some defects in the object. How many types of defects does the pill have?,A,A
DS-MVTec/pill/image/color/016.png,There is a defect in the object. Where is the color anomaly located on the pill?,D,D
DS-MVTec/pill/image/color/016.png,There is a defect in the object. What is the appearance of the structural defect?,D,D
DS-MVTec/pill/image/color/016.png,There is a defect in the object. What effect does the discoloration anomaly have on the appearance of the pill?,C,C
DS-MVTec/pill/image/color/017.png,Is there any defect in the object?,A,A
DS-MVTec/pill/image/color/017.png,There is a defect in the object. What is the type of the defect?,D,D
DS-MVTec/pill/image/color/017.png,There is a defect in the object. Where is the defect?,C,A
DS-MVTec/pill/image/color/017.png,There is a defect in the object. What is the appearance of the defect?,B,A
DS-MVTec/pill/image/color/017.png,There is a defect in the object. What is the potential effect of the defect on the pill?,A,A
DS-MVTec/pill/image/color/018.png,Is there any defect in the object?,B,B
DS-MVTec/pill/image/color/018.png,There is a defect in the object. What is the type of the defect?,D,D
DS-MVTec/pill/image/color/018.png,There is a defect in the object. Where is the defect?,A,A
DS-MVTec/pill/image/color/018.png,There is a defect in the object. What is the appearance of the defect?,D,D
DS-MVTec/pill/image/color/018.png,There is a defect in the object. Is there an additional defect present on the pill besides the color anomaly?,B,A
DS-MVTec/pill/image/color/019.png,Is there any defect in the object?,B,B
DS-MVTec/pill/image/color/019.png,There is a defect in the object. What is the type of the defect?,B,B
DS-MVTec/pill/image/color/019.png,There is a defect in the object. Where is the defect?,C,C
DS-MVTec/pill/image/color/019.png,There is a defect in the object. What is the appearance of the defect?,D,D
DS-MVTec/pill/image/color/019.png,There is a defect in the object. What could be the effect of the defect?,B,B
DS-MVTec/pill/image/color/020.png,Is there any defect in the object?,B,A
DS-MVTec/pill/image/color/020.png,There is a defect in the object. What is the type of the defect?,B,C
DS-MVTec/pill/image/color/020.png,There is a defect in the object. Where is the defect?,A,D
DS-MVTec/pill/image/color/020.png,There is a defect in the object. What is the appearance of the defect?,D,D
DS-MVTec/pill/image/color/020.png,There is a defect in the object. What is the effect of the defect?,D,D
DS-MVTec/pill/image/color/021.png,Is there any defect in the object?,A,A
DS-MVTec/pill/image/color/021.png,There is a defect in the object. What is the type of the defect?,C,C
DS-MVTec/pill/image/color/021.png,There is a defect in the object. Where is the defect?,B,B
DS-MVTec/pill/image/color/021.png,There is a defect in the object. What is the appearance of the defect?,D,D
DS-MVTec/pill/image/color/021.png,There is a defect in the object. How does the defect manifest on the pill?,C,C
DS-MVTec/pill/image/color/022.png,Is there any defect in the object?,A,A
DS-MVTec/pill/image/color/022.png,There is a defect in the object. What is the type of the defect?,B,B
DS-MVTec/pill/image/color/022.png,There is a defect in the object. Where is the defect?,A,A
DS-MVTec/pill/image/color/022.png,There is a defect in the object. What is the appearance of the defect?,C,C
DS-MVTec/pill/image/color/022.png,There is a defect in the object. What might be the effect of the defect on the product?,C,C
DS-MVTec/pill/image/color/023.png,Is there any defect in the object?,A,A
DS-MVTec/pill/image/color/023.png,There is a defect in the object. What is the type of the defect?,A,A
DS-MVTec/pill/image/color/023.png,There is a defect in the object. Where is the defect?,A,A
DS-MVTec/pill/image/color/023.png,There is a defect in the object. What is the appearance of the defect?,C,C
DS-MVTec/pill/image/color/023.png,There is a defect in the object. What is the effect of the defect?,B,B
DS-MVTec/pill/image/color/024.png,Is there any defect in the object?,B,B
DS-MVTec/pill/image/color/024.png,There is a defect in the object. What is the type of the defect?,D,D
DS-MVTec/pill/image/color/024.png,There is a defect in the object. Where is the defect?,D,D
DS-MVTec/pill/image/color/024.png,There is a defect in the object. What is the appearance of the defect?,C,C
DS-MVTec/pill/image/color/024.png,There is a defect in the object. What is the effect of the defect?,B,A
DS-MVTec/pill/image/combined/000.png,Is there any defect in the object?,A,A
DS-MVTec/pill/image/combined/000.png,There is a defect in the object. What is the type of the defect?,A,D
DS-MVTec/pill/image/combined/000.png,There is a defect in the object. Where is the defect?,A,D
DS-MVTec/pill/image/combined/000.png,There is a defect in the object. What is the appearance of the defect?,D,D
DS-MVTec/pill/image/combined/000.png,There are some defects in the object. What are the potential effects of these defects?,A,A
DS-MVTec/pill/image/combined/001.png,Is there any defect in the object?,B,B
DS-MVTec/pill/image/combined/001.png,There is a defect in the object. What is the type of the defect?,B,C
DS-MVTec/pill/image/combined/001.png,There is a defect in the object. Where are the defects in the picture?,B,B
DS-MVTec/pill/image/combined/001.png,There is a defect in the object. What is the appearance of the defects?,A,A
DS-MVTec/pill/image/combined/001.png,There is a defect in the object. What are the potential effects of the defects?,D,D
DS-MVTec/pill/image/combined/002.png,Is there any defect in the object?,B,B
DS-MVTec/pill/image/combined/002.png,There are some defects in the object. What types of defects are present?,B,B
DS-MVTec/pill/image/combined/002.png,There are some defects in the object. Where are these defects located in the picture?,A,A
DS-MVTec/pill/image/combined/002.png,There are some defects in the object. What is the appearance of the defects?,B,B
DS-MVTec/pill/image/combined/002.png,There are some defects in the object. What is the effect of these defects?,C,C
DS-MVTec/pill/image/combined/003.png,Is there any defect in the object?,B,B
DS-MVTec/pill/image/combined/003.png,There is a defect in the object. What is the type of the defect?,C,C
DS-MVTec/pill/image/combined/003.png,There is a defect in the object. What is the appearance of the defect?,B,A
DS-MVTec/pill/image/combined/003.png,There are some defects in the object. What are the additional anomalies observed?,D,A
DS-MVTec/pill/image/combined/004.png,Is there any defect in the object?,B,B
DS-MVTec/pill/image/combined/004.png,There is a defect in the object. What is the type of the defect?,D,D
DS-MVTec/pill/image/combined/004.png,There is a defect in the object. Where is the crack located?,A,A
DS-MVTec/pill/image/combined/004.png,There is a defect in the object. What is the appearance of the discoloration or contamination?,C,C
DS-MVTec/pill/image/combined/004.png,There is a defect in the object. Where are the reddish spots grouped together located?,B,B
DS-MVTec/pill/image/combined/005.png,Is there any defect in the object?,B,B
DS-MVTec/pill/image/combined/005.png,There are some defects in the object. What are the types of the defects?,B,C
DS-MVTec/pill/image/combined/005.png,There are some defects in the object. Where are these defects in the picture?,D,B
DS-MVTec/pill/image/combined/005.png,There are some defects in the object. What is the appearance of the defects?,D,B
DS-MVTec/pill/image/combined/005.png,There are some defects in the object. What could be the potential effect of these defects?,C,C
DS-MVTec/pill/image/combined/006.png,Is there any defect in the object?,B,B
DS-MVTec/pill/image/combined/006.png,There is a defect in the object. What is the type of the defect?,B,B
DS-MVTec/pill/image/combined/006.png,There is a defect in the object. Where is the defect?,C,C
DS-MVTec/pill/image/combined/006.png,There is a defect in the object. What is the appearance of the defect?,D,D
DS-MVTec/pill/image/combined/006.png,There are some defects in the object. What are the potential effects of these defects?,B,B
DS-MVTec/pill/image/combined/007.png,Is there any defect in the object?,B,B
DS-MVTec/pill/image/combined/007.png,There is a defect in the object. What is the type of the defect?,D,B
DS-MVTec/pill/image/combined/007.png,There is a defect in the object. Where is the defect?,C,C
DS-MVTec/pill/image/combined/007.png,There is a defect in the object. What is the appearance of the defect?,A,A
DS-MVTec/pill/image/combined/007.png,There are some defects in the object. What are the potential effects of these defects?,C,C
DS-MVTec/pill/image/combined/008.png,Is there any defect in the object?,A,A
DS-MVTec/pill/image/combined/008.png,There is a defect in the object. What is the type of the defect?,A,C
DS-MVTec/pill/image/combined/008.png,There is a defect in the object. Where is the defect?,B,B
DS-MVTec/pill/image/combined/008.png,There is a defect in the object. What is the appearance of the defect?,C,C
DS-MVTec/pill/image/combined/008.png,There is a defect in the object. What are the potential effects of the defect?,B,B
DS-MVTec/pill/image/combined/009.png,Is there any defect in the object?,A,A
DS-MVTec/pill/image/combined/009.png,There is a defect in the object. What is the type of the defect?,B,D
DS-MVTec/pill/image/combined/009.png,There is a defect in the object. Where is the defect?,D,D
DS-MVTec/pill/image/combined/009.png,There is a defect in the object. What is the appearance of the defect?,D,D
DS-MVTec/pill/image/combined/009.png,There is a defect in the object. What could be a potential effect of the defect?,D,D
DS-MVTec/pill/image/combined/010.png,Is there any defect in the object?,B,B
DS-MVTec/pill/image/combined/010.png,There is a defect in the object. What is the type of the defect?,A,C
DS-MVTec/pill/image/combined/010.png,There are some defects in the object. Where are these defects in the picture?,B,A
DS-MVTec/pill/image/combined/010.png,There are some defects in the object. What is the appearance of the defects?,D,A
DS-MVTec/pill/image/combined/010.png,There are some defects in the object. What is the potential effect of these defects?,B,B
DS-MVTec/pill/image/combined/011.png,Is there any defect in the object?,B,B
DS-MVTec/pill/image/combined/011.png,There is a defect in the object. What is the type of the defect?,A,D
DS-MVTec/pill/image/combined/011.png,There is a defect in the object. Where is the defect?,D,D
DS-MVTec/pill/image/combined/011.png,There is a defect in the object. What is the appearance of the defect?,B,B
DS-MVTec/pill/image/combined/011.png,There is a defect in the object. What is the effect of the defect on the integrity and visual uniformity of the pill?,D,D
DS-MVTec/pill/image/combined/012.png,Is there any defect in the object?,A,A
DS-MVTec/pill/image/combined/012.png,There is a defect in the object. What is the type of the defect?,B,B
DS-MVTec/pill/image/combined/012.png,There is a defect in the object. Where is the defect?,C,C
DS-MVTec/pill/image/combined/012.png,There is a defect in the object. What is the appearance of the defect?,B,B
DS-MVTec/pill/image/combined/012.png,There is a defect in the object. What is the potential effect of the defect?,A,A
DS-MVTec/pill/image/combined/013.png,Is there any defect in the object?,A,A
DS-MVTec/pill/image/combined/013.png,There is a defect in the object. What is the type of the defect?,C,A
DS-MVTec/pill/image/combined/013.png,There is a defect in the object. Where is the defect?,A,A
DS-MVTec/pill/image/combined/013.png,There is a defect in the object. What is the appearance of the defect?,C,C
DS-MVTec/pill/image/combined/013.png,There is a defect in the object. What is the effect of the defect?,C,C
DS-MVTec/pill/image/combined/014.png,Is there any defect in the object?,B,B
DS-MVTec/pill/image/combined/014.png,There is a defect in the object. What is the type of the defect?,B,B
DS-MVTec/pill/image/combined/014.png,There is a defect in the object. Where is the defect?,B,D
DS-MVTec/pill/image/combined/014.png,There is a defect in the object. What is the appearance of the defect?,D,D
DS-MVTec/pill/image/combined/014.png,There is a defect in the object. What is the potential effect of the defect?,C,C
DS-MVTec/pill/image/combined/015.png,Is there any defect in the object?,A,A
DS-MVTec/pill/image/combined/015.png,There are some defects in the object. What are the types of the defects?,B,B
DS-MVTec/pill/image/combined/015.png,There are some defects in the object. Where are these defects located in the picture?,B,B
DS-MVTec/pill/image/combined/015.png,There are some defects in the object. What are the appearances of the defects?,C,A
DS-MVTec/pill/image/combined/015.png,There are some defects in the object. What could be a potential effect of these defects?,C,C
DS-MVTec/pill/image/combined/016.png,Is there any defect in the object?,B,B
DS-MVTec/pill/image/combined/016.png,There is a defect in the object. What is the type of the defect?,B,B
DS-MVTec/pill/image/combined/016.png,There is a defect in the object. Where is the defect?,A,A
DS-MVTec/pill/image/combined/016.png,There is a defect in the object. What is the appearance of the defect?,C,C
DS-MVTec/pill/image/combined/016.png,There is a defect in the object. What is the effect of the defect?,D,D
DS-MVTec/pill/image/contamination/000.png,Is there any defect in the object?,B,B
DS-MVTec/pill/image/contamination/000.png,There is a defect in the object. What is the type of the defect?,C,D
DS-MVTec/pill/image/contamination/000.png,There is a defect in the object. Where is the defect?,A,C
DS-MVTec/pill/image/contamination/000.png,There is a defect in the object. What is the appearance of the defect?,B,B
DS-MVTec/pill/image/contamination/000.png,There is a defect in the object. What is the effect of the defect?,A,A
DS-MVTec/pill/image/contamination/001.png,Is there any defect in the object?,A,A
DS-MVTec/pill/image/contamination/001.png,There is a defect in the object. What is the type of the defect?,D,B
DS-MVTec/pill/image/contamination/001.png,There is a defect in the object. Where is the defect?,A,A
DS-MVTec/pill/image/contamination/001.png,There is a defect in the object. What is the appearance of the defect?,C,A
DS-MVTec/pill/image/contamination/001.png,There is a defect in the object. What is the effect of the defect on the pill?,C,C
DS-MVTec/pill/image/contamination/002.png,Is there any defect in the object?,B,B
DS-MVTec/pill/image/contamination/002.png,There is a defect in the object. What is the type of the defect?,D,D
DS-MVTec/pill/image/contamination/002.png,There is a defect in the object. Where is the defect?,A,C
DS-MVTec/pill/image/contamination/002.png,There is a defect in the object. What is the appearance of the defect?,D,D
DS-MVTec/pill/image/contamination/002.png,There is a defect in the object. What is the potential effect of the defect on the product?,D,D
DS-MVTec/pill/image/contamination/003.png,Is there any defect in the object?,B,B
DS-MVTec/pill/image/contamination/003.png,There is a defect in the object. What is the type of the defect?,B,A
DS-MVTec/pill/image/contamination/003.png,There is a defect in the object. Where is the defect?,B,B
DS-MVTec/pill/image/contamination/003.png,There is a defect in the object. What is the appearance of the defect?,B,C
DS-MVTec/pill/image/contamination/003.png,There is a defect in the object. What is the effect of the defect?,D,D
DS-MVTec/pill/image/contamination/004.png,Is there any defect in the object?,A,A
DS-MVTec/pill/image/contamination/004.png,There is a defect in the object. What is the type of the defect?,C,B
DS-MVTec/pill/image/contamination/004.png,There is a defect in the object. Where is the defect?,C,C
DS-MVTec/pill/image/contamination/004.png,There is a defect in the object. What is the appearance of the defect?,D,C
DS-MVTec/pill/image/contamination/004.png,There is a defect in the object. What could the defect potentially indicate?,C,C
DS-MVTec/pill/image/contamination/005.png,Is there any defect in the object?,B,B
DS-MVTec/pill/image/contamination/005.png,There is a defect in the object. What is the type of the defect?,D,B
DS-MVTec/pill/image/contamination/005.png,There is a defect in the object. Where is the defect?,D,D
DS-MVTec/pill/image/contamination/005.png,There is a defect in the object. What is the appearance of the defect?,D,D
DS-MVTec/pill/image/contamination/005.png,There is a defect in the object. How does the defect distinguish from the consistent pattern observed in the normal sample?,D,D
DS-MVTec/pill/image/contamination/006.png,Is there any defect in the object?,B,A
DS-MVTec/pill/image/contamination/006.png,There is a defect in the object. What is the type of the defect?,B,A
DS-MVTec/pill/image/contamination/006.png,There is a defect in the object. Where is the contamination-like mark located?,B,B
DS-MVTec/pill/image/contamination/006.png,There is a defect in the object. What is the appearance of the minor defect resembling a crack or scratch?,B,B
DS-MVTec/pill/image/contamination/006.png,There are some defects in the object. How do both defects affect the pill?,C,C
DS-MVTec/pill/image/contamination/007.png,Is there any defect in the object?,A,A
DS-MVTec/pill/image/contamination/007.png,There is a defect in the object. What is the type of the defect?,B,B
DS-MVTec/pill/image/contamination/007.png,There is a defect in the object. Where is the defect?,B,B
DS-MVTec/pill/image/contamination/007.png,There is a defect in the object. What is the appearance of the defect?,B,B
DS-MVTec/pill/image/contamination/007.png,There is a defect in the object. What effect does the defect have on the pill?,B,B
DS-MVTec/pill/image/contamination/008.png,Is there any defect in the object?,A,A
DS-MVTec/pill/image/contamination/008.png,There is a defect in the object. What is the type of the defect?,B,B
DS-MVTec/pill/image/contamination/008.png,There is a defect in the object. Where is the defect?,D,A
DS-MVTec/pill/image/contamination/008.png,There is a defect in the object. What is the appearance of the defect?,D,C
DS-MVTec/pill/image/contamination/008.png,There is a defect in the object. What does the defect suggest?,D,D
DS-MVTec/pill/image/contamination/009.png,Is there any defect in the object?,A,A
DS-MVTec/pill/image/contamination/009.png,There is a defect in the object. What is the type of the defect?,D,B
DS-MVTec/pill/image/contamination/009.png,There is a defect in the object. Where is the defect?,B,D
DS-MVTec/pill/image/contamination/009.png,There is a defect in the object. What is the appearance of the defect?,D,A
DS-MVTec/pill/image/contamination/009.png,There are some defects in the object. What is the effect of the defects on the pill?,B,B
DS-MVTec/pill/image/contamination/010.png,Is there any defect in the object?,A,A
DS-MVTec/pill/image/contamination/010.png,There is a defect in the object. What is the type of the defect?,B,B
DS-MVTec/pill/image/contamination/010.png,There is a defect in the object. Where is the defect?,B,B
DS-MVTec/pill/image/contamination/010.png,There is a defect in the object. What is the appearance of the defect?,B,C
DS-MVTec/pill/image/contamination/010.png,There is a defect in the object. What is the potential effect of the defect on the pill?,C,C
DS-MVTec/pill/image/contamination/011.png,Is there any defect in the object?,A,A
DS-MVTec/pill/image/contamination/011.png,There is a defect in the object. What is the type of the defect?,B,D
DS-MVTec/pill/image/contamination/011.png,There is a defect in the object. Where is the defect?,D,D
DS-MVTec/pill/image/contamination/011.png,There is a defect in the object. What is the appearance of the defect?,B,B
DS-MVTec/pill/image/contamination/011.png,There is a defect in the object. This area might indicate what about the pill?,C,C
DS-MVTec/pill/image/contamination/012.png,Is there any defect in the object?,B,B
DS-MVTec/pill/image/contamination/012.png,There is a defect in the object. What is the type of the defect?,C,B
DS-MVTec/pill/image/contamination/012.png,There is a defect in the object. Where is the defect?,C,C
DS-MVTec/pill/image/contamination/012.png,There is a defect in the object. What is the appearance of the defect?,C,C
DS-MVTec/pill/image/contamination/012.png,There is a defect in the object. What additional information is provided about the defect?,D,D
DS-MVTec/pill/image/contamination/013.png,Is there any defect in the object?,A,A
DS-MVTec/pill/image/contamination/013.png,There is a defect in the object. What is the type of the defect?,C,A
DS-MVTec/pill/image/contamination/013.png,There is a defect in the object. Where is the defect?,A,A
DS-MVTec/pill/image/contamination/013.png,There is a defect in the object. What is the appearance of the defect?,B,B
DS-MVTec/pill/image/contamination/013.png,There is a defect in the object. What is the effect of the defect on the pill?,C,C
DS-MVTec/pill/image/contamination/014.png,Is there any defect in the object?,B,B
DS-MVTec/pill/image/contamination/014.png,There is a defect in the object. What is the type of the defect?,B,A
DS-MVTec/pill/image/contamination/014.png,There is a defect in the object. Where is the defect?,A,A
DS-MVTec/pill/image/contamination/014.png,There is a defect in the object. What is the appearance of the defect?,B,B
DS-MVTec/pill/image/contamination/014.png,There is a defect in the object. What potential effect does the defect suggest?,B,B
DS-MVTec/pill/image/contamination/015.png,Is there any defect in the object?,B,B
DS-MVTec/pill/image/contamination/015.png,There is a defect in the object. What is the type of the defect?,C,D
DS-MVTec/pill/image/contamination/015.png,There is a defect in the object. Where is the defect?,B,B
DS-MVTec/pill/image/contamination/015.png,There is a defect in the object. What is the appearance of the defect?,B,D
DS-MVTec/pill/image/contamination/015.png,There is a defect in the object. What is the additional defect present in the pill?,A,A
DS-MVTec/pill/image/contamination/016.png,Is there any defect in the object?,A,A
DS-MVTec/pill/image/contamination/016.png,There is a defect in the object. What is the type of the defect?,D,D
DS-MVTec/pill/image/contamination/016.png,There is a defect in the object. Where is the defect?,A,A
DS-MVTec/pill/image/contamination/016.png,There is a defect in the object. What is the appearance of the defect?,C,B
DS-MVTec/pill/image/contamination/016.png,There is a defect in the object. What effect does the defect have on the pill?,B,B
DS-MVTec/pill/image/contamination/017.png,Is there any defect in the object?,A,A
DS-MVTec/pill/image/contamination/017.png,There is a defect in the object. What is the type of the defect?,B,B
DS-MVTec/pill/image/contamination/017.png,There is a defect in the object. Where is the defect?,C,A
DS-MVTec/pill/image/contamination/017.png,There is a defect in the object. What is the appearance of the defect?,C,C
DS-MVTec/pill/image/contamination/017.png,There is a defect in the object. Is there a second anomaly present on the pill?,B,C
DS-MVTec/pill/image/contamination/018.png,Is there any defect in the object?,B,B
DS-MVTec/pill/image/contamination/018.png,There is a defect in the object. What is the type of the defect?,C,A
DS-MVTec/pill/image/contamination/018.png,There is a defect in the object. Where is the defect?,B,B
DS-MVTec/pill/image/contamination/018.png,There is a defect in the object. What is the appearance of the defect?,C,C
DS-MVTec/pill/image/contamination/018.png,There is a defect in the object. Is there any additional defect on the pill?,D,C
DS-MVTec/pill/image/contamination/019.png,Is there any defect in the object?,A,A
DS-MVTec/pill/image/contamination/019.png,There is a defect in the object. What is the type of the defect?,C,A
DS-MVTec/pill/image/contamination/019.png,There is a defect in the object. Where is the defect?,C,C
DS-MVTec/pill/image/contamination/019.png,There is a defect in the object. What is the appearance of the defect?,B,B
DS-MVTec/pill/image/contamination/019.png,There is a defect in the object. Is there any other indication of a possible defect besides the texture anomaly?,C,A
DS-MVTec/pill/image/contamination/020.png,Is there any defect in the object?,A,A
DS-MVTec/pill/image/contamination/020.png,There is a defect in the object. What is the type of the defect?,A,C
DS-MVTec/pill/image/contamination/020.png,There is a defect in the object. Where is the defect?,A,D
DS-MVTec/pill/image/contamination/020.png,There is a defect in the object. What is the appearance of the defect?,D,C
DS-MVTec/pill/image/contamination/020.png,There is a defect in the object. What effect does the defect have on the pill?,A,A
DS-MVTec/pill/image/crack/000.png,Is there any defect in the object?,B,B
DS-MVTec/pill/image/crack/000.png,There is a defect in the object. What is the type of the defect?,D,D
DS-MVTec/pill/image/crack/000.png,There is a defect in the object. Where is the defect?,D,A
DS-MVTec/pill/image/crack/000.png,There is a defect in the object. What is the appearance of the defect?,D,D
DS-MVTec/pill/image/crack/000.png,There is a defect in the object. What could be the effect of the defect?,A,A
DS-MVTec/pill/image/crack/001.png,Is there any defect in the object?,B,A
DS-MVTec/pill/image/crack/001.png,There is a defect in the object. What is the type of the defect?,C,B
DS-MVTec/pill/image/crack/001.png,There is a defect in the object. Where is the defect?,D,B
DS-MVTec/pill/image/crack/001.png,There is a defect in the object. What is the appearance of the defect?,D,D
DS-MVTec/pill/image/crack/001.png,There is a defect in the object. Is there another imperfection present on the pill?,B,D
DS-MVTec/pill/image/crack/002.png,Is there any defect in the object?,A,A
DS-MVTec/pill/image/crack/002.png,There is a defect in the object. What is the type of the defect?,A,C
DS-MVTec/pill/image/crack/002.png,There is a defect in the object. Where is the defect?,B,A
DS-MVTec/pill/image/crack/002.png,There is a defect in the object. What is the appearance of the defect?,D,D
DS-MVTec/pill/image/crack/002.png,There is a defect in the object. What additional information can be provided about the defect?,D,D
DS-MVTec/pill/image/crack/003.png,Is there any defect in the object?,A,A
DS-MVTec/pill/image/crack/003.png,There is a defect in the object. What is the type of the defect?,A,D
DS-MVTec/pill/image/crack/003.png,There is a defect in the object. Where is the defect?,D,D
DS-MVTec/pill/image/crack/003.png,There is a defect in the object. What is the appearance of the defect?,D,D
DS-MVTec/pill/image/crack/003.png,There is a defect in the object. What is the effect of the defect on the pill?,D,D
DS-MVTec/pill/image/crack/004.png,Is there any defect in the object?,A,A
DS-MVTec/pill/image/crack/004.png,There is a defect in the object. What is the type of the defect?,A,C
DS-MVTec/pill/image/crack/004.png,There is a defect in the object. Where is the defect?,C,C
DS-MVTec/pill/image/crack/004.png,There is a defect in the object. What is the appearance of the defect?,B,B
DS-MVTec/pill/image/crack/004.png,There is a defect in the object. How does the defect affect the appearance of the pill?,D,D
DS-MVTec/pill/image/crack/005.png,Is there any defect in the object?,B,B
DS-MVTec/pill/image/crack/005.png,There is a defect in the object. What is the type of the defect?,D,D
DS-MVTec/pill/image/crack/005.png,There is a defect in the object. Where is the defect?,D,D
DS-MVTec/pill/image/crack/005.png,There is a defect in the object. What is the appearance of the defect?,D,D
DS-MVTec/pill/image/crack/005.png,There is a defect in the object. Is there an additional defect on the pill other than the chip/crack?,D,B
DS-MVTec/pill/image/crack/006.png,Is there any defect in the object?,B,B
DS-MVTec/pill/image/crack/006.png,There is a defect in the object. What is the type of the defect?,D,B
DS-MVTec/pill/image/crack/006.png,There is a defect in the object. Where is the defect?,D,D
DS-MVTec/pill/image/crack/006.png,There is a defect in the object. What is the appearance of the defect?,B,B
DS-MVTec/pill/image/crack/006.png,There is a defect in the object. What is the effect of the defect?,C,C
DS-MVTec/pill/image/crack/007.png,Is there any defect in the object?,B,B
DS-MVTec/pill/image/crack/007.png,There is a defect in the object. What is the type of the defect?,A,A
DS-MVTec/pill/image/crack/007.png,There is a defect in the object. Where is the defect?,D,D
DS-MVTec/pill/image/crack/007.png,There is a defect in the object. What is the appearance of the defect?,B,B
DS-MVTec/pill/image/crack/007.png,There is a defect in the object. How does the defect affect the pill?,C,D
DS-MVTec/pill/image/crack/008.png,Is there any defect in the object?,A,B
DS-MVTec/pill/image/crack/008.png,There is a defect in the object. What is the type of the defect?,D,B
DS-MVTec/pill/image/crack/008.png,There is a defect in the object. Where is the defect?,A,B
DS-MVTec/pill/image/crack/008.png,There is a defect in the object. What is the appearance of the defect?,A,A
DS-MVTec/pill/image/crack/008.png,There is a defect in the object. What effect does the defect have on the object?,A,A
DS-MVTec/pill/image/crack/009.png,Is there any defect in the object?,A,A
DS-MVTec/pill/image/crack/009.png,There is a defect in the object. What is the type of the defect?,C,C
DS-MVTec/pill/image/crack/009.png,There is a defect in the object. Where is the defect?,D,D
DS-MVTec/pill/image/crack/009.png,There is a defect in the object. What is the appearance of the defect?,B,B
DS-MVTec/pill/image/crack/009.png,There is a defect in the object. What additional information can you provide about the defect?,A,A
DS-MVTec/pill/image/crack/010.png,Is there any defect in the object?,A,B
DS-MVTec/pill/image/crack/010.png,There is a defect in the object. What is the type of the defect?,D,C
DS-MVTec/pill/image/crack/010.png,There is a defect in the object. Where is the defect?,D,D
DS-MVTec/pill/image/crack/010.png,There is a defect in the object. What is the appearance of the defect?,B,C
DS-MVTec/pill/image/crack/010.png,There is a defect in the object. How does the defect affect the pill?,C,C
DS-MVTec/pill/image/crack/011.png,Is there any defect in the object?,B,B
DS-MVTec/pill/image/crack/011.png,There is a defect in the object. What is the type of the defect?,C,C
DS-MVTec/pill/image/crack/011.png,There is a defect in the object. Where is the defect?,D,D
DS-MVTec/pill/image/crack/011.png,There is a defect in the object. What is the appearance of the defect?,C,C
DS-MVTec/pill/image/crack/011.png,There is a defect in the object. Is there another imperfection besides the crack?,C,C
DS-MVTec/pill/image/crack/012.png,Is there any defect in the object?,A,A
DS-MVTec/pill/image/crack/012.png,There is a defect in the object. What is the type of the defect?,B,D
DS-MVTec/pill/image/crack/012.png,There is a defect in the object. Where is the defect?,D,D
DS-MVTec/pill/image/crack/012.png,There is a defect in the object. What is the appearance of the defect?,D,D
DS-MVTec/pill/image/crack/012.png,There is a defect in the object. What additional anomaly is present on the pill?,B,D
DS-MVTec/pill/image/crack/013.png,Is there any defect in the object?,B,B
DS-MVTec/pill/image/crack/013.png,There is a defect in the object. What is the type of the defect?,D,A
DS-MVTec/pill/image/crack/013.png,There is a defect in the object. Where is the defect?,C,C
DS-MVTec/pill/image/crack/013.png,There is a defect in the object. What is the appearance of the defect?,D,D
DS-MVTec/pill/image/crack/013.png,There is a defect in the object. How does the defect affect the pill?,A,A
DS-MVTec/pill/image/crack/014.png,Is there any defect in the object?,B,A
DS-MVTec/pill/image/crack/014.png,There is a defect in the object. What is the type of the defect?,B,D
DS-MVTec/pill/image/crack/014.png,There is a defect in the object. Where is the defect?,B,B
DS-MVTec/pill/image/crack/014.png,There is a defect in the object. What is the appearance of the defect?,C,B
DS-MVTec/pill/image/crack/014.png,There is a defect in the object. What is the potential effect of the defect?,C,C
DS-MVTec/pill/image/crack/015.png,Is there any defect in the object?,A,B
DS-MVTec/pill/image/crack/015.png,There is a defect in the object. What is the type of the defect?,A,A
DS-MVTec/pill/image/crack/015.png,There is a defect in the object. Where is the defect?,C,C
DS-MVTec/pill/image/crack/015.png,There is a defect in the object. What is the appearance of the defect?,D,D
DS-MVTec/pill/image/crack/015.png,There is a defect in the object. What is the secondary imperfection noted on the pill?,D,A
DS-MVTec/pill/image/crack/016.png,Is there any defect in the object?,B,B
DS-MVTec/pill/image/crack/016.png,There is a defect in the object. What is the type of the defect?,B,C
DS-MVTec/pill/image/crack/016.png,There is a defect in the object. Where is the defect?,D,B
DS-MVTec/pill/image/crack/016.png,There is a defect in the object. What is the appearance of the defect?,A,A
DS-MVTec/pill/image/crack/016.png,There is a defect in the object. Is there another anomaly present on the pill?,A,C
DS-MVTec/pill/image/crack/017.png,Is there any defect in the object?,A,A
DS-MVTec/pill/image/crack/017.png,There is a defect in the object. What is the type of the defect?,C,C
DS-MVTec/pill/image/crack/017.png,There is a defect in the object. Where is the defect?,C,C
DS-MVTec/pill/image/crack/017.png,There is a defect in the object. What is the appearance of the defect?,C,C
DS-MVTec/pill/image/crack/017.png,There is a defect in the object. Is there an additional defect aside from the prominent crack?,A,C
DS-MVTec/pill/image/crack/018.png,Is there any defect in the object?,B,B
DS-MVTec/pill/image/crack/018.png,There is a defect in the object. What is the type of the defect?,B,C
DS-MVTec/pill/image/crack/018.png,There is a defect in the object. Where is the defect?,C,A
DS-MVTec/pill/image/crack/018.png,There is a defect in the object. What is the appearance of the defect?,B,B
DS-MVTec/pill/image/crack/018.png,There is a defect in the object. Is there additional discoloration or possible contamination on the pill?,A,A
DS-MVTec/pill/image/crack/019.png,Is there any defect in the object?,A,A
DS-MVTec/pill/image/crack/019.png,There is a defect in the object. What is the type of the defect?,D,D
DS-MVTec/pill/image/crack/019.png,There is a defect in the object. Where is the defect?,D,D
DS-MVTec/pill/image/crack/019.png,There is a defect in the object. What is the appearance of the defect?,D,D
DS-MVTec/pill/image/crack/019.png,There is a defect in the object. What could be the effect of the defect on the pill?,A,A
DS-MVTec/pill/image/crack/020.png,Is there any defect in the object?,B,A
DS-MVTec/pill/image/crack/020.png,There is a defect in the object. What is the type of the defect?,D,C
DS-MVTec/pill/image/crack/020.png,There is a defect in the object. Where is the defect?,A,A
DS-MVTec/pill/image/crack/020.png,There is a defect in the object. What is the appearance of the defect?,D,D
DS-MVTec/pill/image/crack/020.png,There is a defect in the object. What is the effect of the defect on the object?,C,C
DS-MVTec/pill/image/crack/021.png,Is there any defect in the object?,A,A
DS-MVTec/pill/image/crack/021.png,There is a defect in the object. What is the type of the defect?,A,A
DS-MVTec/pill/image/crack/021.png,There is a defect in the object. Where is the defect?,B,B
DS-MVTec/pill/image/crack/021.png,There is a defect in the object. What is the appearance of the defect?,D,D
DS-MVTec/pill/image/crack/021.png,There is a defect in the object. What effect does the defect have on the object?,D,D
DS-MVTec/pill/image/crack/022.png,Is there any defect in the object?,B,B
DS-MVTec/pill/image/crack/022.png,There is a defect in the object. What is the type of the defect?,D,D
DS-MVTec/pill/image/crack/022.png,There is a defect in the object. Where is the defect?,A,A
DS-MVTec/pill/image/crack/022.png,There is a defect in the object. What is the appearance of the defect?,C,C
DS-MVTec/pill/image/crack/022.png,There is a defect in the object. What is the effect of the defect?,D,B
DS-MVTec/pill/image/crack/023.png,Is there any defect in the object?,A,A
DS-MVTec/pill/image/crack/023.png,There is a defect in the object. What is the type of the defect?,C,C
DS-MVTec/pill/image/crack/023.png,There is a defect in the object. Where is the defect?,C,C
DS-MVTec/pill/image/crack/023.png,There is a defect in the object. What is the appearance of the defect?,D,C
DS-MVTec/pill/image/crack/023.png,There is a defect in the object. What is the effect of the defect on the pill?,D,D
DS-MVTec/pill/image/crack/024.png,Is there any defect in the object?,B,A
DS-MVTec/pill/image/crack/024.png,There is a defect in the object. What is the type of the defect?,C,A
DS-MVTec/pill/image/crack/024.png,There is a defect in the object. Where is the defect?,C,B
DS-MVTec/pill/image/crack/024.png,There is a defect in the object. What is the appearance of the defect?,D,D
DS-MVTec/pill/image/crack/024.png,There is a defect in the object. How does the defect affect the pill?,A,A
DS-MVTec/pill/image/crack/025.png,Is there any defect in the object?,A,A
DS-MVTec/pill/image/crack/025.png,There is a defect in the object. What is the type of the defect?,C,C
DS-MVTec/pill/image/crack/025.png,There is a defect in the object. Where is the defect?,A,C
DS-MVTec/pill/image/crack/025.png,There is a defect in the object. What is the appearance of the defect?,D,D
DS-MVTec/pill/image/crack/025.png,There is a defect in the object. What additional information can be provided about the defect?,C,B
DS-MVTec/pill/image/faulty_imprint/000.png,Is there any defect in the object?,A,A
DS-MVTec/pill/image/faulty_imprint/000.png,There is a defect in the object. What is the type of the defect?,A,A
DS-MVTec/pill/image/faulty_imprint/000.png,There is a defect in the object. Where is the defect?,C,C
DS-MVTec/pill/image/faulty_imprint/000.png,There is a defect in the object. What is the appearance of the defect?,C,C
DS-MVTec/pill/image/faulty_imprint/000.png,There is a defect in the object. What effect does the defect have on the pill?,C,C
DS-MVTec/pill/image/faulty_imprint/001.png,Is there any defect in the object?,B,B
DS-MVTec/pill/image/faulty_imprint/001.png,There is a defect in the object. What is the type of the defect?,D,D
DS-MVTec/pill/image/faulty_imprint/001.png,There is a defect in the object. Where is the defect?,B,B
DS-MVTec/pill/image/faulty_imprint/001.png,There is a defect in the object. What is the appearance of the defect?,D,D
DS-MVTec/pill/image/faulty_imprint/001.png,There is a defect in the object. What is the effect of the defect?,A,A
DS-MVTec/pill/image/faulty_imprint/002.png,Is there any defect in the object?,B,B
DS-MVTec/pill/image/faulty_imprint/002.png,There is a defect in the object. What is the type of the defect?,B,B
DS-MVTec/pill/image/faulty_imprint/002.png,There is a defect in the object. Where is the defect?,A,A
DS-MVTec/pill/image/faulty_imprint/002.png,There is a defect in the object. What is the appearance of the defect?,A,A
DS-MVTec/pill/image/faulty_imprint/002.png,There is a defect in the object. What is the additional information on the defect?,D,D
DS-MVTec/pill/image/faulty_imprint/003.png,Is there any defect in the object?,A,A
DS-MVTec/pill/image/faulty_imprint/003.png,There is a defect in the object. What is the type of the defect?,D,D
DS-MVTec/pill/image/faulty_imprint/003.png,There is a defect in the object. Where is the defect?,B,B
DS-MVTec/pill/image/faulty_imprint/003.png,There is a defect in the object. What is the appearance of the defect?,A,A
DS-MVTec/pill/image/faulty_imprint/003.png,There is a defect in the object. What could be the effect of the defect?,B,B
DS-MVTec/pill/image/faulty_imprint/004.png,Is there any defect in the object?,A,A
DS-MVTec/pill/image/faulty_imprint/004.png,There is a defect in the object. What is the type of the defect?,D,D
DS-MVTec/pill/image/faulty_imprint/004.png,There is a defect in the object. Where is the defect?,D,D
DS-MVTec/pill/image/faulty_imprint/004.png,There is a defect in the object. What is the appearance of the defect?,A,A
DS-MVTec/pill/image/faulty_imprint/004.png,There is a defect in the object. Are there any other anomalies on the pill apart from the imprint defect?,C,C
DS-MVTec/pill/image/faulty_imprint/005.png,Is there any defect in the object?,B,B
DS-MVTec/pill/image/faulty_imprint/005.png,There is a defect in the object. What is the type of the defect?,D,D
DS-MVTec/pill/image/faulty_imprint/005.png,There is a defect in the object. Where is the defect?,C,B
DS-MVTec/pill/image/faulty_imprint/005.png,There is a defect in the object. What is the appearance of the defect?,D,B
DS-MVTec/pill/image/faulty_imprint/005.png,There is a defect in the object. What could be the implication of the defect?,A,A
DS-MVTec/pill/image/faulty_imprint/006.png,Is there any defect in the object?,A,A
DS-MVTec/pill/image/faulty_imprint/006.png,There is a defect in the object. What is the type of the defect?,B,B
DS-MVTec/pill/image/faulty_imprint/006.png,There is a defect in the object. Where is the defect?,B,D
DS-MVTec/pill/image/faulty_imprint/006.png,There is a defect in the object. What is the appearance of the defect?,C,C
DS-MVTec/pill/image/faulty_imprint/006.png,There is a defect in the object. What effect does the defect have on the pill?,B,B
DS-MVTec/pill/image/faulty_imprint/007.png,Is there any defect in the object?,A,A
DS-MVTec/pill/image/faulty_imprint/007.png,There is a defect in the object. What is the type of the defect?,B,B
DS-MVTec/pill/image/faulty_imprint/007.png,There is a defect in the object. Where is the defect?,A,A
DS-MVTec/pill/image/faulty_imprint/007.png,There is a defect in the object. What is the appearance of the defect?,C,C
DS-MVTec/pill/image/faulty_imprint/007.png,There is a defect in the object. What could be the effect of this defect?,A,A
DS-MVTec/pill/image/faulty_imprint/008.png,Is there any defect in the object?,A,A
DS-MVTec/pill/image/faulty_imprint/008.png,There is a defect in the object. What is the type of the defect?,B,B
DS-MVTec/pill/image/faulty_imprint/008.png,There is a defect in the object. Where is the defect?,B,B
DS-MVTec/pill/image/faulty_imprint/008.png,There is a defect in the object. What is the appearance of the defect?,C,C
DS-MVTec/pill/image/faulty_imprint/008.png,There is a defect in the object. What additional information can be provided about the defect?,D,D
DS-MVTec/pill/image/faulty_imprint/009.png,Is there any defect in the object?,A,A
DS-MVTec/pill/image/faulty_imprint/009.png,There is a defect in the object. What is the type of the defect?,C,C
DS-MVTec/pill/image/faulty_imprint/009.png,There is a defect in the object. Where is the defect?,D,A
DS-MVTec/pill/image/faulty_imprint/009.png,There is a defect in the object. What is the appearance of the defect?,A,C
DS-MVTec/pill/image/faulty_imprint/009.png,There is a defect in the object. What is the likely cause of the defect?,C,C
DS-MVTec/pill/image/faulty_imprint/010.png,Is there any defect in the object?,A,A
DS-MVTec/pill/image/faulty_imprint/010.png,There is a defect in the object. What is the type of the defect?,C,C
DS-MVTec/pill/image/faulty_imprint/010.png,There is a defect in the object. Where is the defect?,B,A
DS-MVTec/pill/image/faulty_imprint/010.png,There is a defect in the object. What is the appearance of the defect?,A,A
DS-MVTec/pill/image/faulty_imprint/010.png,There is a defect in the object. How does the defect affect the pill?,B,B
DS-MVTec/pill/image/faulty_imprint/011.png,Is there any defect in the object?,A,A
DS-MVTec/pill/image/faulty_imprint/011.png,There is a defect in the object. What is the type of the defect?,D,D
DS-MVTec/pill/image/faulty_imprint/011.png,There is a defect in the object. Where is the defect?,A,A
DS-MVTec/pill/image/faulty_imprint/011.png,There is a defect in the object. What is the appearance of the defect?,B,B
DS-MVTec/pill/image/faulty_imprint/011.png,There is a defect in the object. What additional information can be provided about the defect?,C,C
DS-MVTec/pill/image/faulty_imprint/012.png,Is there any defect in the object?,B,B
DS-MVTec/pill/image/faulty_imprint/012.png,There is a defect in the object. What is the type of the defect?,C,C
DS-MVTec/pill/image/faulty_imprint/012.png,There is a defect in the object. Where is the defect?,C,B
DS-MVTec/pill/image/faulty_imprint/012.png,There is a defect in the object. What is the appearance of the defect?,D,D
DS-MVTec/pill/image/faulty_imprint/012.png,There is a defect in the object. What is the effect of the defect?,A,A
DS-MVTec/pill/image/faulty_imprint/013.png,Is there any defect in the object?,B,B
DS-MVTec/pill/image/faulty_imprint/013.png,There is a defect in the object. What is the type of the defect?,A,A
DS-MVTec/pill/image/faulty_imprint/013.png,There is a defect in the object. Where is the defect?,C,C
DS-MVTec/pill/image/faulty_imprint/013.png,There is a defect in the object. What is the appearance of the defect?,D,D
DS-MVTec/pill/image/faulty_imprint/013.png,There is a defect in the object. Does the pill have any physical deformities other than the imprint irregularity?,D,D
DS-MVTec/pill/image/faulty_imprint/014.png,Is there any defect in the object?,A,A
DS-MVTec/pill/image/faulty_imprint/014.png,There is a defect in the object. What is the type of the defect?,B,B
DS-MVTec/pill/image/faulty_imprint/014.png,There is a defect in the object. Where is the defect?,B,C
DS-MVTec/pill/image/faulty_imprint/014.png,There is a defect in the object. What is the appearance of the defect?,A,A
DS-MVTec/pill/image/faulty_imprint/014.png,There is a defect in the object. What is the effect of the defect?,C,C
DS-MVTec/pill/image/faulty_imprint/015.png,Is there any defect in the object?,A,A
DS-MVTec/pill/image/faulty_imprint/015.png,There is a defect in the object. What is the type of the defect?,B,B
DS-MVTec/pill/image/faulty_imprint/015.png,There is a defect in the object. Where is the defect?,B,B
DS-MVTec/pill/image/faulty_imprint/015.png,There is a defect in the object. What is the appearance of the defect?,D,D
DS-MVTec/pill/image/faulty_imprint/015.png,There is a defect in the object. What additional defect is present near the primary defect?,D,D
DS-MVTec/pill/image/faulty_imprint/016.png,Is there any defect in the object?,A,A
DS-MVTec/pill/image/faulty_imprint/016.png,There is a defect in the object. What is the type of the defect?,B,B
DS-MVTec/pill/image/faulty_imprint/016.png,There is a defect in the object. Where is the defect?,A,A
DS-MVTec/pill/image/faulty_imprint/016.png,There is a defect in the object. What is the appearance of the defect?,B,B
DS-MVTec/pill/image/faulty_imprint/016.png,There is a defect in the object. What additional information can be provided about the defect?,C,C
DS-MVTec/pill/image/faulty_imprint/017.png,Is there any defect in the object?,A,A
DS-MVTec/pill/image/faulty_imprint/017.png,There is a defect in the object. What is the type of the defect?,B,B
DS-MVTec/pill/image/faulty_imprint/017.png,There is a defect in the object. Where is the defect?,A,A
DS-MVTec/pill/image/faulty_imprint/017.png,There is a defect in the object. What is the appearance of the defect?,B,B
DS-MVTec/pill/image/faulty_imprint/017.png,There is a defect in the object. What part of the imprint does the defect affect?,B,D
DS-MVTec/pill/image/faulty_imprint/018.png,Is there any defect in the object?,A,A
DS-MVTec/pill/image/faulty_imprint/018.png,There is a defect in the object. What is the type of the defect?,B,B
DS-MVTec/pill/image/faulty_imprint/018.png,There is a defect in the object. Where is the defect?,B,A
DS-MVTec/pill/image/faulty_imprint/018.png,There is a defect in the object. What is the appearance of the defect?,B,B
DS-MVTec/pill/image/faulty_imprint/018.png,There is a defect in the object. What additional information can be provided about the defect?,D,D
DS-MVTec/pill/image/good/000.png,Is there any defect in the object?,B,B
DS-MVTec/pill/image/good/001.png,Is there any defect in the object?,B,B
DS-MVTec/pill/image/good/002.png,Is there any defect in the object?,B,B
DS-MVTec/pill/image/good/003.png,Is there any defect in the object?,A,A
DS-MVTec/pill/image/good/004.png,Is there any defect in the object?,B,B
DS-MVTec/pill/image/good/005.png,Is there any defect in the object?,A,A
DS-MVTec/pill/image/good/006.png,Is there any defect in the object?,B,B
DS-MVTec/pill/image/good/007.png,Is there any defect in the object?,A,A
DS-MVTec/pill/image/good/008.png,Is there any defect in the object?,B,B
DS-MVTec/pill/image/good/009.png,Is there any defect in the object?,A,A
DS-MVTec/pill/image/good/010.png,Is there any defect in the object?,A,A
DS-MVTec/pill/image/good/011.png,Is there any defect in the object?,B,B
DS-MVTec/pill/image/good/012.png,Is there any defect in the object?,B,B
DS-MVTec/pill/image/good/013.png,Is there any defect in the object?,B,B
DS-MVTec/pill/image/good/014.png,Is there any defect in the object?,B,B
DS-MVTec/pill/image/good/015.png,Is there any defect in the object?,A,A
DS-MVTec/pill/image/good/016.png,Is there any defect in the object?,A,A
DS-MVTec/pill/image/good/017.png,Is there any defect in the object?,A,A
DS-MVTec/pill/image/good/018.png,Is there any defect in the object?,B,B
DS-MVTec/pill/image/good/019.png,Is there any defect in the object?,A,A
DS-MVTec/pill/image/good/020.png,Is there any defect in the object?,A,A
DS-MVTec/pill/image/good/021.png,Is there any defect in the object?,A,A
DS-MVTec/pill/image/good/022.png,Is there any defect in the object?,B,B
DS-MVTec/pill/image/good/023.png,Is there any defect in the object?,B,A
DS-MVTec/pill/image/good/024.png,Is there any defect in the object?,B,B
DS-MVTec/pill/image/good/025.png,Is there any defect in the object?,A,A
DS-MVTec/pill/image/scratch/000.png,Is there any defect in the object?,A,A
DS-MVTec/pill/image/scratch/000.png,There is a defect in the object. What is the type of the defect?,D,D
DS-MVTec/pill/image/scratch/000.png,There is a defect in the object. Where is the defect?,B,B
DS-MVTec/pill/image/scratch/000.png,There is a defect in the object. What is the appearance of the defect?,C,C
DS-MVTec/pill/image/scratch/000.png,There is a defect in the object. What effect does the defect have on the object?,A,A
DS-MVTec/pill/image/scratch/001.png,Is there any defect in the object?,A,A
DS-MVTec/pill/image/scratch/001.png,There is a defect in the object. What is the type of the defect?,C,B
DS-MVTec/pill/image/scratch/001.png,There is a defect in the object. Where is the defect?,A,B
DS-MVTec/pill/image/scratch/001.png,There is a defect in the object. What is the appearance of the defect?,D,D
DS-MVTec/pill/image/scratch/001.png,There is a defect in the object. How does the defect affect the appearance of the pill?,B,B
DS-MVTec/pill/image/scratch/002.png,Is there any defect in the object?,A,A
DS-MVTec/pill/image/scratch/002.png,There is a defect in the object. What is the type of the defect?,C,C
DS-MVTec/pill/image/scratch/002.png,There is a defect in the object. Where is the defect?,D,D
DS-MVTec/pill/image/scratch/002.png,There is a defect in the object. What is the appearance of the defect?,D,D
DS-MVTec/pill/image/scratch/002.png,There is a defect in the object. What is the effect of the defect?,A,A
DS-MVTec/pill/image/scratch/003.png,Is there any defect in the object?,A,A
DS-MVTec/pill/image/scratch/003.png,There is a defect in the object. What is the type of the defect?,A,B
DS-MVTec/pill/image/scratch/003.png,There is a defect in the object. Where is the defect?,B,B
DS-MVTec/pill/image/scratch/003.png,There is a defect in the object. What is the appearance of the defect?,C,A
DS-MVTec/pill/image/scratch/003.png,There is a defect in the object. How is the defect positioned in relation to the engraved letters on the pill?,A,A
DS-MVTec/pill/image/scratch/004.png,Is there any defect in the object?,B,B
DS-MVTec/pill/image/scratch/004.png,There is a defect in the object. What is the type of the defect?,A,A
DS-MVTec/pill/image/scratch/004.png,There is a defect in the object. Where is the defect?,D,D
DS-MVTec/pill/image/scratch/004.png,There is a defect in the object. What is the appearance of the defect?,B,B
DS-MVTec/pill/image/scratch/004.png,There is a defect in the object. How does the defect affect the pill's surface?,D,D
DS-MVTec/pill/image/scratch/005.png,Is there any defect in the object?,A,A
DS-MVTec/pill/image/scratch/005.png,There is a defect in the object. What is the type of the defect?,C,C
DS-MVTec/pill/image/scratch/005.png,There is a defect in the object. Where is the defect?,A,C
DS-MVTec/pill/image/scratch/005.png,There is a defect in the object. What is the appearance of the defect?,A,A
DS-MVTec/pill/image/scratch/005.png,There is a defect in the object. What additional detail is present about the defect?,A,A
DS-MVTec/pill/image/scratch/006.png,Is there any defect in the object?,A,A
DS-MVTec/pill/image/scratch/006.png,There is a defect in the object. What is the type of the defect?,D,D
DS-MVTec/pill/image/scratch/006.png,There is a defect in the object. Where is the defect?,A,A
DS-MVTec/pill/image/scratch/006.png,There is a defect in the object. What is the appearance of the defect?,B,B
DS-MVTec/pill/image/scratch/006.png,There is a defect in the object. How does the defect affect the pill?,C,C
DS-MVTec/pill/image/scratch/007.png,Is there any defect in the object?,B,B
DS-MVTec/pill/image/scratch/007.png,There is a defect in the object. What is the type of the defect?,B,C
DS-MVTec/pill/image/scratch/007.png,There is a defect in the object. Where is the defect?,D,D
DS-MVTec/pill/image/scratch/007.png,There is a defect in the object. What is the appearance of the defect?,C,D
DS-MVTec/pill/image/scratch/007.png,There is a defect in the object. What is the effect of the defect?,D,D
DS-MVTec/pill/image/scratch/008.png,Is there any defect in the object?,B,B
DS-MVTec/pill/image/scratch/008.png,There is a defect in the object. What is the type of the defect?,B,D
DS-MVTec/pill/image/scratch/008.png,There is a defect in the object. Where is the defect?,B,C
DS-MVTec/pill/image/scratch/008.png,There is a defect in the object. What is the appearance of the defect?,A,A
DS-MVTec/pill/image/scratch/008.png,There is a defect in the object. How does the defect affect the pill?,A,B
DS-MVTec/pill/image/scratch/009.png,Is there any defect in the object?,B,A
DS-MVTec/pill/image/scratch/009.png,There is a defect in the object. What is the type of the defect?,A,C
DS-MVTec/pill/image/scratch/009.png,There is a defect in the object. Where is the defect?,C,C
DS-MVTec/pill/image/scratch/009.png,There is a defect in the object. What is the appearance of the defect?,C,D
DS-MVTec/pill/image/scratch/009.png,There is a defect in the object. What may the scratch indicate?,C,C
DS-MVTec/pill/image/scratch/010.png,Is there any defect in the object?,A,A
DS-MVTec/pill/image/scratch/010.png,There is a defect in the object. What is the type of the defect?,D,C
DS-MVTec/pill/image/scratch/010.png,There is a defect in the object. Where is the defect?,B,B
DS-MVTec/pill/image/scratch/010.png,There is a defect in the object. What is the appearance of the defect?,D,D
DS-MVTec/pill/image/scratch/010.png,There are some defects in the object. Does the rest of the pill exhibit any apparent defects or abnormalities?,C,C
DS-MVTec/pill/image/scratch/011.png,Is there any defect in the object?,B,B
DS-MVTec/pill/image/scratch/011.png,There is a defect in the object. What is the type of the defect?,B,B
DS-MVTec/pill/image/scratch/011.png,There is a defect in the object. Where is the defect?,C,C
DS-MVTec/pill/image/scratch/011.png,There is a defect in the object. What is the appearance of the defect?,D,D
DS-MVTec/pill/image/scratch/011.png,There is a defect in the object. Is there an additional defect on the pill?,D,D
DS-MVTec/pill/image/scratch/012.png,Is there any defect in the object?,B,B
DS-MVTec/pill/image/scratch/012.png,There are some defects in the object. How many types of defects are there on the pill?,A,A
DS-MVTec/pill/image/scratch/012.png,There is a defect in the object. Where is the first defect located?,C,C
DS-MVTec/pill/image/scratch/012.png,There is a defect in the object. What is the appearance of the second defect?,C,C
DS-MVTec/pill/image/scratch/012.png,There are some defects in the object. What might the defects indicate about the pill?,A,A
DS-MVTec/pill/image/scratch/013.png,Is there any defect in the object?,A,A
DS-MVTec/pill/image/scratch/013.png,There is a defect in the object. What is the type of the defect?,D,D
DS-MVTec/pill/image/scratch/013.png,There is a defect in the object. Where is the defect?,B,B
DS-MVTec/pill/image/scratch/013.png,There is a defect in the object. What is the appearance of the defect?,A,B
DS-MVTec/pill/image/scratch/013.png,There is a defect in the object. What is the effect of the defect?,C,C
DS-MVTec/pill/image/scratch/014.png,Is there any defect in the object?,B,B
DS-MVTec/pill/image/scratch/014.png,There is a defect in the object. What is the type of the defect?,B,C
DS-MVTec/pill/image/scratch/014.png,There is a defect in the object. Where is the defect?,D,D
DS-MVTec/pill/image/scratch/014.png,There is a defect in the object. What is the appearance of the defect?,B,B
DS-MVTec/pill/image/scratch/014.png,There is a defect in the object. What additional aspect might indicate another defect?,B,B
DS-MVTec/pill/image/scratch/015.png,Is there any defect in the object?,B,B
DS-MVTec/pill/image/scratch/015.png,There is a defect in the object. What is the type of the defect?,D,B
DS-MVTec/pill/image/scratch/015.png,There is a defect in the object. Where is the defect?,C,C
DS-MVTec/pill/image/scratch/015.png,There is a defect in the object. What is the appearance of the defect?,B,B
DS-MVTec/pill/image/scratch/015.png,There is a defect in the object. What is the effect of the defect?,A,A
DS-MVTec/pill/image/scratch/016.png,Is there any defect in the object?,B,B
DS-MVTec/pill/image/scratch/016.png,There is a defect in the object. What is the type of the defect?,D,D
DS-MVTec/pill/image/scratch/016.png,There is a defect in the object. Where is the defect?,C,C
DS-MVTec/pill/image/scratch/016.png,There is a defect in the object. What is the appearance of the defect?,C,A
DS-MVTec/pill/image/scratch/016.png,There is a defect in the object. What might be the effect of the defect?,B,B
DS-MVTec/pill/image/scratch/017.png,Is there any defect in the object?,A,A
DS-MVTec/pill/image/scratch/017.png,There is a defect in the object. What is the type of the defect?,B,B
DS-MVTec/pill/image/scratch/017.png,There is a defect in the object. Where is the defect?,B,B
DS-MVTec/pill/image/scratch/017.png,There is a defect in the object. What is the appearance of the defect?,D,D
DS-MVTec/pill/image/scratch/017.png,There is a defect in the object. Is there an additional defect or anomaly in the central area of the pill?,B,B
DS-MVTec/pill/image/scratch/018.png,Is there any defect in the object?,B,B
DS-MVTec/pill/image/scratch/018.png,There is a defect in the object. What is the type of the defect?,A,A
DS-MVTec/pill/image/scratch/018.png,There is a defect in the object. Where is the defect?,B,B
DS-MVTec/pill/image/scratch/018.png,There is a defect in the object. What is the appearance of the defect?,B,B
DS-MVTec/pill/image/scratch/018.png,There is a defect in the object. What is the effect of the defect?,B,B
DS-MVTec/pill/image/scratch/019.png,Is there any defect in the object?,A,A
DS-MVTec/pill/image/scratch/019.png,There is a defect in the object. What is the type of the defect?,D,B
DS-MVTec/pill/image/scratch/019.png,There is a defect in the object. Where is the defect?,B,B
DS-MVTec/pill/image/scratch/019.png,There is a defect in the object. What is the appearance of the defect?,B,B
DS-MVTec/pill/image/scratch/019.png,There is a defect in the object. What is the effect of the defect?,C,C
DS-MVTec/pill/image/scratch/020.png,Is there any defect in the object?,A,A
DS-MVTec/pill/image/scratch/020.png,There is a defect in the object. What is the type of the defect?,C,C
DS-MVTec/pill/image/scratch/020.png,There is a defect in the object. Where is the defect?,B,B
DS-MVTec/pill/image/scratch/020.png,There is a defect in the object. What is the appearance of the defect?,C,C
DS-MVTec/pill/image/scratch/020.png,There is a defect in the object. Is there another noticeable issue other than the scratch or chip?,C,D
DS-MVTec/pill/image/scratch/021.png,Is there any defect in the object?,B,B
DS-MVTec/pill/image/scratch/021.png,There is a defect in the object. What is the type of the defect?,B,D
DS-MVTec/pill/image/scratch/021.png,There is a defect in the object. Where is the defect?,C,C
DS-MVTec/pill/image/scratch/021.png,There is a defect in the object. What is the appearance of the defect?,C,C
DS-MVTec/pill/image/scratch/021.png,There is a defect in the object. How does the defect affect the pill?,B,B
DS-MVTec/pill/image/scratch/022.png,Is there any defect in the object?,B,B
DS-MVTec/pill/image/scratch/022.png,There is a defect in the object. What is the type of the defect?,A,A
DS-MVTec/pill/image/scratch/022.png,There is a defect in the object. Where is the defect?,D,D
DS-MVTec/pill/image/scratch/022.png,There is a defect in the object. What is the appearance of the defect?,B,A
DS-MVTec/pill/image/scratch/022.png,There is a defect in the object. What effect does the defect have on the pill?,C,C
DS-MVTec/pill/image/scratch/023.png,Is there any defect in the object?,B,B
DS-MVTec/pill/image/scratch/023.png,There is a defect in the object. What is the type of the defect?,B,B
DS-MVTec/pill/image/scratch/023.png,There is a defect in the object. Where is the defect?,D,D
DS-MVTec/pill/image/scratch/023.png,There is a defect in the object. What is the appearance of the defect?,C,C
DS-MVTec/pill/image/scratch/023.png,There is a defect in the object. Are there other surface imperfections visible on the pill?,B,B
DS-MVTec/screw/image/good/000.png,Is there any defect in the object?,A,A
DS-MVTec/screw/image/good/001.png,Is there any defect in the object?,B,B
DS-MVTec/screw/image/good/002.png,Is there any defect in the object?,A,A
DS-MVTec/screw/image/good/003.png,Is there any defect in the object?,B,B
DS-MVTec/screw/image/good/004.png,Is there any defect in the object?,B,B
DS-MVTec/screw/image/good/005.png,Is there any defect in the object?,B,A
DS-MVTec/screw/image/good/006.png,Is there any defect in the object?,A,A
DS-MVTec/screw/image/good/007.png,Is there any defect in the object?,A,A
DS-MVTec/screw/image/good/008.png,Is there any defect in the object?,B,A
DS-MVTec/screw/image/good/009.png,Is there any defect in the object?,A,A
DS-MVTec/screw/image/good/010.png,Is there any defect in the object?,A,A
DS-MVTec/screw/image/good/011.png,Is there any defect in the object?,A,A
DS-MVTec/screw/image/good/012.png,Is there any defect in the object?,B,B
DS-MVTec/screw/image/good/013.png,Is there any defect in the object?,B,B
DS-MVTec/screw/image/good/014.png,Is there any defect in the object?,B,B
DS-MVTec/screw/image/good/015.png,Is there any defect in the object?,B,B
DS-MVTec/screw/image/good/016.png,Is there any defect in the object?,A,A
DS-MVTec/screw/image/good/017.png,Is there any defect in the object?,B,B
DS-MVTec/screw/image/good/018.png,Is there any defect in the object?,A,A
DS-MVTec/screw/image/good/019.png,Is there any defect in the object?,A,A
DS-MVTec/screw/image/good/020.png,Is there any defect in the object?,A,A
DS-MVTec/screw/image/good/021.png,Is there any defect in the object?,B,A
DS-MVTec/screw/image/good/022.png,Is there any defect in the object?,B,A
DS-MVTec/screw/image/good/023.png,Is there any defect in the object?,A,B
DS-MVTec/screw/image/good/024.png,Is there any defect in the object?,B,B
DS-MVTec/screw/image/good/025.png,Is there any defect in the object?,A,A
DS-MVTec/screw/image/good/026.png,Is there any defect in the object?,B,B
DS-MVTec/screw/image/good/027.png,Is there any defect in the object?,A,A
DS-MVTec/screw/image/good/028.png,Is there any defect in the object?,B,A
DS-MVTec/screw/image/good/029.png,Is there any defect in the object?,B,B
DS-MVTec/screw/image/good/030.png,Is there any defect in the object?,B,B
DS-MVTec/screw/image/good/031.png,Is there any defect in the object?,A,A
DS-MVTec/screw/image/good/032.png,Is there any defect in the object?,A,B
DS-MVTec/screw/image/good/033.png,Is there any defect in the object?,A,A
DS-MVTec/screw/image/good/034.png,Is there any defect in the object?,B,B
DS-MVTec/screw/image/good/035.png,Is there any defect in the object?,B,B
DS-MVTec/screw/image/good/036.png,Is there any defect in the object?,B,A
DS-MVTec/screw/image/good/037.png,Is there any defect in the object?,B,B
DS-MVTec/screw/image/good/038.png,Is there any defect in the object?,A,A
DS-MVTec/screw/image/good/039.png,Is there any defect in the object?,A,A
DS-MVTec/screw/image/good/040.png,Is there any defect in the object?,A,A
DS-MVTec/screw/image/manipulated_front/000.png,Is there any defect in the object?,A,A
DS-MVTec/screw/image/manipulated_front/000.png,There is a defect in the object. What is the type of the defect?,D,D
DS-MVTec/screw/image/manipulated_front/000.png,There is a defect in the object. Where is the defect?,A,A
DS-MVTec/screw/image/manipulated_front/000.png,There is a defect in the object. What is the appearance of the defect?,C,C
DS-MVTec/screw/image/manipulated_front/000.png,There is a defect in the object. What effect could the defect have on the screw's function?,A,A
DS-MVTec/screw/image/manipulated_front/001.png,Is there any defect in the object?,B,B
DS-MVTec/screw/image/manipulated_front/001.png,There is a defect in the object. What is the type of the defect?,D,D
DS-MVTec/screw/image/manipulated_front/001.png,There is a defect in the object. Where is the defect?,A,A
DS-MVTec/screw/image/manipulated_front/001.png,There is a defect in the object. What is the appearance of the defect?,A,A
DS-MVTec/screw/image/manipulated_front/001.png,There is a defect in the object. What effect might the defect have on the screw's performance?,C,C
DS-MVTec/screw/image/manipulated_front/002.png,Is there any defect in the object?,B,B
DS-MVTec/screw/image/manipulated_front/002.png,There is a defect in the object. What is the type of the defect?,D,D
DS-MVTec/screw/image/manipulated_front/002.png,There is a defect in the object. Where is the defect?,D,B
DS-MVTec/screw/image/manipulated_front/002.png,There is a defect in the object. What is the appearance of the defect?,C,C
DS-MVTec/screw/image/manipulated_front/002.png,There is a defect in the object. What could be the effect of the defect on the screw's function?,A,A
DS-MVTec/screw/image/manipulated_front/003.png,Is there any defect in the object?,A,A
DS-MVTec/screw/image/manipulated_front/003.png,There is a defect in the object. What is the type of the defect?,C,C
DS-MVTec/screw/image/manipulated_front/003.png,There is a defect in the object. Where is the defect?,A,B
DS-MVTec/screw/image/manipulated_front/003.png,There is a defect in the object. What is the appearance of the defect?,B,B
DS-MVTec/screw/image/manipulated_front/003.png,There is a defect in the object. What is the likely effect of the defect on the screw's functionality?,B,B
DS-MVTec/screw/image/manipulated_front/004.png,Is there any defect in the object?,B,B
DS-MVTec/screw/image/manipulated_front/004.png,There is a defect in the object. What is the type of the defect?,A,A
DS-MVTec/screw/image/manipulated_front/004.png,There is a defect in the object. Where is the defect?,A,A
DS-MVTec/screw/image/manipulated_front/004.png,There is a defect in the object. What is the appearance of the defect?,B,B
DS-MVTec/screw/image/manipulated_front/004.png,There is a defect in the object. What is the effect of the defect?,A,A
DS-MVTec/screw/image/manipulated_front/005.png,Is there any defect in the object?,A,A
DS-MVTec/screw/image/manipulated_front/005.png,There is a defect in the object. What is the type of the defect?,D,B
DS-MVTec/screw/image/manipulated_front/005.png,There is a defect in the object. Where is the defect?,D,D
DS-MVTec/screw/image/manipulated_front/005.png,There is a defect in the object. What is the appearance of the defect?,B,C
DS-MVTec/screw/image/manipulated_front/005.png,There is a defect in the object. What is the effect of the defect?,B,B
DS-MVTec/screw/image/manipulated_front/006.png,Is there any defect in the object?,B,B
DS-MVTec/screw/image/manipulated_front/006.png,There is a defect in the object. What is the type of the defect?,C,C
DS-MVTec/screw/image/manipulated_front/006.png,There is a defect in the object. Where is the defect?,D,D
DS-MVTec/screw/image/manipulated_front/006.png,There is a defect in the object. What is the appearance of the defect?,A,A
DS-MVTec/screw/image/manipulated_front/006.png,There is a defect in the object. How could the defect potentially affect the screw's functionality?,B,B
DS-MVTec/screw/image/manipulated_front/007.png,Is there any defect in the object?,B,B
DS-MVTec/screw/image/manipulated_front/007.png,There is a defect in the object. What is the type of the defect?,B,B
DS-MVTec/screw/image/manipulated_front/007.png,There is a defect in the object. Where is the defect?,D,B
DS-MVTec/screw/image/manipulated_front/007.png,There is a defect in the object. What is the appearance of the defect?,D,D
DS-MVTec/screw/image/manipulated_front/007.png,There is a defect in the object. What could be the effect of the defect?,D,D
DS-MVTec/screw/image/manipulated_front/008.png,Is there any defect in the object?,B,B
DS-MVTec/screw/image/manipulated_front/008.png,There is a defect in the object. What is the type of the defect?,C,C
DS-MVTec/screw/image/manipulated_front/008.png,There is a defect in the object. Where is the defect?,C,C
DS-MVTec/screw/image/manipulated_front/008.png,There is a defect in the object. What is the appearance of the defect?,D,C
DS-MVTec/screw/image/manipulated_front/008.png,There is a defect in the object. What could be the effect of the defect on the screw's functionality?,A,A
DS-MVTec/screw/image/manipulated_front/009.png,Is there any defect in the object?,A,A
DS-MVTec/screw/image/manipulated_front/009.png,There is a defect in the object. What is the type of the defect?,D,D
DS-MVTec/screw/image/manipulated_front/009.png,There is a defect in the object. Where is the defect?,A,A
DS-MVTec/screw/image/manipulated_front/009.png,There is a defect in the object. What is the appearance of the defect?,B,B
DS-MVTec/screw/image/manipulated_front/009.png,There is a defect in the object. What is the effect of the defect?,A,A
DS-MVTec/screw/image/manipulated_front/010.png,Is there any defect in the object?,B,B
DS-MVTec/screw/image/manipulated_front/010.png,There is a defect in the object. What is the type of the defect?,D,C
DS-MVTec/screw/image/manipulated_front/010.png,There is a defect in the object. Where is the defect?,B,B
DS-MVTec/screw/image/manipulated_front/010.png,There is a defect in the object. What is the appearance of the defect?,C,C
DS-MVTec/screw/image/manipulated_front/010.png,There is a defect in the object. What is the likely effect of the defect on the screw's performance?,C,C
DS-MVTec/screw/image/manipulated_front/011.png,Is there any defect in the object?,B,B
DS-MVTec/screw/image/manipulated_front/011.png,There is a defect in the object. What is the type of the defect?,A,A
DS-MVTec/screw/image/manipulated_front/011.png,There is a defect in the object. Where is the defect?,C,C
DS-MVTec/screw/image/manipulated_front/011.png,There is a defect in the object. What is the appearance of the defect?,B,B
DS-MVTec/screw/image/manipulated_front/011.png,There is a defect in the object. What is the effect of the defect?,A,A
DS-MVTec/screw/image/manipulated_front/012.png,Is there any defect in the object?,A,A
DS-MVTec/screw/image/manipulated_front/012.png,There is a defect in the object. What is the type of the defect?,B,B
DS-MVTec/screw/image/manipulated_front/012.png,There is a defect in the object. Where is the defect?,B,B
DS-MVTec/screw/image/manipulated_front/012.png,There is a defect in the object. What is the appearance of the defect?,B,B
DS-MVTec/screw/image/manipulated_front/012.png,There is a defect in the object. What is the potential effect of the defect?,B,B
DS-MVTec/screw/image/manipulated_front/013.png,Is there any defect in the object?,A,A
DS-MVTec/screw/image/manipulated_front/013.png,There is a defect in the object. What is the type of the defect?,C,C
DS-MVTec/screw/image/manipulated_front/013.png,There is a defect in the object. Where is the defect?,D,D
DS-MVTec/screw/image/manipulated_front/013.png,There is a defect in the object. What is the appearance of the defect?,A,A
DS-MVTec/screw/image/manipulated_front/013.png,There is a defect in the object. What is the effect of the defect?,D,D
DS-MVTec/screw/image/manipulated_front/014.png,Is there any defect in the object?,A,A
DS-MVTec/screw/image/manipulated_front/014.png,There is a defect in the object. What is the type of the defect?,C,C
DS-MVTec/screw/image/manipulated_front/014.png,There is a defect in the object. Where is the defect?,A,A
DS-MVTec/screw/image/manipulated_front/014.png,There is a defect in the object. What is the appearance of the defect?,C,C
DS-MVTec/screw/image/manipulated_front/014.png,There is a defect in the object. What is the effect of the defect?,A,A
DS-MVTec/screw/image/manipulated_front/015.png,Is there any defect in the object?,B,B
DS-MVTec/screw/image/manipulated_front/015.png,There is a defect in the object. What is the type of the defect?,B,B
DS-MVTec/screw/image/manipulated_front/015.png,There is a defect in the object. Where is the defect?,A,A
DS-MVTec/screw/image/manipulated_front/015.png,There is a defect in the object. What is the appearance of the defect?,D,D
DS-MVTec/screw/image/manipulated_front/015.png,There is a defect in the object. How might the defect affect the screw's function?,C,C
DS-MVTec/screw/image/manipulated_front/016.png,Is there any defect in the object?,B,B
DS-MVTec/screw/image/manipulated_front/016.png,There is a defect in the object. What is the type of the defect?,C,C
DS-MVTec/screw/image/manipulated_front/016.png,There is a defect in the object. Where is the defect?,B,B
DS-MVTec/screw/image/manipulated_front/016.png,There is a defect in the object. What is the appearance of the defect?,D,D
DS-MVTec/screw/image/manipulated_front/016.png,There is a defect in the object. What is the effect of the defect on the screw?,B,B
DS-MVTec/screw/image/manipulated_front/017.png,Is there any defect in the object?,A,A
DS-MVTec/screw/image/manipulated_front/017.png,There is a defect in the object. What is the type of the defect?,D,A
DS-MVTec/screw/image/manipulated_front/017.png,There is a defect in the object. Where is the defect?,A,A
DS-MVTec/screw/image/manipulated_front/017.png,There is a defect in the object. What is the appearance of the defect?,A,A
DS-MVTec/screw/image/manipulated_front/017.png,There is a defect in the object. What potential effect does the defect have on the screw's performance?,C,C
DS-MVTec/screw/image/manipulated_front/018.png,Is there any defect in the object?,A,A
DS-MVTec/screw/image/manipulated_front/018.png,There is a defect in the object. What is the type of the defect?,C,C
DS-MVTec/screw/image/manipulated_front/018.png,There is a defect in the object. Where is the defect?,A,A
DS-MVTec/screw/image/manipulated_front/018.png,There is a defect in the object. What is the appearance of the defect?,D,D
DS-MVTec/screw/image/manipulated_front/018.png,There is a defect in the object. What could be the effect of the defect?,B,B
DS-MVTec/screw/image/manipulated_front/019.png,Is there any defect in the object?,A,A
DS-MVTec/screw/image/manipulated_front/019.png,There is a defect in the object. What is the type of the defect?,D,D
DS-MVTec/screw/image/manipulated_front/019.png,There is a defect in the object. Where is the defect?,A,B
DS-MVTec/screw/image/manipulated_front/019.png,There is a defect in the object. What is the appearance of the defect?,B,B
DS-MVTec/screw/image/manipulated_front/019.png,There is a defect in the object. What effect could the defect have?,B,B
DS-MVTec/screw/image/manipulated_front/020.png,Is there any defect in the object?,B,A
DS-MVTec/screw/image/manipulated_front/020.png,There is a defect in the object. What is the type of the defect?,A,B
DS-MVTec/screw/image/manipulated_front/020.png,There is a defect in the object. Where is the defect?,B,B
DS-MVTec/screw/image/manipulated_front/020.png,There is a defect in the object. What is the appearance of the defect?,D,D
DS-MVTec/screw/image/manipulated_front/020.png,There is a defect in the object. What is the effect of the defect?,A,A
DS-MVTec/screw/image/manipulated_front/021.png,Is there any defect in the object?,B,B
DS-MVTec/screw/image/manipulated_front/021.png,There is a defect in the object. What is the type of the defect?,A,A
DS-MVTec/screw/image/manipulated_front/021.png,There is a defect in the object. Where is the defect?,C,C
DS-MVTec/screw/image/manipulated_front/021.png,There is a defect in the object. What is the appearance of the defect?,B,B
DS-MVTec/screw/image/manipulated_front/021.png,There is a defect in the object. What part of the screw is affected by the defect?,B,B
DS-MVTec/screw/image/manipulated_front/022.png,Is there any defect in the object?,B,A
DS-MVTec/screw/image/manipulated_front/022.png,There is a defect in the object. What is the type of the defect?,D,C
DS-MVTec/screw/image/manipulated_front/022.png,There is a defect in the object. Where is the defect?,C,A
DS-MVTec/screw/image/manipulated_front/022.png,There is a defect in the object. What is the appearance of the defect?,A,A
DS-MVTec/screw/image/manipulated_front/022.png,There is a defect in the object. What effect might the defect have on the screw's functionality?,B,B
DS-MVTec/screw/image/manipulated_front/023.png,Is there any defect in the object?,B,A
DS-MVTec/screw/image/manipulated_front/023.png,There is a defect in the object. What is the type of the defect?,B,B
DS-MVTec/screw/image/manipulated_front/023.png,There is a defect in the object. Where is the defect?,D,C
DS-MVTec/screw/image/manipulated_front/023.png,There is a defect in the object. What is the appearance of the defect?,C,A
DS-MVTec/screw/image/manipulated_front/023.png,There is a defect in the object. What is the effect of the defect?,D,D
DS-MVTec/screw/image/scratch_head/000.png,Is there any defect in the object?,B,B
DS-MVTec/screw/image/scratch_head/000.png,There is a defect in the object. What is the type of the defect?,D,D
DS-MVTec/screw/image/scratch_head/000.png,There is a defect in the object. Where is the defect?,C,C
DS-MVTec/screw/image/scratch_head/000.png,There is a defect in the object. What is the appearance of the defect?,C,C
DS-MVTec/screw/image/scratch_head/000.png,There is a defect in the object. What potential effect does the defect have?,D,D
DS-MVTec/screw/image/scratch_head/001.png,Is there any defect in the object?,B,B
DS-MVTec/screw/image/scratch_head/001.png,There is a defect in the object. What is the type of the defect?,D,D
DS-MVTec/screw/image/scratch_head/001.png,There is a defect in the object. Where is the defect located?,D,C
DS-MVTec/screw/image/scratch_head/001.png,There is a defect in the object. What is the appearance of the defect?,A,A
DS-MVTec/screw/image/scratch_head/001.png,There is a defect in the object. What is the potential impact of the defect on the product?,B,B
DS-MVTec/screw/image/scratch_head/002.png,Is there any defect in the object?,B,A
DS-MVTec/screw/image/scratch_head/002.png,There is a defect in the object. What is the type of the defect?,D,D
DS-MVTec/screw/image/scratch_head/002.png,There is a defect in the object. Where is the defect?,D,D
DS-MVTec/screw/image/scratch_head/002.png,There is a defect in the object. What is the appearance of the defect?,C,C
DS-MVTec/screw/image/scratch_head/002.png,There is a defect in the object. What is the potential effect of the defect?,B,B
DS-MVTec/screw/image/scratch_head/003.png,Is there any defect in the object?,B,B
DS-MVTec/screw/image/scratch_head/003.png,There is a defect in the object. What is the type of the defect?,D,B
DS-MVTec/screw/image/scratch_head/003.png,There is a defect in the object. Where is the defect?,D,D
DS-MVTec/screw/image/scratch_head/003.png,There is a defect in the object. What is the appearance of the defect?,D,D
DS-MVTec/screw/image/scratch_head/003.png,There is a defect in the object. What could be the effect of the defect?,D,D
DS-MVTec/screw/image/scratch_head/004.png,Is there any defect in the object?,B,A
DS-MVTec/screw/image/scratch_head/004.png,There is a defect in the object. What is the type of the defect?,C,C
DS-MVTec/screw/image/scratch_head/004.png,There is a defect in the object. Where is the defect?,B,A
DS-MVTec/screw/image/scratch_head/004.png,There is a defect in the object. What is the appearance of the defect?,C,C
DS-MVTec/screw/image/scratch_head/004.png,There is a defect in the object. What is the potential effect of the defect on the screw?,B,B
DS-MVTec/screw/image/scratch_head/005.png,Is there any defect in the object?,A,A
DS-MVTec/screw/image/scratch_head/005.png,There is a defect in the object. What is the type of the defect?,C,A
DS-MVTec/screw/image/scratch_head/005.png,There is a defect in the object. Where is the defect?,A,A
DS-MVTec/screw/image/scratch_head/005.png,There is a defect in the object. What is the appearance of the defect?,D,D
DS-MVTec/screw/image/scratch_head/005.png,There is a defect in the object. What is the effect of the defect?,C,C
DS-MVTec/screw/image/scratch_head/006.png,Is there any defect in the object?,A,A
DS-MVTec/screw/image/scratch_head/006.png,There is a defect in the object. What is the type of the defect?,D,C
DS-MVTec/screw/image/scratch_head/006.png,There is a defect in the object. Where is the defect?,C,A
DS-MVTec/screw/image/scratch_head/006.png,There is a defect in the object. What is the appearance of the defect?,A,A
DS-MVTec/screw/image/scratch_head/006.png,There is a defect in the object. What is the potential effect of the defect?,D,D
DS-MVTec/screw/image/scratch_head/007.png,Is there any defect in the object?,B,B
DS-MVTec/screw/image/scratch_head/007.png,There is a defect in the object. What type of defect is present?,D,D
DS-MVTec/screw/image/scratch_head/007.png,There is a defect in the object. Where is the defect located?,B,B
DS-MVTec/screw/image/scratch_head/007.png,There is a defect in the object. What is the appearance of the defect?,C,C
DS-MVTec/screw/image/scratch_head/007.png,There is a defect in the object. Which part of the screw head is the defect closest to?,D,D
DS-MVTec/screw/image/scratch_head/008.png,Is there any defect in the object?,A,A
DS-MVTec/screw/image/scratch_head/008.png,There is a defect in the object. What is the type of the defect?,D,B
DS-MVTec/screw/image/scratch_head/008.png,There is a defect in the object. Where is the defect?,C,A
DS-MVTec/screw/image/scratch_head/008.png,There is a defect in the object. What is the appearance of the defect?,D,D
DS-MVTec/screw/image/scratch_head/008.png,There is a defect in the object. What may the defect affect?,B,B
DS-MVTec/screw/image/scratch_head/009.png,Is there any defect in the object?,A,A
DS-MVTec/screw/image/scratch_head/009.png,There is a defect in the object. What is the type of the defect?,C,A
DS-MVTec/screw/image/scratch_head/009.png,There is a defect in the object. Where is the defect?,D,D
DS-MVTec/screw/image/scratch_head/009.png,There is a defect in the object. What is the appearance of the defect?,A,A
DS-MVTec/screw/image/scratch_head/009.png,There is a defect in the object. How does the defect compare to a normal sample?,C,C
DS-MVTec/screw/image/scratch_head/010.png,Is there any defect in the object?,B,B
DS-MVTec/screw/image/scratch_head/010.png,There is a defect in the object. What is the type of the defect?,B,D
DS-MVTec/screw/image/scratch_head/010.png,There is a defect in the object. Where is the defect?,D,D
DS-MVTec/screw/image/scratch_head/010.png,There is a defect in the object. What is the appearance of the defect?,A,A
DS-MVTec/screw/image/scratch_head/010.png,There is a defect in the object. What could be the effect of the defect?,C,C
DS-MVTec/screw/image/scratch_head/011.png,Is there any defect in the object?,B,B
DS-MVTec/screw/image/scratch_head/011.png,There is a defect in the object. What is the type of the defect?,A,D
DS-MVTec/screw/image/scratch_head/011.png,There is a defect in the object. Where is the defect?,C,C
DS-MVTec/screw/image/scratch_head/011.png,There is a defect in the object. What is the appearance of the defect?,D,D
DS-MVTec/screw/image/scratch_head/011.png,There is a defect in the object. What effect could the defect potentially have?,A,A
DS-MVTec/screw/image/scratch_head/012.png,Is there any defect in the object?,B,B
DS-MVTec/screw/image/scratch_head/012.png,There is a defect in the object. What is the type of the defect?,A,A
DS-MVTec/screw/image/scratch_head/012.png,There is a defect in the object. Where is the defect?,C,C
DS-MVTec/screw/image/scratch_head/012.png,There is a defect in the object. What is the appearance of the defect?,D,D
DS-MVTec/screw/image/scratch_head/012.png,There is a defect in the object. What is the effect of the defect?,A,A
DS-MVTec/screw/image/scratch_head/013.png,Is there any defect in the object?,B,A
DS-MVTec/screw/image/scratch_head/013.png,There is a defect in the object. What is the type of the defect?,C,B
DS-MVTec/screw/image/scratch_head/013.png,There is a defect in the object. Where is the defect?,B,B
DS-MVTec/screw/image/scratch_head/013.png,There is a defect in the object. What is the appearance of the defect?,A,A
DS-MVTec/screw/image/scratch_head/013.png,There is a defect in the object. What effect could the defect have?,D,D
DS-MVTec/screw/image/scratch_head/014.png,Is there any defect in the object?,A,A
DS-MVTec/screw/image/scratch_head/014.png,There is a defect in the object. What is the type of the defect?,C,A
DS-MVTec/screw/image/scratch_head/014.png,There is a defect in the object. Where is the defect?,A,A
DS-MVTec/screw/image/scratch_head/014.png,There is a defect in the object. What is the appearance of the defect?,C,C
DS-MVTec/screw/image/scratch_head/014.png,There is a defect in the object. How is the defect oriented on the screw head?,C,C
DS-MVTec/screw/image/scratch_head/015.png,Is there any defect in the object?,A,A
DS-MVTec/screw/image/scratch_head/015.png,There is a defect in the object. What is the type of the defect?,B,D
DS-MVTec/screw/image/scratch_head/015.png,There is a defect in the object. Where is the defect?,B,B
DS-MVTec/screw/image/scratch_head/015.png,There is a defect in the object. What is the appearance of the defect?,D,D
DS-MVTec/screw/image/scratch_head/015.png,There is a defect in the object. How could the defect potentially affect the object's use?,B,B
DS-MVTec/screw/image/scratch_head/016.png,Is there any defect in the object?,A,A
DS-MVTec/screw/image/scratch_head/016.png,There is a defect in the object. What is the type of the defect?,C,C
DS-MVTec/screw/image/scratch_head/016.png,There is a defect in the object. Where is the defect?,A,A
DS-MVTec/screw/image/scratch_head/016.png,There is a defect in the object. What is the appearance of the defect?,A,A
DS-MVTec/screw/image/scratch_head/016.png,There is a defect in the object. What could be the effect of this defect?,D,D
DS-MVTec/screw/image/scratch_head/017.png,Is there any defect in the object?,B,B
DS-MVTec/screw/image/scratch_head/017.png,There is a defect in the object. What is the type of the defect?,C,A
DS-MVTec/screw/image/scratch_head/017.png,There is a defect in the object. Where is the defect?,B,B
DS-MVTec/screw/image/scratch_head/017.png,There is a defect in the object. What is the appearance of the defect?,B,B
DS-MVTec/screw/image/scratch_head/017.png,There is a defect in the object. What is the potential effect of the defect?,A,A
DS-MVTec/screw/image/scratch_head/018.png,Is there any defect in the object?,B,A
DS-MVTec/screw/image/scratch_head/018.png,There is a defect in the object. What is the type of the defect?,C,D
DS-MVTec/screw/image/scratch_head/018.png,There is a defect in the object. Where is the defect?,D,D
DS-MVTec/screw/image/scratch_head/018.png,There is a defect in the object. What is the appearance of the defect?,D,A
DS-MVTec/screw/image/scratch_head/018.png,There is a defect in the object. What is the potential effect of the defect on the screw?,B,B
DS-MVTec/screw/image/scratch_head/019.png,Is there any defect in the object?,B,B
DS-MVTec/screw/image/scratch_head/019.png,There is a defect in the object. What is the type of the defect?,B,B
DS-MVTec/screw/image/scratch_head/019.png,There is a defect in the object. Where is the defect?,D,D
DS-MVTec/screw/image/scratch_head/019.png,There is a defect in the object. What is the appearance of the defect?,D,D
DS-MVTec/screw/image/scratch_head/019.png,There is a defect in the object. Where on the head is the defect located?,D,D
DS-MVTec/screw/image/scratch_head/020.png,Is there any defect in the object?,A,A
DS-MVTec/screw/image/scratch_head/020.png,There is a defect in the object. What is the type of the defect?,C,D
DS-MVTec/screw/image/scratch_head/020.png,There is a defect in the object. Where is the defect?,D,D
DS-MVTec/screw/image/scratch_head/020.png,There is a defect in the object. What is the appearance of the defect?,A,A
DS-MVTec/screw/image/scratch_head/020.png,There is a defect in the object. What effect could the defect have on the object?,B,D
DS-MVTec/screw/image/scratch_head/021.png,Is there any defect in the object?,B,A
DS-MVTec/screw/image/scratch_head/021.png,There is a defect in the object. What is the type of the defect?,C,D
DS-MVTec/screw/image/scratch_head/021.png,There is a defect in the object. Where is the defect?,B,B
DS-MVTec/screw/image/scratch_head/021.png,There is a defect in the object. What is the appearance of the defect?,A,A
DS-MVTec/screw/image/scratch_head/021.png,There is a defect in the object. What potential effect could the defect have?,A,A
DS-MVTec/screw/image/scratch_head/022.png,Is there any defect in the object?,B,A
DS-MVTec/screw/image/scratch_head/022.png,There is a defect in the object. What is the type of the defect?,A,D
DS-MVTec/screw/image/scratch_head/022.png,There is a defect in the object. Where is the defect?,A,A
DS-MVTec/screw/image/scratch_head/022.png,There is a defect in the object. What is the appearance of the defect?,B,B
DS-MVTec/screw/image/scratch_head/023.png,Is there any defect in the object?,A,B
DS-MVTec/screw/image/scratch_head/023.png,There is a defect in the object. What is the type of the defect?,A,A
DS-MVTec/screw/image/scratch_head/023.png,There is a defect in the object. Where is the defect?,B,B
DS-MVTec/screw/image/scratch_head/023.png,There is a defect in the object. What is the appearance of the defect?,A,A
DS-MVTec/screw/image/scratch_head/023.png,There is a defect in the object. What could be the effect of the defect?,C,D
DS-MVTec/screw/image/scratch_neck/000.png,Is there any defect in the object?,B,B
DS-MVTec/screw/image/scratch_neck/000.png,There is a defect in the object. What is the type of the defect?,A,A
DS-MVTec/screw/image/scratch_neck/000.png,There is a defect in the object. Where is the defect?,C,B
DS-MVTec/screw/image/scratch_neck/000.png,There is a defect in the object. What is the appearance of the defect?,B,B
DS-MVTec/screw/image/scratch_neck/000.png,There is a defect in the object. What is the potential effect of the defect?,A,A
DS-MVTec/screw/image/scratch_neck/001.png,Is there any defect in the object?,A,A
DS-MVTec/screw/image/scratch_neck/001.png,There is a defect in the object. What is the type of the defect?,D,D
DS-MVTec/screw/image/scratch_neck/001.png,There is a defect in the object. Where is the defect?,B,B
DS-MVTec/screw/image/scratch_neck/001.png,There is a defect in the object. What is the appearance of the defect?,D,D
DS-MVTec/screw/image/scratch_neck/001.png,There is a defect in the object. What might be the effect of the defect on the screw's performance?,A,A
DS-MVTec/screw/image/scratch_neck/002.png,Is there any defect in the object?,A,A
DS-MVTec/screw/image/scratch_neck/002.png,There is a defect in the object. What is the type of the defect?,A,A
DS-MVTec/screw/image/scratch_neck/002.png,There is a defect in the object. Where is the defect?,A,A
DS-MVTec/screw/image/scratch_neck/002.png,There is a defect in the object. What is the appearance of the defect?,A,A
DS-MVTec/screw/image/scratch_neck/002.png,There is a defect in the object. How does the defect appear in relation to the screw?,C,C
DS-MVTec/screw/image/scratch_neck/003.png,Is there any defect in the object?,B,B
DS-MVTec/screw/image/scratch_neck/003.png,There is a defect in the object. What is the type of the defect?,D,D
DS-MVTec/screw/image/scratch_neck/003.png,There is a defect in the object. Where is the defect?,B,B
DS-MVTec/screw/image/scratch_neck/003.png,There is a defect in the object. What is the appearance of the defect?,A,C
DS-MVTec/screw/image/scratch_neck/003.png,There is a defect in the object. What is the potential effect of the defect on the screw?,C,C
DS-MVTec/screw/image/scratch_neck/004.png,Is there any defect in the object?,B,B
DS-MVTec/screw/image/scratch_neck/004.png,There is a defect in the object. What is the type of the defect?,A,A
DS-MVTec/screw/image/scratch_neck/004.png,There is a defect in the object. Where is the defect?,A,A
DS-MVTec/screw/image/scratch_neck/004.png,There is a defect in the object. What is the appearance of the defect?,D,D
DS-MVTec/screw/image/scratch_neck/004.png,There is a defect in the object. What does the defect indicate about the condition of the screw?,B,B
DS-MVTec/screw/image/scratch_neck/005.png,Is there any defect in the object?,A,B
DS-MVTec/screw/image/scratch_neck/005.png,There is a defect in the object. What is the type of the defect?,D,A
DS-MVTec/screw/image/scratch_neck/005.png,There is a defect in the object. Where is the defect?,C,B
DS-MVTec/screw/image/scratch_neck/005.png,There is a defect in the object. What is the appearance of the defect?,A,A
DS-MVTec/screw/image/scratch_neck/005.png,There is a defect in the object. What is the effect of the defect?,D,D
DS-MVTec/screw/image/scratch_neck/006.png,Is there any defect in the object?,B,B
DS-MVTec/screw/image/scratch_neck/006.png,There is a defect in the object. What is the type of the defect?,B,D
DS-MVTec/screw/image/scratch_neck/006.png,There is a defect in the object. Where is the defect?,C,C
DS-MVTec/screw/image/scratch_neck/006.png,There is a defect in the object. What is the appearance of the defect?,D,D
DS-MVTec/screw/image/scratch_neck/006.png,There is a defect in the object. What is the potential effect of the defect on the screw?,B,B
DS-MVTec/screw/image/scratch_neck/007.png,Is there any defect in the object?,B,B
DS-MVTec/screw/image/scratch_neck/007.png,There is a defect in the object. What is the type of the defect?,B,D
DS-MVTec/screw/image/scratch_neck/007.png,There is a defect in the object. Where is the defect?,C,A
DS-MVTec/screw/image/scratch_neck/007.png,There is a defect in the object. What is the appearance of the defect?,C,B
DS-MVTec/screw/image/scratch_neck/007.png,There is a defect in the object. What is the effect of the defect?,C,C
DS-MVTec/screw/image/scratch_neck/008.png,Is there any defect in the object?,B,B
DS-MVTec/screw/image/scratch_neck/008.png,There is a defect in the object. What is the type of the defect?,C,A
DS-MVTec/screw/image/scratch_neck/008.png,There is a defect in the object. Where is the defect?,A,C
DS-MVTec/screw/image/scratch_neck/008.png,There is a defect in the object. What is the appearance of the defect?,B,B
DS-MVTec/screw/image/scratch_neck/008.png,There is a defect in the object. What is the position of the defect with respect to the image?,A,A
DS-MVTec/screw/image/scratch_neck/009.png,Is there any defect in the object?,A,A
DS-MVTec/screw/image/scratch_neck/009.png,There is a defect in the object. What is the type of the defect?,B,D
DS-MVTec/screw/image/scratch_neck/009.png,There is a defect in the object. Where is the defect?,D,D
DS-MVTec/screw/image/scratch_neck/009.png,There is a defect in the object. What is the appearance of the defect?,C,C
DS-MVTec/screw/image/scratch_neck/009.png,There is a defect in the object. What is the potential effect of the defect?,D,D
DS-MVTec/screw/image/scratch_neck/010.png,Is there any defect in the object?,B,B
DS-MVTec/screw/image/scratch_neck/010.png,There is a defect in the object. What is the type of the defect?,B,B
DS-MVTec/screw/image/scratch_neck/010.png,There is a defect in the object. Where is the defect?,C,C
DS-MVTec/screw/image/scratch_neck/010.png,There is a defect in the object. What is the appearance of the defect?,C,A
DS-MVTec/screw/image/scratch_neck/010.png,There is a defect in the object. What might be the effect of the defect on the screw's function?,B,B
DS-MVTec/screw/image/scratch_neck/011.png,Is there any defect in the object?,B,B
DS-MVTec/screw/image/scratch_neck/011.png,There is a defect in the object. What is the type of the defect?,C,C
DS-MVTec/screw/image/scratch_neck/011.png,There is a defect in the object. Where is the defect?,B,B
DS-MVTec/screw/image/scratch_neck/011.png,There is a defect in the object. What is the appearance of the defect?,B,B
DS-MVTec/screw/image/scratch_neck/011.png,There is a defect in the object. What could be the effect of the defect?,B,B
DS-MVTec/screw/image/scratch_neck/012.png,Is there any defect in the object?,A,A
DS-MVTec/screw/image/scratch_neck/012.png,There is a defect in the object. What is the type of the defect?,D,D
DS-MVTec/screw/image/scratch_neck/012.png,There is a defect in the object. Where is the defect?,C,C
DS-MVTec/screw/image/scratch_neck/012.png,There is a defect in the object. What is the appearance of the defect?,A,A
DS-MVTec/screw/image/scratch_neck/012.png,There is a defect in the object. What is the effect of the defect?,B,B
DS-MVTec/screw/image/scratch_neck/013.png,Is there any defect in the object?,B,B
DS-MVTec/screw/image/scratch_neck/013.png,There is a defect in the object. What is the type of the defect?,D,D
DS-MVTec/screw/image/scratch_neck/013.png,There is a defect in the object. Where is the defect?,C,C
DS-MVTec/screw/image/scratch_neck/013.png,There is a defect in the object. What is the appearance of the defect?,B,A
DS-MVTec/screw/image/scratch_neck/013.png,There is a defect in the object. What is the effect of the defect?,C,C
DS-MVTec/screw/image/scratch_neck/014.png,Is there any defect in the object?,B,B
DS-MVTec/screw/image/scratch_neck/014.png,There is a defect in the object. What is the type of the defect?,A,A
DS-MVTec/screw/image/scratch_neck/014.png,There is a defect in the object. Where is the defect?,D,A
DS-MVTec/screw/image/scratch_neck/014.png,There is a defect in the object. What is the appearance of the defect?,A,C
DS-MVTec/screw/image/scratch_neck/014.png,There is a defect in the object. How does the defect affect the screw?,A,A
DS-MVTec/screw/image/scratch_neck/015.png,Is there any defect in the object?,A,A
DS-MVTec/screw/image/scratch_neck/015.png,There is a defect in the object. What is the type of the defect?,A,B
DS-MVTec/screw/image/scratch_neck/015.png,There is a defect in the object. Where is the defect?,C,C
DS-MVTec/screw/image/scratch_neck/015.png,There is a defect in the object. What is the appearance of the defect?,C,C
DS-MVTec/screw/image/scratch_neck/015.png,There is a defect in the object. What is the effect of the defect?,C,C
DS-MVTec/screw/image/scratch_neck/016.png,Is there any defect in the object?,B,B
DS-MVTec/screw/image/scratch_neck/016.png,There is a defect in the object. What is the type of the defect?,C,C
DS-MVTec/screw/image/scratch_neck/016.png,There is a defect in the object. Where is the defect?,D,D
DS-MVTec/screw/image/scratch_neck/016.png,There is a defect in the object. What is the appearance of the defect?,C,A
DS-MVTec/screw/image/scratch_neck/016.png,There is a defect in the object. What potential effect could this defect have on the screw?,A,A
DS-MVTec/screw/image/scratch_neck/017.png,Is there any defect in the object?,A,A
DS-MVTec/screw/image/scratch_neck/017.png,There is a defect in the object. What is the type of the defect?,B,D
DS-MVTec/screw/image/scratch_neck/017.png,There is a defect in the object. Where is the defect?,C,C
DS-MVTec/screw/image/scratch_neck/017.png,There is a defect in the object. What is the appearance of the defect?,C,C
DS-MVTec/screw/image/scratch_neck/017.png,There is a defect in the object. What potential effect could the defect have?,B,B
DS-MVTec/screw/image/scratch_neck/018.png,Is there any defect in the object?,A,A
DS-MVTec/screw/image/scratch_neck/018.png,There is a defect in the object. What is the type of the defect?,A,C
DS-MVTec/screw/image/scratch_neck/018.png,There is a defect in the object. Where is the defect?,C,B
DS-MVTec/screw/image/scratch_neck/018.png,There is a defect in the object. What is the appearance of the defect?,D,C
DS-MVTec/screw/image/scratch_neck/018.png,There is a defect in the object. What is the effect of the defect?,B,B
DS-MVTec/screw/image/scratch_neck/019.png,Is there any defect in the object?,B,B
DS-MVTec/screw/image/scratch_neck/019.png,There is a defect in the object. What is the type of the defect?,C,B
DS-MVTec/screw/image/scratch_neck/019.png,There is a defect in the object. Where is the defect?,B,A
DS-MVTec/screw/image/scratch_neck/019.png,There is a defect in the object. What is the appearance of the defect?,B,A
DS-MVTec/screw/image/scratch_neck/019.png,There is a defect in the object. What is the effect of the defect on the screw?,C,C
DS-MVTec/screw/image/scratch_neck/020.png,Is there any defect in the object?,B,B
DS-MVTec/screw/image/scratch_neck/020.png,There is a defect in the object. What is the type of the defect?,D,D
DS-MVTec/screw/image/scratch_neck/020.png,There is a defect in the object. Where is the defect?,C,C
DS-MVTec/screw/image/scratch_neck/020.png,There is a defect in the object. What is the appearance of the defect?,B,B
DS-MVTec/screw/image/scratch_neck/020.png,There is a defect in the object. What is the likely effect of the defect?,A,A
DS-MVTec/screw/image/scratch_neck/021.png,Is there any defect in the object?,B,B
DS-MVTec/screw/image/scratch_neck/021.png,There is a defect in the object. What is the type of the defect?,B,B
DS-MVTec/screw/image/scratch_neck/021.png,There is a defect in the object. Where is the defect?,D,D
DS-MVTec/screw/image/scratch_neck/021.png,There is a defect in the object. What is the appearance of the defect?,A,A
DS-MVTec/screw/image/scratch_neck/021.png,There is a defect in the object. What is the effect of the defect?,A,A
DS-MVTec/screw/image/scratch_neck/022.png,Is there any defect in the object?,A,A
DS-MVTec/screw/image/scratch_neck/022.png,There is a defect in the object. What is the type of the defect?,C,C
DS-MVTec/screw/image/scratch_neck/022.png,There is a defect in the object. Where is the defect?,A,D
DS-MVTec/screw/image/scratch_neck/022.png,There is a defect in the object. What is the appearance of the defect?,D,D
DS-MVTec/screw/image/scratch_neck/022.png,There is a defect in the object. What could the defect potentially affect?,C,C
DS-MVTec/screw/image/scratch_neck/023.png,Is there any defect in the object?,A,A
DS-MVTec/screw/image/scratch_neck/023.png,There is a defect in the object. What is the type of the defect?,B,B
DS-MVTec/screw/image/scratch_neck/023.png,There is a defect in the object. Where is the defect?,B,B
DS-MVTec/screw/image/scratch_neck/023.png,There is a defect in the object. What is the appearance of the defect?,A,A
DS-MVTec/screw/image/scratch_neck/023.png,There is a defect in the object. How does the defect contrast with the surrounding surface?,D,D
DS-MVTec/screw/image/scratch_neck/024.png,Is there any defect in the object?,A,A
DS-MVTec/screw/image/scratch_neck/024.png,There is a defect in the object. What is the type of the defect?,A,A
DS-MVTec/screw/image/scratch_neck/024.png,There is a defect in the object. Where is the defect?,D,D
DS-MVTec/screw/image/scratch_neck/024.png,There is a defect in the object. What is the appearance of the defect?,D,D
DS-MVTec/screw/image/scratch_neck/024.png,There is a defect in the object. What is the potential effect of the defect?,A,A
DS-MVTec/screw/image/thread_side/000.png,Is there any defect in the object?,B,B
DS-MVTec/screw/image/thread_side/000.png,There is a defect in the object. What is the type of the defect?,D,D
DS-MVTec/screw/image/thread_side/000.png,There is a defect in the object. Where is the defect?,C,D
DS-MVTec/screw/image/thread_side/000.png,There is a defect in the object. What is the appearance of the defect?,A,A
DS-MVTec/screw/image/thread_side/000.png,There is a defect in the object. What effect might the defect have?,C,C
DS-MVTec/screw/image/thread_side/001.png,Is there any defect in the object?,A,A
DS-MVTec/screw/image/thread_side/001.png,There is a defect in the object. What is the type of the defect?,D,D
DS-MVTec/screw/image/thread_side/001.png,There is a defect in the object. Where is the defect?,D,C
DS-MVTec/screw/image/thread_side/001.png,There is a defect in the object. What is the appearance of the defect?,A,A
DS-MVTec/screw/image/thread_side/001.png,There is a defect in the object. What could be the effect of the defect?,A,A
DS-MVTec/screw/image/thread_side/002.png,Is there any defect in the object?,B,B
DS-MVTec/screw/image/thread_side/002.png,There is a defect in the object. What is the type of the defect?,B,B
DS-MVTec/screw/image/thread_side/002.png,There is a defect in the object. Where is the defect?,A,A
DS-MVTec/screw/image/thread_side/002.png,There is a defect in the object. What is the appearance of the defect?,A,A
DS-MVTec/screw/image/thread_side/002.png,There is a defect in the object. What is the effect of the defect?,A,A
DS-MVTec/screw/image/thread_side/003.png,Is there any defect in the object?,B,B
DS-MVTec/screw/image/thread_side/003.png,There is a defect in the object. What is the type of the defect?,C,C
DS-MVTec/screw/image/thread_side/003.png,There is a defect in the object. Where is the defect?,D,D
DS-MVTec/screw/image/thread_side/003.png,There is a defect in the object. What is the appearance of the defect?,D,D
DS-MVTec/screw/image/thread_side/003.png,There is a defect in the object. What is the effect of the defect?,B,D
DS-MVTec/screw/image/thread_side/004.png,Is there any defect in the object?,B,A
DS-MVTec/screw/image/thread_side/004.png,There is a defect in the object. What is the type of the defect?,A,A
DS-MVTec/screw/image/thread_side/004.png,There is a defect in the object. Where is the defect?,D,B
DS-MVTec/screw/image/thread_side/004.png,There is a defect in the object. What is the appearance of the defect?,D,D
DS-MVTec/screw/image/thread_side/004.png,There is a defect in the object. What may be the effect of the defect?,D,D
DS-MVTec/screw/image/thread_side/005.png,Is there any defect in the object?,B,B
DS-MVTec/screw/image/thread_side/005.png,There is a defect in the object. What is the type of the defect?,D,D
DS-MVTec/screw/image/thread_side/005.png,There is a defect in the object. Where is the defect?,D,C
DS-MVTec/screw/image/thread_side/005.png,There is a defect in the object. What is the appearance of the defect?,D,D
DS-MVTec/screw/image/thread_side/005.png,There is a defect in the object. What could be the effect of the defect?,D,D
DS-MVTec/screw/image/thread_side/006.png,Is there any defect in the object?,A,A
DS-MVTec/screw/image/thread_side/006.png,There is a defect in the object. What is the type of the defect?,D,D
DS-MVTec/screw/image/thread_side/006.png,There is a defect in the object. Where is the defect?,D,D
DS-MVTec/screw/image/thread_side/006.png,There is a defect in the object. What is the appearance of the defect?,B,D
DS-MVTec/screw/image/thread_side/006.png,There is a defect in the object. What could be the effect of the defect?,C,C
DS-MVTec/screw/image/thread_side/007.png,Is there any defect in the object?,B,B
DS-MVTec/screw/image/thread_side/007.png,There is a defect in the object. What is the type of the defect?,C,C
DS-MVTec/screw/image/thread_side/007.png,There is a defect in the object. Where is the defect?,C,B
DS-MVTec/screw/image/thread_side/007.png,There is a defect in the object. What is the appearance of the defect?,B,D
DS-MVTec/screw/image/thread_side/007.png,There is a defect in the object. What is the effect of the defect?,C,C
DS-MVTec/screw/image/thread_side/008.png,Is there any defect in the object?,B,B
DS-MVTec/screw/image/thread_side/008.png,There is a defect in the object. What is the type of the defect?,D,D
DS-MVTec/screw/image/thread_side/008.png,There is a defect in the object. Where is the defect?,A,D
DS-MVTec/screw/image/thread_side/008.png,There is a defect in the object. What is the appearance of the defect?,B,B
DS-MVTec/screw/image/thread_side/008.png,There is a defect in the object. What is the likely effect of the defect on the screw's functionality?,B,B
DS-MVTec/screw/image/thread_side/009.png,Is there any defect in the object?,B,B
DS-MVTec/screw/image/thread_side/009.png,There is a defect in the object. What is the type of the defect?,B,B
DS-MVTec/screw/image/thread_side/009.png,There is a defect in the object. Where is the defect?,B,D
DS-MVTec/screw/image/thread_side/009.png,There is a defect in the object. What is the appearance of the defect?,B,B
DS-MVTec/screw/image/thread_side/009.png,There is a defect in the object. What is the potential effect of the defect?,C,C
DS-MVTec/screw/image/thread_side/010.png,Is there any defect in the object?,B,B
DS-MVTec/screw/image/thread_side/010.png,There is a defect in the object. What is the type of the defect?,A,A
DS-MVTec/screw/image/thread_side/010.png,There is a defect in the object. Where is the defect?,D,C
DS-MVTec/screw/image/thread_side/010.png,There is a defect in the object. What is the appearance of the defect?,B,A
DS-MVTec/screw/image/thread_side/010.png,There is a defect in the object. What could potentially be the effect of the defect?,D,D
DS-MVTec/screw/image/thread_side/011.png,Is there any defect in the object?,A,A
DS-MVTec/screw/image/thread_side/011.png,There is a defect in the object. What is the type of the defect?,D,D
DS-MVTec/screw/image/thread_side/011.png,There is a defect in the object. Where is the defect?,D,A
DS-MVTec/screw/image/thread_side/011.png,There is a defect in the object. What is the appearance of the defect?,A,A
DS-MVTec/screw/image/thread_side/011.png,There is a defect in the object. What effect might the defect have on the screw's functionality?,C,C
DS-MVTec/screw/image/thread_side/012.png,Is there any defect in the object?,A,B
DS-MVTec/screw/image/thread_side/012.png,There is a defect in the object. What is the type of the defect?,D,D
DS-MVTec/screw/image/thread_side/012.png,There is a defect in the object. Where is the defect?,B,A
DS-MVTec/screw/image/thread_side/012.png,There is a defect in the object. What is the appearance of the defect?,C,C
DS-MVTec/screw/image/thread_side/012.png,There is a defect in the object. What could be the effect of the defect on the screw's performance?,D,D
DS-MVTec/screw/image/thread_side/013.png,Is there any defect in the object?,B,B
DS-MVTec/screw/image/thread_side/013.png,There is a defect in the object. What is the type of the defect?,C,C
DS-MVTec/screw/image/thread_side/013.png,There is a defect in the object. Where is the defect?,C,D
DS-MVTec/screw/image/thread_side/013.png,There is a defect in the object. What is the appearance of the defect?,B,B
DS-MVTec/screw/image/thread_side/013.png,There is a defect in the object. What effect might the defect have?,D,D
DS-MVTec/screw/image/thread_side/014.png,Is there any defect in the object?,B,B
DS-MVTec/screw/image/thread_side/014.png,There is a defect in the object. What is the type of the defect?,A,A
DS-MVTec/screw/image/thread_side/014.png,There is a defect in the object. Where is the defect?,D,A
DS-MVTec/screw/image/thread_side/014.png,There is a defect in the object. What is the appearance of the defect?,A,A
DS-MVTec/screw/image/thread_side/014.png,There is a defect in the object. What is the effect of the defect?,D,D
DS-MVTec/screw/image/thread_side/015.png,Is there any defect in the object?,B,B
DS-MVTec/screw/image/thread_side/015.png,There is a defect in the object. What is the type of the defect?,D,D
DS-MVTec/screw/image/thread_side/015.png,There is a defect in the object. Where is the defect?,C,C
DS-MVTec/screw/image/thread_side/015.png,There is a defect in the object. What is the appearance of the defect?,C,C
DS-MVTec/screw/image/thread_side/015.png,There is a defect in the object. What could be the effect of the defect?,B,B
DS-MVTec/screw/image/thread_side/016.png,Is there any defect in the object?,A,A
DS-MVTec/screw/image/thread_side/016.png,There is a defect in the object. What is the type of the defect?,B,B
DS-MVTec/screw/image/thread_side/016.png,There is a defect in the object. Where is the defect?,A,B
DS-MVTec/screw/image/thread_side/016.png,There is a defect in the object. What is the appearance of the defect?,D,D
DS-MVTec/screw/image/thread_side/016.png,There is a defect in the object. What is the effect of the defect?,C,C
DS-MVTec/screw/image/thread_side/017.png,Is there any defect in the object?,B,B
DS-MVTec/screw/image/thread_side/017.png,There is a defect in the object. What is the type of the defect?,D,D
DS-MVTec/screw/image/thread_side/017.png,There is a defect in the object. Where is the defect?,D,B
DS-MVTec/screw/image/thread_side/017.png,There is a defect in the object. What is the appearance of the defect?,B,B
DS-MVTec/screw/image/thread_side/017.png,There is a defect in the object. How could the defect potentially affect the screw's functionality?,A,A
DS-MVTec/screw/image/thread_side/018.png,Is there any defect in the object?,A,A
DS-MVTec/screw/image/thread_side/018.png,There is a defect in the object. What is the type of the defect?,B,B
DS-MVTec/screw/image/thread_side/018.png,There is a defect in the object. Where is the defect?,B,B
DS-MVTec/screw/image/thread_side/018.png,There is a defect in the object. What is the appearance of the defect?,B,B
DS-MVTec/screw/image/thread_side/018.png,There is a defect in the object. What effect could the defect have on the screw?,D,D
DS-MVTec/screw/image/thread_side/019.png,Is there any defect in the object?,B,B
DS-MVTec/screw/image/thread_side/019.png,There is a defect in the object. What is the type of the defect?,B,B
DS-MVTec/screw/image/thread_side/019.png,There is a defect in the object. Where is the defect?,C,B
DS-MVTec/screw/image/thread_side/019.png,There is a defect in the object. What is the appearance of the defect?,D,D
DS-MVTec/screw/image/thread_side/019.png,There is a defect in the object. What could be the effect of the defect?,A,A
DS-MVTec/screw/image/thread_side/020.png,Is there any defect in the object?,A,B
DS-MVTec/screw/image/thread_side/020.png,There is a defect in the object. What is the type of the defect?,B,B
DS-MVTec/screw/image/thread_side/020.png,There is a defect in the object. Where is the defect?,B,B
DS-MVTec/screw/image/thread_side/020.png,There is a defect in the object. What is the appearance of the defect?,C,C
DS-MVTec/screw/image/thread_side/020.png,There is a defect in the object. What is the potential effect of the defect?,D,D
DS-MVTec/screw/image/thread_side/021.png,Is there any defect in the object?,B,B
DS-MVTec/screw/image/thread_side/021.png,There is a defect in the object. What is the type of the defect?,A,A
DS-MVTec/screw/image/thread_side/021.png,There is a defect in the object. Where is the defect?,B,B
DS-MVTec/screw/image/thread_side/021.png,There is a defect in the object. What is the appearance of the defect?,A,A
DS-MVTec/screw/image/thread_side/021.png,There is a defect in the object. What is the potential effect of the defect on the screw's performance?,D,D
DS-MVTec/screw/image/thread_side/022.png,Is there any defect in the object?,B,B
DS-MVTec/screw/image/thread_side/022.png,There is a defect in the object. What is the type of the defect?,D,C
DS-MVTec/screw/image/thread_side/022.png,There is a defect in the object. Where is the defect?,C,C
DS-MVTec/screw/image/thread_side/022.png,There is a defect in the object. What is the appearance of the defect?,C,C
DS-MVTec/screw/image/thread_side/022.png,There is a defect in the object. What is the likely effect of the defect?,D,D
DS-MVTec/screw/image/thread_top/000.png,Is there any defect in the object?,B,B
DS-MVTec/screw/image/thread_top/000.png,There is a defect in the object. What is the type of the defect?,A,D
DS-MVTec/screw/image/thread_top/000.png,There is a defect in the object. Where is the defect?,C,C
DS-MVTec/screw/image/thread_top/000.png,There is a defect in the object. What is the appearance of the defect?,B,B
DS-MVTec/screw/image/thread_top/000.png,There is a defect in the object. What could be the potential effect of the defect?,C,C
DS-MVTec/screw/image/thread_top/001.png,Is there any defect in the object?,A,A
DS-MVTec/screw/image/thread_top/001.png,There is a defect in the object. What is the type of the defect?,B,B
DS-MVTec/screw/image/thread_top/001.png,There is a defect in the object. Where is the defect?,D,C
DS-MVTec/screw/image/thread_top/001.png,There is a defect in the object. What is the appearance of the defect?,C,D
DS-MVTec/screw/image/thread_top/001.png,There is a defect in the object. What could be the effect of the defect?,D,D
DS-MVTec/screw/image/thread_top/002.png,Is there any defect in the object?,B,B
DS-MVTec/screw/image/thread_top/002.png,There is a defect in the object. What is the type of the defect?,B,B
DS-MVTec/screw/image/thread_top/002.png,There is a defect in the object. Where is the defect?,D,C
DS-MVTec/screw/image/thread_top/002.png,There is a defect in the object. What is the appearance of the defect?,B,A
DS-MVTec/screw/image/thread_top/002.png,There is a defect in the object. What is the effect of the defect on the screw?,D,D
DS-MVTec/screw/image/thread_top/003.png,Is there any defect in the object?,A,A
DS-MVTec/screw/image/thread_top/003.png,There is a defect in the object. What is the type of the defect?,A,A
DS-MVTec/screw/image/thread_top/003.png,There is a defect in the object. Where is the defect?,D,C
DS-MVTec/screw/image/thread_top/003.png,There is a defect in the object. What is the appearance of the defect?,D,D
DS-MVTec/screw/image/thread_top/003.png,There is a defect in the object. What is the effect of the defect?,C,C
DS-MVTec/screw/image/thread_top/004.png,Is there any defect in the object?,A,A
DS-MVTec/screw/image/thread_top/004.png,There is a defect in the object. What is the type of the defect?,C,C
DS-MVTec/screw/image/thread_top/004.png,There is a defect in the object. Where is the defect located?,D,B
DS-MVTec/screw/image/thread_top/004.png,There is a defect in the object. What is the appearance of the defect?,C,C
DS-MVTec/screw/image/thread_top/004.png,There is a defect in the object. How may the defect affect the screw's performance?,D,D
DS-MVTec/screw/image/thread_top/005.png,Is there any defect in the object?,B,B
DS-MVTec/screw/image/thread_top/005.png,There is a defect in the object. What is the type of the defect?,A,D
DS-MVTec/screw/image/thread_top/005.png,There is a defect in the object. Where is the defect?,D,B
DS-MVTec/screw/image/thread_top/005.png,There is a defect in the object. What is the appearance of the defect?,B,B
DS-MVTec/screw/image/thread_top/005.png,There is a defect in the object. What is the effect of the defect?,D,D
DS-MVTec/screw/image/thread_top/006.png,Is there any defect in the object?,A,A
DS-MVTec/screw/image/thread_top/006.png,There is a defect in the object. What is the type of the defect?,B,B
DS-MVTec/screw/image/thread_top/006.png,There is a defect in the object. Where is the defect?,A,A
DS-MVTec/screw/image/thread_top/006.png,There is a defect in the object. What is the appearance of the defect?,B,B
DS-MVTec/screw/image/thread_top/006.png,There is a defect in the object. What could be the effect of the defect on the screw's function?,B,B
DS-MVTec/screw/image/thread_top/007.png,Is there any defect in the object?,A,A
DS-MVTec/screw/image/thread_top/007.png,There is a defect in the object. What is the type of the defect?,B,D
DS-MVTec/screw/image/thread_top/007.png,There is a defect in the object. Where is the defect?,C,C
DS-MVTec/screw/image/thread_top/007.png,There is a defect in the object. What is the appearance of the defect?,C,C
DS-MVTec/screw/image/thread_top/007.png,There is a defect in the object. What could be the effect of the defect?,A,A
DS-MVTec/screw/image/thread_top/008.png,Is there any defect in the object?,A,B
DS-MVTec/screw/image/thread_top/008.png,There is a defect in the object. What is the type of the defect?,D,C
DS-MVTec/screw/image/thread_top/008.png,There is a defect in the object. Where is the defect?,B,C
DS-MVTec/screw/image/thread_top/008.png,There is a defect in the object. What is the appearance of the defect?,C,C
DS-MVTec/screw/image/thread_top/008.png,There is a defect in the object. What could be the effect of the defect?,B,B
DS-MVTec/screw/image/thread_top/009.png,Is there any defect in the object?,B,B
DS-MVTec/screw/image/thread_top/009.png,There is a defect in the object. What is the type of the defect?,B,B
DS-MVTec/screw/image/thread_top/009.png,There is a defect in the object. Where is the defect?,D,D
DS-MVTec/screw/image/thread_top/009.png,There is a defect in the object. What is the appearance of the defect?,A,A
DS-MVTec/screw/image/thread_top/009.png,There is a defect in the object. What is the potential effect of the defect?,B,B
DS-MVTec/screw/image/thread_top/010.png,Is there any defect in the object?,B,B
DS-MVTec/screw/image/thread_top/010.png,There is a defect in the object. What is the type of the defect?,C,C
DS-MVTec/screw/image/thread_top/010.png,There is a defect in the object. Where is the defect?,D,C
DS-MVTec/screw/image/thread_top/010.png,There is a defect in the object. What is the appearance of the defect?,B,B
DS-MVTec/screw/image/thread_top/010.png,There is a defect in the object. What could be the effect of the defect?,C,C
DS-MVTec/screw/image/thread_top/011.png,Is there any defect in the object?,B,A
DS-MVTec/screw/image/thread_top/011.png,There is a defect in the object. What is the type of the defect?,B,B
DS-MVTec/screw/image/thread_top/011.png,There is a defect in the object. Where is the defect?,D,D
DS-MVTec/screw/image/thread_top/011.png,There is a defect in the object. What is the appearance of the defect?,A,A
DS-MVTec/screw/image/thread_top/011.png,There is a defect in the object. What is the effect of the defect?,B,B
DS-MVTec/screw/image/thread_top/012.png,Is there any defect in the object?,B,A
DS-MVTec/screw/image/thread_top/012.png,There is a defect in the object. What is the type of the defect?,C,B
DS-MVTec/screw/image/thread_top/012.png,There is a defect in the object. Where is the defect?,C,C
DS-MVTec/screw/image/thread_top/012.png,There is a defect in the object. What is the appearance of the defect?,B,B
DS-MVTec/screw/image/thread_top/012.png,There is a defect in the object. What is the effect of the defect?,C,C
DS-MVTec/screw/image/thread_top/013.png,Is there any defect in the object?,B,B
DS-MVTec/screw/image/thread_top/013.png,There is a defect in the object. What is the type of the defect?,B,B
DS-MVTec/screw/image/thread_top/013.png,There is a defect in the object. Where is the defect?,D,D
DS-MVTec/screw/image/thread_top/013.png,There is a defect in the object. What is the appearance of the defect?,C,C
DS-MVTec/screw/image/thread_top/013.png,There is a defect in the object. What effect might the defect have?,A,A
DS-MVTec/screw/image/thread_top/014.png,Is there any defect in the object?,B,B
DS-MVTec/screw/image/thread_top/014.png,There is a defect in the object. What is the type of the defect?,B,B
DS-MVTec/screw/image/thread_top/014.png,There is a defect in the object. Where is the defect?,D,D
DS-MVTec/screw/image/thread_top/014.png,There is a defect in the object. What is the appearance of the defect?,A,A
DS-MVTec/screw/image/thread_top/014.png,There is a defect in the object. What is the effect of the defect on the screw?,C,C
DS-MVTec/screw/image/thread_top/015.png,Is there any defect in the object?,B,A
DS-MVTec/screw/image/thread_top/015.png,There is a defect in the object. What is the type of the defect?,B,C
DS-MVTec/screw/image/thread_top/015.png,There is a defect in the object. Where is the defect?,B,B
DS-MVTec/screw/image/thread_top/015.png,There is a defect in the object. What is the appearance of the defect?,C,C
DS-MVTec/screw/image/thread_top/015.png,There is a defect in the object. What could be the effect of the defect?,A,A
DS-MVTec/screw/image/thread_top/016.png,Is there any defect in the object?,B,B
DS-MVTec/screw/image/thread_top/016.png,There is a defect in the object. What is the type of the defect?,C,C
DS-MVTec/screw/image/thread_top/016.png,There is a defect in the object. Where is the defect?,A,B
DS-MVTec/screw/image/thread_top/016.png,There is a defect in the object. What is the appearance of the defect?,B,B
DS-MVTec/screw/image/thread_top/016.png,There is a defect in the object. What is the effect of the defect?,D,D
DS-MVTec/screw/image/thread_top/017.png,Is there any defect in the object?,B,B
DS-MVTec/screw/image/thread_top/017.png,There is a defect in the object. What is the type of the defect?,C,C
DS-MVTec/screw/image/thread_top/017.png,There is a defect in the object. Where is the defect?,C,C
DS-MVTec/screw/image/thread_top/017.png,There is a defect in the object. What is the appearance of the defect?,D,D
DS-MVTec/screw/image/thread_top/017.png,There is a defect in the object. What is the potential effect of the defect?,C,C
DS-MVTec/screw/image/thread_top/018.png,Is there any defect in the object?,B,A
DS-MVTec/screw/image/thread_top/018.png,There is a defect in the object. What is the type of the defect?,B,B
DS-MVTec/screw/image/thread_top/018.png,There is a defect in the object. Where is the defect?,C,B
DS-MVTec/screw/image/thread_top/018.png,There is a defect in the object. What is the appearance of the defect?,D,D
DS-MVTec/screw/image/thread_top/018.png,There is a defect in the object. How could the defect potentially affect the screw's functionality?,D,D
DS-MVTec/screw/image/thread_top/019.png,Is there any defect in the object?,B,A
DS-MVTec/screw/image/thread_top/019.png,There is a defect in the object. What is the type of the defect?,D,D
DS-MVTec/screw/image/thread_top/019.png,There is a defect in the object. Where is the defect?,D,C
DS-MVTec/screw/image/thread_top/019.png,There is a defect in the object. What is the appearance of the defect?,A,A
DS-MVTec/screw/image/thread_top/019.png,There is a defect in the object. What is the effect of the defect?,B,B
DS-MVTec/screw/image/thread_top/020.png,Is there any defect in the object?,B,B
DS-MVTec/screw/image/thread_top/020.png,There is a defect in the object. What is the type of the defect?,B,C
DS-MVTec/screw/image/thread_top/020.png,There is a defect in the object. Where is the defect?,B,B
DS-MVTec/screw/image/thread_top/020.png,There is a defect in the object. What is the appearance of the defect?,D,D
DS-MVTec/screw/image/thread_top/020.png,There is a defect in the object. What is the effect of the defect on the screw's function?,C,C
DS-MVTec/screw/image/thread_top/021.png,Is there any defect in the object?,A,B
DS-MVTec/screw/image/thread_top/021.png,There is a defect in the object. What is the type of the defect?,C,C
DS-MVTec/screw/image/thread_top/021.png,There is a defect in the object. Where is the defect?,A,A
DS-MVTec/screw/image/thread_top/021.png,There is a defect in the object. What is the appearance of the defect?,D,D
DS-MVTec/screw/image/thread_top/021.png,There is a defect in the object. What could be the potential effect of the defect?,B,B
DS-MVTec/screw/image/thread_top/022.png,Is there any defect in the object?,A,A
DS-MVTec/screw/image/thread_top/022.png,There is a defect in the object. What is the type of the defect?,C,C
DS-MVTec/screw/image/thread_top/022.png,There is a defect in the object. Where is the defect?,B,B
DS-MVTec/screw/image/thread_top/022.png,There is a defect in the object. What is the appearance of the defect?,C,C
DS-MVTec/screw/image/thread_top/022.png,There is a defect in the object. What effect might the defect have on the screw's performance?,C,C
DS-MVTec/tile/image/crack/000.png,Is there any defect in the object?,A,A
DS-MVTec/tile/image/crack/000.png,There is a defect in the object. What is the type of the defect?,A,A
DS-MVTec/tile/image/crack/000.png,There is a defect in the object. Where is the defect?,B,B
DS-MVTec/tile/image/crack/000.png,There is a defect in the object. What is the appearance of the defect?,B,B
DS-MVTec/tile/image/crack/000.png,There is a defect in the object. What could be the effect of the defect on the object?,A,A
DS-MVTec/tile/image/crack/001.png,Is there any defect in the object?,A,A
DS-MVTec/tile/image/crack/001.png,There is a defect in the object. What is the type of the defect?,A,A
DS-MVTec/tile/image/crack/001.png,There is a defect in the object. Where is the defect?,D,D
DS-MVTec/tile/image/crack/001.png,There is a defect in the object. What is the appearance of the defect?,A,A
DS-MVTec/tile/image/crack/001.png,There is a defect in the object. What is the effect of the defect?,D,D
DS-MVTec/tile/image/crack/002.png,Is there any defect in the object?,A,A
DS-MVTec/tile/image/crack/002.png,There is a defect in the object. What is the type of defect?,A,A
DS-MVTec/tile/image/crack/002.png,There is a defect in the object. Where is the defect?,C,C
DS-MVTec/tile/image/crack/002.png,There is a defect in the object. What is the appearance of the defect?,D,D
DS-MVTec/tile/image/crack/002.png,There is a defect in the object. How does the defect impact the tile’s surface?,A,A
DS-MVTec/tile/image/crack/003.png,Is there any defect in the object?,B,B
DS-MVTec/tile/image/crack/003.png,There is a defect in the object. What is the type of the defect?,C,C
DS-MVTec/tile/image/crack/003.png,There is a defect in the object. Where is the defect?,A,B
DS-MVTec/tile/image/crack/003.png,There is a defect in the object. What is the appearance of the defect?,D,D
DS-MVTec/tile/image/crack/003.png,There is a defect in the object. How does the defect affect the tile?,B,B
DS-MVTec/tile/image/crack/004.png,Is there any defect in the object?,A,A
DS-MVTec/tile/image/crack/004.png,There is a defect in the object. What is the type of the defect?,B,B
DS-MVTec/tile/image/crack/004.png,There is a defect in the object. Where is the defect?,C,C
DS-MVTec/tile/image/crack/004.png,There is a defect in the object. What is the appearance of the defect?,D,D
DS-MVTec/tile/image/crack/004.png,There is a defect in the object. What is the effect of the defect on the object?,B,B
DS-MVTec/tile/image/crack/005.png,Is there any defect in the object?,A,A
DS-MVTec/tile/image/crack/005.png,There is a defect in the object. What is the type of the defect?,D,D
DS-MVTec/tile/image/crack/005.png,There is a defect in the object. Where is the defect?,C,C
DS-MVTec/tile/image/crack/005.png,There is a defect in the object. What is the appearance of the defect?,C,B
DS-MVTec/tile/image/crack/005.png,There is a defect in the object. What effect does the defect have on the tile's pattern?,D,D
DS-MVTec/tile/image/crack/006.png,Is there any defect in the object?,B,B
DS-MVTec/tile/image/crack/006.png,There is a defect in the object. What is the type of the defect?,B,B
DS-MVTec/tile/image/crack/006.png,There is a defect in the object. Where is the defect?,C,C
DS-MVTec/tile/image/crack/006.png,There is a defect in the object. What is the appearance of the defect?,D,D
DS-MVTec/tile/image/crack/006.png,There is a defect in the object. What is the effect of the defect on the tile?,C,C
DS-MVTec/tile/image/crack/007.png,Is there any defect in the object?,A,A
DS-MVTec/tile/image/crack/007.png,There is a defect in the object. What is the type of the defect?,A,A
DS-MVTec/tile/image/crack/007.png,There is a defect in the object. Where is the defect?,B,B
DS-MVTec/tile/image/crack/007.png,There is a defect in the object. What is the appearance of the defect?,B,B
DS-MVTec/tile/image/crack/007.png,There is a defect in the object. How does the defect contrast with the pattern of the tile?,A,A
DS-MVTec/tile/image/crack/008.png,Is there any defect in the object?,B,B
DS-MVTec/tile/image/crack/008.png,There is a defect in the object. What is the type of the defect?,D,D
DS-MVTec/tile/image/crack/008.png,There is a defect in the object. Where is the defect?,D,D
DS-MVTec/tile/image/crack/008.png,There is a defect in the object. What is the appearance of the defect?,C,C
DS-MVTec/tile/image/crack/008.png,There is a defect in the object. What is the effect of the defect?,A,A
DS-MVTec/tile/image/crack/009.png,Is there any defect in the object?,B,B
DS-MVTec/tile/image/crack/009.png,There is a defect in the object. What is the type of the defect?,A,A
DS-MVTec/tile/image/crack/009.png,There is a defect in the object. Where is the defect?,C,C
DS-MVTec/tile/image/crack/009.png,There is a defect in the object. What is the appearance of the defect?,C,C
DS-MVTec/tile/image/crack/009.png,There is a defect in the object. What is the effect of the defect on the tile's pattern?,C,C
DS-MVTec/tile/image/crack/010.png,Is there any defect in the object?,B,B
DS-MVTec/tile/image/crack/010.png,There is a defect in the object. What is the type of the defect?,D,D
DS-MVTec/tile/image/crack/010.png,There is a defect in the object. Where is the defect?,B,B
DS-MVTec/tile/image/crack/010.png,There is a defect in the object. What is the appearance of the defect?,C,C
DS-MVTec/tile/image/crack/010.png,There is a defect in the object. How does the defect affect the tile?,A,A
DS-MVTec/tile/image/crack/011.png,Is there any defect in the object?,B,B
DS-MVTec/tile/image/crack/011.png,There is a defect in the object. What is the type of the defect?,A,A
DS-MVTec/tile/image/crack/011.png,There is a defect in the object. Where is the defect?,C,C
DS-MVTec/tile/image/crack/011.png,There is a defect in the object. What is the appearance of the defect?,D,D
DS-MVTec/tile/image/crack/011.png,There is a defect in the object. What additional information can be provided about the defect?,A,A
DS-MVTec/tile/image/crack/012.png,Is there any defect in the object?,A,A
DS-MVTec/tile/image/crack/012.png,There is a defect in the object. What is the type of the defect?,D,D
DS-MVTec/tile/image/crack/012.png,There is a defect in the object. Where is the defect?,B,B
DS-MVTec/tile/image/crack/012.png,There is a defect in the object. What is the appearance of the defect?,C,C
DS-MVTec/tile/image/crack/012.png,There is a defect in the object. What effect does the defect have on the tile?,B,B
DS-MVTec/tile/image/crack/013.png,Is there any defect in the object?,A,A
DS-MVTec/tile/image/crack/013.png,There is a defect in the object. What is the type of the defect?,D,D
DS-MVTec/tile/image/crack/013.png,There is a defect in the object. Where is the defect?,C,C
DS-MVTec/tile/image/crack/013.png,There is a defect in the object. What is the appearance of the defect?,C,C
DS-MVTec/tile/image/crack/013.png,There is a defect in the object. How does the defect start and progress on the tile?,D,D
DS-MVTec/tile/image/crack/014.png,Is there any defect in the object?,B,B
DS-MVTec/tile/image/crack/014.png,There is a defect in the object. What is the type of the defect?,C,C
DS-MVTec/tile/image/crack/014.png,There is a defect in the object. Where is the defect?,C,C
DS-MVTec/tile/image/crack/014.png,There is a defect in the object. What is the appearance of the defect?,D,D
DS-MVTec/tile/image/crack/014.png,There is a defect in the object. What is the effect of the defect?,B,B
DS-MVTec/tile/image/crack/015.png,Is there any defect in the object?,B,B
DS-MVTec/tile/image/crack/015.png,There is a defect in the object. What is the type of the defect?,A,A
DS-MVTec/tile/image/crack/015.png,There is a defect in the object. Where is the defect?,C,C
DS-MVTec/tile/image/crack/015.png,There is a defect in the object. What is the appearance of the defect?,B,B
DS-MVTec/tile/image/crack/015.png,There is a defect in the object. How does the defect affect the tile?,C,C
DS-MVTec/tile/image/crack/016.png,Is there any defect in the object?,B,B
DS-MVTec/tile/image/crack/016.png,There is a defect in the object. What is the type of the defect?,C,C
DS-MVTec/tile/image/crack/016.png,There is a defect in the object. Where is the defect?,A,A
DS-MVTec/tile/image/crack/016.png,There is a defect in the object. What is the appearance of the defect?,C,C
DS-MVTec/tile/image/crack/016.png,There is a defect in the object. What is the effect of the defect?,B,B
DS-MVTec/tile/image/glue_strip/000.png,Is there any defect in the object?,A,A
DS-MVTec/tile/image/glue_strip/000.png,There is a defect in the object. What is the type of the defect?,A,A
DS-MVTec/tile/image/glue_strip/000.png,There is a defect in the object. Where is the defect?,D,D
DS-MVTec/tile/image/glue_strip/000.png,There is a defect in the object. What is the appearance of the defect?,D,B
DS-MVTec/tile/image/glue_strip/000.png,There is a defect in the object. How does the defect contrast with the surrounding pattern?,A,A
DS-MVTec/tile/image/glue_strip/001.png,Is there any defect in the object?,B,B
DS-MVTec/tile/image/glue_strip/001.png,There is a defect in the object. What is the type of the defect?,A,A
DS-MVTec/tile/image/glue_strip/001.png,There is a defect in the object. Where is the defect?,B,B
DS-MVTec/tile/image/glue_strip/001.png,There is a defect in the object. What is the appearance of the defect?,C,C
DS-MVTec/tile/image/glue_strip/001.png,There is a defect in the object. What is the effect of the defect?,B,B
DS-MVTec/tile/image/glue_strip/002.png,Is there any defect in the object?,A,A
DS-MVTec/tile/image/glue_strip/002.png,There is a defect in the object. What is the type of the defect?,B,B
DS-MVTec/tile/image/glue_strip/002.png,There is a defect in the object. Where is the defect?,C,A
DS-MVTec/tile/image/glue_strip/002.png,There is a defect in the object. What is the appearance of the defect?,A,A
DS-MVTec/tile/image/glue_strip/002.png,"There is a defect in the object. Suggesting the possible cause of the defect, what seems likely?",A,A
DS-MVTec/tile/image/glue_strip/003.png,Is there any defect in the object?,A,A
DS-MVTec/tile/image/glue_strip/003.png,There is a defect in the object. What is the type of the defect?,B,D
DS-MVTec/tile/image/glue_strip/003.png,There is a defect in the object. Where is the defect?,A,B
DS-MVTec/tile/image/glue_strip/003.png,There is a defect in the object. What is the appearance of the defect?,A,A
DS-MVTec/tile/image/glue_strip/003.png,There is a defect in the object. How does the defect stand out from the rest of the tile's surface?,C,C
DS-MVTec/tile/image/glue_strip/004.png,Is there any defect in the object?,A,A
DS-MVTec/tile/image/glue_strip/004.png,There is a defect in the object. What is the type of the defect?,B,A
DS-MVTec/tile/image/glue_strip/004.png,There is a defect in the object. Where is the defect?,C,B
DS-MVTec/tile/image/glue_strip/004.png,There is a defect in the object. What is the appearance of the defect?,C,B
DS-MVTec/tile/image/glue_strip/004.png,There is a defect in the object. What effect does the defect have on the object?,D,D
DS-MVTec/tile/image/glue_strip/005.png,Is there any defect in the object?,B,B
DS-MVTec/tile/image/glue_strip/005.png,There is a defect in the object. What is the type of the defect?,C,C
DS-MVTec/tile/image/glue_strip/005.png,There is a defect in the object. Where is the defect?,C,C
DS-MVTec/tile/image/glue_strip/005.png,There is a defect in the object. What is the appearance of the defect?,B,B
DS-MVTec/tile/image/glue_strip/005.png,There is a defect in the object. What effect does the defect have on the object?,B,B
DS-MVTec/tile/image/glue_strip/006.png,Is there any defect in the object?,A,A
DS-MVTec/tile/image/glue_strip/006.png,There is a defect in the object. What is the type of the defect?,D,C
DS-MVTec/tile/image/glue_strip/006.png,There is a defect in the object. Where is the defect?,D,C
DS-MVTec/tile/image/glue_strip/006.png,There is a defect in the object. What is the appearance of the defect?,D,D
DS-MVTec/tile/image/glue_strip/006.png,There is a defect in the object. What effect does the defect have on the tile?,A,A
DS-MVTec/tile/image/glue_strip/007.png,Is there any defect in the object?,A,A
DS-MVTec/tile/image/glue_strip/007.png,There is a defect in the object. What is the type of the defect?,A,A
DS-MVTec/tile/image/glue_strip/007.png,There is a defect in the object. Where is the defect?,A,A
DS-MVTec/tile/image/glue_strip/007.png,There is a defect in the object. What is the appearance of the defect?,D,D
DS-MVTec/tile/image/glue_strip/007.png,There is a defect in the object. What is the effect of the defect?,A,A
DS-MVTec/tile/image/glue_strip/008.png,Is there any defect in the object?,B,B
DS-MVTec/tile/image/glue_strip/008.png,There is a defect in the object. What is the type of the defect?,B,C
DS-MVTec/tile/image/glue_strip/008.png,There is a defect in the object. Where is the defect?,B,B
DS-MVTec/tile/image/glue_strip/008.png,There is a defect in the object. What is the appearance of the defect?,A,A
DS-MVTec/tile/image/glue_strip/008.png,There is a defect in the object. What does the appearance of the defect suggest?,D,A
DS-MVTec/tile/image/glue_strip/009.png,Is there any defect in the object?,A,A
DS-MVTec/tile/image/glue_strip/009.png,There is a defect in the object. What is the type of the defect?,A,A
DS-MVTec/tile/image/glue_strip/009.png,There is a defect in the object. Where is the defect?,B,B
DS-MVTec/tile/image/glue_strip/009.png,There is a defect in the object. What is the appearance of the defect?,D,D
DS-MVTec/tile/image/glue_strip/009.png,There is a defect in the object. What is the effect of the defect on the tile’s appearance?,A,A
DS-MVTec/tile/image/glue_strip/010.png,Is there any defect in the object?,A,A
DS-MVTec/tile/image/glue_strip/010.png,There is a defect in the object. What is the type of the defect?,D,D
DS-MVTec/tile/image/glue_strip/010.png,There is a defect in the object. Where is the defect?,C,B
DS-MVTec/tile/image/glue_strip/010.png,There is a defect in the object. What is the appearance of the defect?,B,B
DS-MVTec/tile/image/glue_strip/010.png,There is a defect in the object. How does the defect affect the tile?,D,D
DS-MVTec/tile/image/glue_strip/011.png,Is there any defect in the object?,A,A
DS-MVTec/tile/image/glue_strip/011.png,There is a defect in the object. What is the type of the defect?,D,A
DS-MVTec/tile/image/glue_strip/011.png,There is a defect in the object. Where is the defect?,B,C
DS-MVTec/tile/image/glue_strip/011.png,There is a defect in the object. What is the appearance of the defect?,C,B
DS-MVTec/tile/image/glue_strip/011.png,There is a defect in the object. How does the defect stand out from the normal pattern?,B,B
DS-MVTec/tile/image/glue_strip/012.png,Is there any defect in the object?,B,B
DS-MVTec/tile/image/glue_strip/012.png,There is a defect in the object. What is the type of the defect?,D,D
DS-MVTec/tile/image/glue_strip/012.png,There is a defect in the object. Where is the defect?,C,B
DS-MVTec/tile/image/glue_strip/012.png,There is a defect in the object. What is the appearance of the defect?,A,A
DS-MVTec/tile/image/glue_strip/012.png,There is a defect in the object. What is the effect of the defect?,A,A
DS-MVTec/tile/image/glue_strip/013.png,Is there any defect in the object?,A,A
DS-MVTec/tile/image/glue_strip/013.png,There is a defect in the object. What is the type of the defect?,A,A
DS-MVTec/tile/image/glue_strip/013.png,There is a defect in the object. Where is the defect?,B,B
DS-MVTec/tile/image/glue_strip/013.png,There is a defect in the object. What is the appearance of the defect?,A,A
DS-MVTec/tile/image/glue_strip/013.png,There is a defect in the object. What is the effect of the defect on the tile?,D,D
DS-MVTec/tile/image/glue_strip/014.png,Is there any defect in the object?,A,A
DS-MVTec/tile/image/glue_strip/014.png,There is a defect in the object. What is the type of the defect?,C,C
DS-MVTec/tile/image/glue_strip/014.png,There is a defect in the object. Where is the defect?,B,D
DS-MVTec/tile/image/glue_strip/014.png,There is a defect in the object. What is the appearance of the defect?,A,D
DS-MVTec/tile/image/glue_strip/014.png,There is a defect in the object. What is the effect of the defect?,D,D
DS-MVTec/tile/image/glue_strip/015.png,Is there any defect in the object?,A,A
DS-MVTec/tile/image/glue_strip/015.png,There is a defect in the object. What is the type of the defect?,C,C
DS-MVTec/tile/image/glue_strip/015.png,There is a defect in the object. Where is the defect?,D,D
DS-MVTec/tile/image/glue_strip/015.png,There is a defect in the object. What is the appearance of the defect?,C,B
DS-MVTec/tile/image/glue_strip/015.png,There is a defect in the object. What is the effect of the defect on the tile?,C,C
DS-MVTec/tile/image/glue_strip/016.png,Is there any defect in the object?,B,B
DS-MVTec/tile/image/glue_strip/016.png,There is a defect in the object. What is the type of the defect?,B,B
DS-MVTec/tile/image/glue_strip/016.png,There is a defect in the object. Where is the defect?,B,B
DS-MVTec/tile/image/glue_strip/016.png,There is a defect in the object. What is the appearance of the defect?,B,B
DS-MVTec/tile/image/glue_strip/016.png,There is a defect in the object. How does the defect’s appearance differ from the surrounding material?,C,A
DS-MVTec/tile/image/glue_strip/017.png,Is there any defect in the object?,B,B
DS-MVTec/tile/image/glue_strip/017.png,There is a defect in the object. What is the type of the defect?,B,A
DS-MVTec/tile/image/glue_strip/017.png,There is a defect in the object. Where is the defect?,B,B
DS-MVTec/tile/image/glue_strip/017.png,There is a defect in the object. What is the appearance of the defect?,C,C
DS-MVTec/tile/image/glue_strip/017.png,There is a defect in the object. What could be the effect of this defect?,C,C
DS-MVTec/tile/image/good/000.png,Is there any defect in the object?,A,A
DS-MVTec/tile/image/good/001.png,Is there any defect in the object?,B,B
DS-MVTec/tile/image/good/002.png,Is there any defect in the object?,A,A
DS-MVTec/tile/image/good/003.png,Is there any defect in the object?,B,B
DS-MVTec/tile/image/good/004.png,Is there any defect in the object?,B,B
DS-MVTec/tile/image/good/005.png,Is there any defect in the object?,A,A
DS-MVTec/tile/image/good/006.png,Is there any defect in the object?,B,B
DS-MVTec/tile/image/good/007.png,Is there any defect in the object?,B,B
DS-MVTec/tile/image/good/008.png,Is there any defect in the object?,B,B
DS-MVTec/tile/image/good/009.png,Is there any defect in the object?,B,B
DS-MVTec/tile/image/good/010.png,Is there any defect in the object?,B,B
DS-MVTec/tile/image/good/011.png,Is there any defect in the object?,B,B
DS-MVTec/tile/image/good/012.png,Is there any defect in the object?,A,A
DS-MVTec/tile/image/good/013.png,Is there any defect in the object?,B,B
DS-MVTec/tile/image/good/014.png,Is there any defect in the object?,A,A
DS-MVTec/tile/image/good/015.png,Is there any defect in the object?,A,A
DS-MVTec/tile/image/good/016.png,Is there any defect in the object?,A,A
DS-MVTec/tile/image/good/017.png,Is there any defect in the object?,B,B
DS-MVTec/tile/image/good/018.png,Is there any defect in the object?,B,B
DS-MVTec/tile/image/good/019.png,Is there any defect in the object?,A,A
DS-MVTec/tile/image/good/020.png,Is there any defect in the object?,B,B
DS-MVTec/tile/image/good/021.png,Is there any defect in the object?,A,A
DS-MVTec/tile/image/good/022.png,Is there any defect in the object?,B,B
DS-MVTec/tile/image/good/023.png,Is there any defect in the object?,A,A
DS-MVTec/tile/image/good/024.png,Is there any defect in the object?,B,B
DS-MVTec/tile/image/good/025.png,Is there any defect in the object?,B,B
DS-MVTec/tile/image/good/026.png,Is there any defect in the object?,A,A
DS-MVTec/tile/image/good/027.png,Is there any defect in the object?,B,B
DS-MVTec/tile/image/good/028.png,Is there any defect in the object?,B,B
DS-MVTec/tile/image/good/029.png,Is there any defect in the object?,A,A
DS-MVTec/tile/image/good/030.png,Is there any defect in the object?,A,A
DS-MVTec/tile/image/good/031.png,Is there any defect in the object?,A,A
DS-MVTec/tile/image/good/032.png,Is there any defect in the object?,B,B
DS-MVTec/tile/image/gray_stroke/000.png,Is there any defect in the object?,A,A
DS-MVTec/tile/image/gray_stroke/000.png,There is a defect in the object. What is the type of the defect?,A,A
DS-MVTec/tile/image/gray_stroke/000.png,There is a defect in the object. Where is the defect?,A,A
DS-MVTec/tile/image/gray_stroke/000.png,There is a defect in the object. What is the appearance of the defect?,D,D
DS-MVTec/tile/image/gray_stroke/000.png,There is a defect in the object. How does the defect contrast with the rest of the tile surface?,A,A
DS-MVTec/tile/image/gray_stroke/001.png,Is there any defect in the object?,A,A
DS-MVTec/tile/image/gray_stroke/001.png,There is a defect in the object. What is the type of the defect?,A,A
DS-MVTec/tile/image/gray_stroke/001.png,There is a defect in the object. Where is the defect?,D,D
DS-MVTec/tile/image/gray_stroke/001.png,There is a defect in the object. What is the appearance of the defect?,C,C
DS-MVTec/tile/image/gray_stroke/001.png,There is a defect in the object. What is the effect of the defect on the tile's overall appearance?,D,D
DS-MVTec/tile/image/gray_stroke/002.png,Is there any defect in the object?,B,B
DS-MVTec/tile/image/gray_stroke/002.png,There is a defect in the object. What is the type of the defect?,C,A
DS-MVTec/tile/image/gray_stroke/002.png,There is a defect in the object. Where is the defect?,C,C
DS-MVTec/tile/image/gray_stroke/002.png,There is a defect in the object. What is the appearance of the defect?,D,D
DS-MVTec/tile/image/gray_stroke/002.png,There is a defect in the object. How does the defect in the tile manifest itself?,A,A
DS-MVTec/tile/image/gray_stroke/003.png,Is there any defect in the object?,A,A
DS-MVTec/tile/image/gray_stroke/003.png,There is a defect in the object. What is the type of the defect?,C,B
DS-MVTec/tile/image/gray_stroke/003.png,There is a defect in the object. Where is the defect?,A,A
DS-MVTec/tile/image/gray_stroke/003.png,There is a defect in the object. What is the appearance of the defect?,C,C
DS-MVTec/tile/image/gray_stroke/003.png,There is a defect in the object. What effect does the defect have on the tile?,B,B
DS-MVTec/tile/image/gray_stroke/004.png,Is there any defect in the object?,A,A
DS-MVTec/tile/image/gray_stroke/004.png,There is a defect in the object. What is the type of the defect?,C,B
DS-MVTec/tile/image/gray_stroke/004.png,There is a defect in the object. Where is the defect?,B,B
DS-MVTec/tile/image/gray_stroke/004.png,There is a defect in the object. What is the appearance of the defect?,D,D
DS-MVTec/tile/image/gray_stroke/004.png,There is a defect in the object. How does the defect contrast with the rest of the tile surface?,C,C
DS-MVTec/tile/image/gray_stroke/005.png,Is there any defect in the object?,B,B
DS-MVTec/tile/image/gray_stroke/005.png,There is a defect in the object. What is the type of the defect?,B,B
DS-MVTec/tile/image/gray_stroke/005.png,There is a defect in the object. Where is the defect?,A,A
DS-MVTec/tile/image/gray_stroke/005.png,There is a defect in the object. What is the appearance of the defect?,A,B
DS-MVTec/tile/image/gray_stroke/005.png,There is a defect in the object. How does the defect affect the tile?,A,A
DS-MVTec/tile/image/gray_stroke/006.png,Is there any defect in the object?,A,A
DS-MVTec/tile/image/gray_stroke/006.png,There is a defect in the object. What is the type of defect?,D,A
DS-MVTec/tile/image/gray_stroke/006.png,There is a defect in the object. Where is the defect?,D,D
DS-MVTec/tile/image/gray_stroke/006.png,There is a defect in the object. What is the appearance of the defect?,B,B
DS-MVTec/tile/image/gray_stroke/006.png,"There is a defect in the object. Compared to the surrounding speckles, how does the defect stand out?",D,D
DS-MVTec/tile/image/gray_stroke/007.png,Is there any defect in the object?,A,A
DS-MVTec/tile/image/gray_stroke/007.png,There is a defect in the object. What is the type of the defect?,B,B
DS-MVTec/tile/image/gray_stroke/007.png,There is a defect in the object. Where is the defect?,B,B
DS-MVTec/tile/image/gray_stroke/007.png,There is a defect in the object. What is the appearance of the defect?,A,A
DS-MVTec/tile/image/gray_stroke/007.png,There is a defect in the object. How does the defect's edge compare to the surrounding pattern?,D,D
DS-MVTec/tile/image/gray_stroke/008.png,Is there any defect in the object?,B,B
DS-MVTec/tile/image/gray_stroke/008.png,There is a defect in the object. What is the type of the defect?,D,D
DS-MVTec/tile/image/gray_stroke/008.png,There is a defect in the object. Where is the defect?,A,B
DS-MVTec/tile/image/gray_stroke/008.png,There is a defect in the object. What is the appearance of the defect?,B,B
DS-MVTec/tile/image/gray_stroke/008.png,There is a defect in the object. What could be the potential cause of the defect?,B,B
DS-MVTec/tile/image/gray_stroke/009.png,Is there any defect in the object?,B,B
DS-MVTec/tile/image/gray_stroke/009.png,There is a defect in the object. What is the type of the defect?,D,C
DS-MVTec/tile/image/gray_stroke/009.png,There is a defect in the object. Where is the defect?,A,A
DS-MVTec/tile/image/gray_stroke/009.png,There is a defect in the object. What is the appearance of the defect?,C,C
DS-MVTec/tile/image/gray_stroke/009.png,There is a defect in the object. How does the defect affect the tile's appearance?,D,D
DS-MVTec/tile/image/gray_stroke/010.png,Is there any defect in the object?,B,B
DS-MVTec/tile/image/gray_stroke/010.png,There is a defect in the object. What is the type of the defect?,A,D
DS-MVTec/tile/image/gray_stroke/010.png,There is a defect in the object. Where is the defect?,B,B
DS-MVTec/tile/image/gray_stroke/010.png,There is a defect in the object. What is the appearance of the defect?,C,C
DS-MVTec/tile/image/gray_stroke/010.png,There is a defect in the object. How does the defect affect the object?,A,A
DS-MVTec/tile/image/gray_stroke/011.png,Is there any defect in the object?,A,A
DS-MVTec/tile/image/gray_stroke/011.png,There is a defect in the object. What is the type of the defect?,C,C
DS-MVTec/tile/image/gray_stroke/011.png,There is a defect in the object. Where is the defect?,B,B
DS-MVTec/tile/image/gray_stroke/011.png,There is a defect in the object. What is the appearance of the defect?,C,D
DS-MVTec/tile/image/gray_stroke/011.png,There is a defect in the object. What effect does the defect have on the tile's appearance?,B,B
DS-MVTec/tile/image/gray_stroke/012.png,Is there any defect in the object?,A,A
DS-MVTec/tile/image/gray_stroke/012.png,There is a defect in the object. What is the type of the defect?,D,D
DS-MVTec/tile/image/gray_stroke/012.png,There is a defect in the object. Where is the defect?,D,D
DS-MVTec/tile/image/gray_stroke/012.png,There is a defect in the object. What is the appearance of the defect?,B,D
DS-MVTec/tile/image/gray_stroke/012.png,There is a defect in the object. What effect does the defect have on the tile's appearance?,A,A
DS-MVTec/tile/image/gray_stroke/013.png,Is there any defect in the object?,B,B
DS-MVTec/tile/image/gray_stroke/013.png,There is a defect in the object. What is the type of the defect?,A,D
DS-MVTec/tile/image/gray_stroke/013.png,There is a defect in the object. Where is the defect?,D,D
DS-MVTec/tile/image/gray_stroke/013.png,There is a defect in the object. What is the appearance of the defect?,A,A
DS-MVTec/tile/image/gray_stroke/013.png,There is a defect in the object. What effect does the defect have on the tile?,B,B
DS-MVTec/tile/image/gray_stroke/014.png,Is there any defect in the object?,A,A
DS-MVTec/tile/image/gray_stroke/014.png,There is a defect in the object. What is the type of the defect?,A,A
DS-MVTec/tile/image/gray_stroke/014.png,There is a defect in the object. Where is the defect?,C,B
DS-MVTec/tile/image/gray_stroke/014.png,There is a defect in the object. What is the appearance of the defect?,C,C
DS-MVTec/tile/image/gray_stroke/014.png,There is a defect in the object. How does the defect compare to the surrounding tile pattern?,C,C
DS-MVTec/tile/image/gray_stroke/015.png,Is there any defect in the object?,A,A
DS-MVTec/tile/image/gray_stroke/015.png,There is a defect in the object. What is the type of the defect?,D,B
DS-MVTec/tile/image/gray_stroke/015.png,There is a defect in the object. Where is the defect?,A,B
DS-MVTec/tile/image/gray_stroke/015.png,There is a defect in the object. What is the appearance of the defect?,C,C
DS-MVTec/tile/image/gray_stroke/015.png,There is a defect in the object. What is the effect of the defect?,A,A
DS-MVTec/tile/image/oil/000.png,Is there any defect in the object?,B,B
DS-MVTec/tile/image/oil/000.png,There is a defect in the object. What is the type of the defect?,C,C
DS-MVTec/tile/image/oil/000.png,There is a defect in the object. Where is the defect?,C,A
DS-MVTec/tile/image/oil/000.png,There is a defect in the object. What is the appearance of the defect?,D,D
DS-MVTec/tile/image/oil/000.png,There is a defect in the object. What does the defect resemble?,B,B
DS-MVTec/tile/image/oil/001.png,Is there any defect in the object?,B,A
DS-MVTec/tile/image/oil/001.png,There is a defect in the object. What is the type of the defect?,C,A
DS-MVTec/tile/image/oil/001.png,There is a defect in the object. Where is the defect?,C,C
DS-MVTec/tile/image/oil/001.png,There is a defect in the object. What is the appearance of the defect?,C,C
DS-MVTec/tile/image/oil/001.png,There is a defect in the object. What does the defect resemble?,C,A
DS-MVTec/tile/image/oil/002.png,Is there any defect in the object?,B,A
DS-MVTec/tile/image/oil/002.png,There is a defect in the object. What is the type of the defect?,A,A
DS-MVTec/tile/image/oil/002.png,There is a defect in the object. Where is the defect?,D,D
DS-MVTec/tile/image/oil/002.png,There is a defect in the object. What is the appearance of the defect?,B,B
DS-MVTec/tile/image/oil/002.png,There is a defect in the object. What could be the effect of this defect on the tile?,C,C
DS-MVTec/tile/image/oil/003.png,Is there any defect in the object?,A,B
DS-MVTec/tile/image/oil/003.png,There is a defect in the object. What is the type of the defect?,A,C
DS-MVTec/tile/image/oil/003.png,There is a defect in the object. Where is the defect?,C,C
DS-MVTec/tile/image/oil/003.png,There is a defect in the object. What is the appearance of the defect?,D,D
DS-MVTec/tile/image/oil/003.png,There is a defect in the object. What color is the defect?,B,B
DS-MVTec/tile/image/oil/004.png,Is there any defect in the object?,A,A
DS-MVTec/tile/image/oil/004.png,There is a defect in the object. What is the type of the defect?,A,B
DS-MVTec/tile/image/oil/004.png,There is a defect in the object. Where is the defect?,C,C
DS-MVTec/tile/image/oil/004.png,There is a defect in the object. What is the appearance of the defect?,C,C
DS-MVTec/tile/image/oil/004.png,There is a defect in the object. What is the effect of the defect on the tile's appearance?,C,C
DS-MVTec/tile/image/oil/005.png,Is there any defect in the object?,B,B
DS-MVTec/tile/image/oil/005.png,There is a defect in the object. What is the type of the defect?,B,B
DS-MVTec/tile/image/oil/005.png,There is a defect in the object. Where is the defect?,B,B
DS-MVTec/tile/image/oil/005.png,There is a defect in the object. What is the appearance of the defect?,C,C
DS-MVTec/tile/image/oil/005.png,There is a defect in the object. What could the defect indicate?,B,B
DS-MVTec/tile/image/oil/006.png,Is there any defect in the object?,A,A
DS-MVTec/tile/image/oil/006.png,There is a defect in the object. What is the type of the defect?,C,C
DS-MVTec/tile/image/oil/006.png,There is a defect in the object. Where is the defect?,C,C
DS-MVTec/tile/image/oil/006.png,There is a defect in the object. What is the appearance of the defect?,A,A
DS-MVTec/tile/image/oil/006.png,"There is a defect in the object. Compared to the surrounding pattern, how does the defect stand out?",D,D
DS-MVTec/tile/image/oil/007.png,Is there any defect in the object?,B,B
DS-MVTec/tile/image/oil/007.png,There is a defect in the object. What is the type of the defect?,A,A
DS-MVTec/tile/image/oil/007.png,There is a defect in the object. Where is the defect?,A,A
DS-MVTec/tile/image/oil/007.png,There is a defect in the object. What is the appearance of the defect?,D,D
DS-MVTec/tile/image/oil/007.png,There is a defect in the object. How does the defect affect the tile?,A,A
DS-MVTec/tile/image/oil/008.png,Is there any defect in the object?,B,B
DS-MVTec/tile/image/oil/008.png,There is a defect in the object. What is the type of the defect?,A,A
DS-MVTec/tile/image/oil/008.png,There is a defect in the object. Where is the defect?,A,A
DS-MVTec/tile/image/oil/008.png,There is a defect in the object. What is the appearance of the defect?,B,B
DS-MVTec/tile/image/oil/008.png,There is a defect in the object. What effect does the defect have on the tile’s appearance?,C,C
DS-MVTec/tile/image/oil/009.png,Is there any defect in the object?,A,B
DS-MVTec/tile/image/oil/009.png,There is a defect in the object. What is the type of the defect?,C,C
DS-MVTec/tile/image/oil/009.png,There is a defect in the object. Where is the defect?,A,A
DS-MVTec/tile/image/oil/009.png,There is a defect in the object. What is the appearance of the defect?,D,D
DS-MVTec/tile/image/oil/009.png,There is a defect in the object. What does the defect suggest about the object?,A,A
DS-MVTec/tile/image/oil/010.png,Is there any defect in the object?,B,B
DS-MVTec/tile/image/oil/010.png,There is a defect in the object. What is the type of the defect?,C,C
DS-MVTec/tile/image/oil/010.png,There is a defect in the object. Where is the defect?,C,C
DS-MVTec/tile/image/oil/010.png,There is a defect in the object. What is the appearance of the defect?,A,A
DS-MVTec/tile/image/oil/010.png,There is a defect in the object. What could be the effect of the defect?,A,A
DS-MVTec/tile/image/oil/011.png,Is there any defect in the object?,B,B
DS-MVTec/tile/image/oil/011.png,There is a defect in the object. What is the type of the defect?,C,B
DS-MVTec/tile/image/oil/011.png,There is a defect in the object. Where is the defect?,D,D
DS-MVTec/tile/image/oil/011.png,There is a defect in the object. What is the appearance of the defect?,B,B
DS-MVTec/tile/image/oil/011.png,There is a defect in the object. How does the defect affect the tile's appearance?,D,D
DS-MVTec/tile/image/oil/012.png,Is there any defect in the object?,A,A
DS-MVTec/tile/image/oil/012.png,There is a defect in the object. What is the type of the defect?,D,D
DS-MVTec/tile/image/oil/012.png,There is a defect in the object. Where is the defect?,D,D
DS-MVTec/tile/image/oil/012.png,There is a defect in the object. What is the appearance of the defect?,C,C
DS-MVTec/tile/image/oil/012.png,There is a defect in the object. What effect does the defect have on the object's appearance?,B,B
DS-MVTec/tile/image/oil/013.png,Is there any defect in the object?,B,B
DS-MVTec/tile/image/oil/013.png,There is a defect in the object. What is the type of the defect?,A,B
DS-MVTec/tile/image/oil/013.png,There is a defect in the object. Where is the defect?,B,B
DS-MVTec/tile/image/oil/013.png,There is a defect in the object. What is the appearance of the defect?,D,D
DS-MVTec/tile/image/oil/013.png,There is a defect in the object. How does the defect contrast with the rest of the tile's surface?,B,B
DS-MVTec/tile/image/oil/014.png,Is there any defect in the object?,B,B
DS-MVTec/tile/image/oil/014.png,There is a defect in the object. What is the type of the defect?,A,A
DS-MVTec/tile/image/oil/014.png,There is a defect in the object. Where is the defect?,C,B
DS-MVTec/tile/image/oil/014.png,There is a defect in the object. What is the appearance of the defect?,D,D
DS-MVTec/tile/image/oil/014.png,There is a defect in the object. What effect does the defect have on the tile?,B,B
DS-MVTec/tile/image/oil/015.png,Is there any defect in the object?,B,B
DS-MVTec/tile/image/oil/015.png,There is a defect in the object. What is the type of the defect?,A,A
DS-MVTec/tile/image/oil/015.png,There is a defect in the object. Where is the defect?,A,A
DS-MVTec/tile/image/oil/015.png,There is a defect in the object. What is the appearance of the defect?,D,D
DS-MVTec/tile/image/oil/015.png,There is a defect in the object. What does the defect indicate?,A,A
DS-MVTec/tile/image/oil/016.png,Is there any defect in the object?,B,A
DS-MVTec/tile/image/oil/016.png,There is a defect in the object. What is the type of the defect?,C,C
DS-MVTec/tile/image/oil/016.png,There is a defect in the object. Where is the defect?,B,B
DS-MVTec/tile/image/oil/016.png,There is a defect in the object. What is the appearance of the defect?,C,C
DS-MVTec/tile/image/oil/016.png,There is a defect in the object. What effect does the defect have on the tile?,B,B
DS-MVTec/tile/image/oil/017.png,Is there any defect in the object?,B,A
DS-MVTec/tile/image/oil/017.png,There is a defect in the object. What is the type of the defect?,A,A
DS-MVTec/tile/image/oil/017.png,There is a defect in the object. Where is the defect?,B,D
DS-MVTec/tile/image/oil/017.png,There is a defect in the object. What is the appearance of the defect?,B,B
DS-MVTec/tile/image/oil/017.png,There is a defect in the object. What is the effect of the defect?,C,C
DS-MVTec/tile/image/rough/000.png,Is there any defect in the object?,A,A
DS-MVTec/tile/image/rough/000.png,There is a defect in the object. What is the type of the defect?,D,D
DS-MVTec/tile/image/rough/000.png,There is a defect in the object. Where is the defect?,C,C
DS-MVTec/tile/image/rough/000.png,There is a defect in the object. What is the appearance of the defect?,B,B
DS-MVTec/tile/image/rough/000.png,There is a defect in the object. How does the defect affect the tile's appearance as compared to the rest of the surface?,B,B
DS-MVTec/tile/image/rough/001.png,Is there any defect in the object?,B,B
DS-MVTec/tile/image/rough/001.png,There is a defect in the object. What is the type of the defect?,C,B
DS-MVTec/tile/image/rough/001.png,There is a defect in the object. Where is the defect?,C,C
DS-MVTec/tile/image/rough/001.png,There is a defect in the object. What is the appearance of the defect?,C,C
DS-MVTec/tile/image/rough/001.png,There is a defect in the object. What could be the effect of the defect?,A,A
DS-MVTec/tile/image/rough/002.png,Is there any defect in the object?,A,A
DS-MVTec/tile/image/rough/002.png,There is a defect in the object. What is the type of the defect?,B,D
DS-MVTec/tile/image/rough/002.png,There is a defect in the object. Where is the defect?,B,B
DS-MVTec/tile/image/rough/002.png,There is a defect in the object. What is the appearance of the defect?,D,D
DS-MVTec/tile/image/rough/002.png,There is a defect in the object. How does the defect affect the tile's pattern?,A,A
DS-MVTec/tile/image/rough/003.png,Is there any defect in the object?,A,A
DS-MVTec/tile/image/rough/003.png,There is a defect in the object. What is the type of the defect?,A,A
DS-MVTec/tile/image/rough/003.png,There is a defect in the object. Where is the defect?,C,C
DS-MVTec/tile/image/rough/003.png,There is a defect in the object. What is the appearance of the defect?,D,D
DS-MVTec/tile/image/rough/003.png,There is a defect in the object. How does the defect compare to the surrounding pattern?,B,A
DS-MVTec/tile/image/rough/004.png,Is there any defect in the object?,B,A
DS-MVTec/tile/image/rough/004.png,There is a defect in the object. What is the type of the defect?,B,B
DS-MVTec/tile/image/rough/004.png,There is a defect in the object. Where is the defect?,A,A
DS-MVTec/tile/image/rough/004.png,There is a defect in the object. What is the appearance of the defect?,C,C
DS-MVTec/tile/image/rough/004.png,"There is a defect in the object. Compared to the surrounding area, how does the defect differ?",B,B
DS-MVTec/tile/image/rough/005.png,Is there any defect in the object?,B,A
DS-MVTec/tile/image/rough/005.png,There is a defect in the object. What is the type of the defect?,C,C
DS-MVTec/tile/image/rough/005.png,There is a defect in the object. Where is the defect?,C,C
DS-MVTec/tile/image/rough/005.png,There is a defect in the object. What is the appearance of the defect?,B,B
DS-MVTec/tile/image/rough/005.png,There is a defect in the object. What could be the effect of the defect on the tile's quality?,B,B
DS-MVTec/tile/image/rough/006.png,Is there any defect in the object?,A,B
DS-MVTec/tile/image/rough/006.png,There is a defect in the object. What is the type of the defect?,A,A
DS-MVTec/tile/image/rough/006.png,There is a defect in the object. Where is the defect?,A,A
DS-MVTec/tile/image/rough/006.png,There is a defect in the object. What is the appearance of the defect?,B,B
DS-MVTec/tile/image/rough/006.png,There is a defect in the object. What effect does the defect have on the tile?,C,C
DS-MVTec/tile/image/rough/007.png,Is there any defect in the object?,B,A
DS-MVTec/tile/image/rough/007.png,There is a defect in the object. What is the type of the defect?,D,A
DS-MVTec/tile/image/rough/007.png,There is a defect in the object. Where is the defect?,C,C
DS-MVTec/tile/image/rough/007.png,There is a defect in the object. What is the appearance of the defect?,B,B
DS-MVTec/tile/image/rough/007.png,There is a defect in the object. What effect does the defect have on the tile?,D,D
DS-MVTec/tile/image/rough/008.png,Is there any defect in the object?,A,B
DS-MVTec/tile/image/rough/008.png,There is a defect in the object. What is the type of the defect?,C,D
DS-MVTec/tile/image/rough/008.png,There is a defect in the object. Where is the defect?,A,A
DS-MVTec/tile/image/rough/008.png,There is a defect in the object. What is the effect of the defect?,C,C
DS-MVTec/tile/image/rough/009.png,Is there any defect in the object?,B,B
DS-MVTec/tile/image/rough/009.png,There is a defect in the object. What is the type of the defect?,C,B
DS-MVTec/tile/image/rough/009.png,There is a defect in the object. Where is the defect?,B,B
DS-MVTec/tile/image/rough/009.png,There is a defect in the object. What is the appearance of the defect?,C,D
DS-MVTec/tile/image/rough/009.png,There is a defect in the object. What effect does the defect have on the tile's pattern?,C,C
DS-MVTec/tile/image/rough/010.png,Is there any defect in the object?,B,A
DS-MVTec/tile/image/rough/010.png,There is a defect in the object. What is the type of the defect?,D,A
DS-MVTec/tile/image/rough/010.png,There is a defect in the object. Where is the defect?,D,A
DS-MVTec/tile/image/rough/010.png,There is a defect in the object. What is the appearance of the defect?,B,B
DS-MVTec/tile/image/rough/010.png,There is a defect in the object. What effect can the defect have?,C,C
DS-MVTec/tile/image/rough/011.png,Is there any defect in the object?,A,A
DS-MVTec/tile/image/rough/011.png,There is a defect in the object. What is the type of the defect?,B,B
DS-MVTec/tile/image/rough/011.png,There is a defect in the object. Where is the defect?,D,D
DS-MVTec/tile/image/rough/011.png,There is a defect in the object. What is the appearance of the defect?,C,C
DS-MVTec/tile/image/rough/011.png,There is a defect in the object. What effect does the defect have on the object's appearance?,D,D
DS-MVTec/tile/image/rough/012.png,Is there any defect in the object?,B,A
DS-MVTec/tile/image/rough/012.png,There is a defect in the object. What is the type of the defect?,B,C
DS-MVTec/tile/image/rough/012.png,There is a defect in the object. Where is the defect?,C,C
DS-MVTec/tile/image/rough/012.png,There is a defect in the object. What is the appearance of the defect?,A,A
DS-MVTec/tile/image/rough/012.png,There is a defect in the object. What can be associated with the visibly different texture of the defect?,B,B
DS-MVTec/tile/image/rough/013.png,Is there any defect in the object?,B,B
DS-MVTec/tile/image/rough/013.png,There is a defect in the object. What is the type of the defect?,C,B
DS-MVTec/tile/image/rough/013.png,There is a defect in the object. Where is the defect?,B,B
DS-MVTec/tile/image/rough/013.png,There is a defect in the object. What is the appearance of the defect?,C,C
DS-MVTec/tile/image/rough/013.png,There is a defect in the object. What is the effect of the defect on the tile’s appearance?,D,D
DS-MVTec/tile/image/rough/014.png,Is there any defect in the object?,A,B
DS-MVTec/tile/image/rough/014.png,There is a defect in the object. What is the type of the defect?,B,B
DS-MVTec/tile/image/rough/014.png,There is a defect in the object. Where is the defect?,A,C
DS-MVTec/tile/image/rough/014.png,There is a defect in the object. What is the appearance of the defect?,B,B
DS-MVTec/tile/image/rough/014.png,"There is a defect in the object. Compared to the surrounding area, how does the roughened defect affect the tile’s surface uniformity?",D,D
DS-MVTec/toothbrush/image/defective/000.png,Is there any defect in the object?,B,B
DS-MVTec/toothbrush/image/defective/000.png,There is a defect in the object. What is the type of the defect?,B,C
DS-MVTec/toothbrush/image/defective/000.png,There is a defect in the object. Where is the defect?,A,A
DS-MVTec/toothbrush/image/defective/000.png,There is a defect in the object. What is the appearance of the defect?,D,D
DS-MVTec/toothbrush/image/defective/000.png,There is a defect in the object. What is the effect of the defect?,D,D
DS-MVTec/toothbrush/image/defective/001.png,Is there any defect in the object?,A,A
DS-MVTec/toothbrush/image/defective/001.png,There is a defect in the object. What is the type of the defect?,C,C
DS-MVTec/toothbrush/image/defective/001.png,There is a defect in the object. Where is the defect?,C,C
DS-MVTec/toothbrush/image/defective/001.png,There is a defect in the object. What is the appearance of the defect?,C,C
DS-MVTec/toothbrush/image/defective/001.png,There is a defect in the object. What is the effect of the defect?,D,D
DS-MVTec/toothbrush/image/defective/002.png,Is there any defect in the object?,A,A
DS-MVTec/toothbrush/image/defective/002.png,There is a defect in the object. What is the type of the defect?,C,C
DS-MVTec/toothbrush/image/defective/002.png,There is a defect in the object. Where is the defect?,A,A
DS-MVTec/toothbrush/image/defective/002.png,There is a defect in the object. What is the appearance of the defect?,A,A
DS-MVTec/toothbrush/image/defective/002.png,"There is a defect in the object. In addition to the missing bristle cluster, what other defect is visible on the toothbrush?",D,D
DS-MVTec/toothbrush/image/defective/003.png,Is there any defect in the object?,A,A
DS-MVTec/toothbrush/image/defective/003.png,There is a defect in the object. What is the type of the defect?,D,D
DS-MVTec/toothbrush/image/defective/003.png,There is a defect in the object. Where is the defect?,B,B
DS-MVTec/toothbrush/image/defective/003.png,There is a defect in the object. What is the appearance of the defect?,D,D
DS-MVTec/toothbrush/image/defective/003.png,There is a defect in the object. What is the effect of the defect?,C,C
DS-MVTec/toothbrush/image/defective/004.png,Is there any defect in the toothbrush?,A,A
DS-MVTec/toothbrush/image/defective/004.png,There is a defect in the object. What is the type of the defect?,B,B
DS-MVTec/toothbrush/image/defective/004.png,There is a defect in the object. Where is the defect?,D,D
DS-MVTec/toothbrush/image/defective/004.png,There is a defect in the object. What is the appearance of the defect?,A,A
DS-MVTec/toothbrush/image/defective/004.png,There are some defects in the object. Are there any additional defects present besides the discoloration?,A,A
DS-MVTec/toothbrush/image/defective/005.png,Is there any defect in the object?,B,B
DS-MVTec/toothbrush/image/defective/005.png,There is a defect in the object. What is the type of the defect?,A,A
DS-MVTec/toothbrush/image/defective/005.png,There is a defect in the object. Where is the defect?,C,C
DS-MVTec/toothbrush/image/defective/005.png,There is a defect in the object. What is the appearance of the defect?,D,D
DS-MVTec/toothbrush/image/defective/005.png,There is a defect in the object. What additional information is indicated about the defect?,D,D
DS-MVTec/toothbrush/image/defective/006.png,Is there any defect in the object?,A,B
DS-MVTec/toothbrush/image/defective/006.png,There is a defect in the object. What is the type of the defect?,C,B
DS-MVTec/toothbrush/image/defective/006.png,There is a defect in the object. Where is the defect?,A,C
DS-MVTec/toothbrush/image/defective/006.png,There is a defect in the object. What is the appearance of the defect?,B,B
DS-MVTec/toothbrush/image/defective/006.png,There is a defect in the object. What is the effect of the defect?,C,C
DS-MVTec/toothbrush/image/defective/007.png,Is there any defect in the object?,A,A
DS-MVTec/toothbrush/image/defective/007.png,There is a defect in the object. What is the type of the defect?,A,A
DS-MVTec/toothbrush/image/defective/007.png,There is a defect in the object. Where is the defect?,D,D
DS-MVTec/toothbrush/image/defective/007.png,There is a defect in the object. What is the appearance of the defect?,B,B
DS-MVTec/toothbrush/image/defective/007.png,There is a defect in the object. What effect might the defect have on the object?,D,D
DS-MVTec/toothbrush/image/defective/008.png,Is there any defect in the object?,B,B
DS-MVTec/toothbrush/image/defective/008.png,There is a defect in the object. What is the type of the defect?,A,B
DS-MVTec/toothbrush/image/defective/008.png,There is a defect in the object. Where is the defect?,A,B
DS-MVTec/toothbrush/image/defective/008.png,There is a defect in the object. What is the appearance of the defect?,D,D
DS-MVTec/toothbrush/image/defective/008.png,There is a defect in the object. What is the effect of the defect?,A,A
DS-MVTec/toothbrush/image/defective/009.png,Is there any defect in the toothbrush?,A,A
DS-MVTec/toothbrush/image/defective/009.png,There is a defect in the object. What is the type of the defect?,C,D
DS-MVTec/toothbrush/image/defective/009.png,There is a defect in the object. Where is the defect?,D,D
DS-MVTec/toothbrush/image/defective/009.png,There is a defect in the object. What is the appearance of the defect?,C,C
DS-MVTec/toothbrush/image/defective/009.png,There is a defect in the object. What is the effect of the defect?,B,B
DS-MVTec/toothbrush/image/defective/010.png,Is there any defect in the object?,A,A
DS-MVTec/toothbrush/image/defective/010.png,There is a defect in the object. What is the type of the defect?,A,C
DS-MVTec/toothbrush/image/defective/010.png,There is a defect in the object. Where is the defect?,C,C
DS-MVTec/toothbrush/image/defective/010.png,There is a defect in the object. What is the appearance of the defect?,A,A
DS-MVTec/toothbrush/image/defective/010.png,There is a defect in the object. What does the defect suggest about the toothbrush?,B,B
DS-MVTec/toothbrush/image/defective/011.png,Is there any defect in the toothbrush?,A,A
DS-MVTec/toothbrush/image/defective/011.png,There is a defect in the object. What is the type of the defect?,A,A
DS-MVTec/toothbrush/image/defective/011.png,There is a defect in the object. Where is the defect?,C,C
DS-MVTec/toothbrush/image/defective/011.png,There is a defect in the object. What is the appearance of the defect?,B,B
DS-MVTec/toothbrush/image/defective/011.png,There is a defect in the object. What is the effect of the defect?,A,A
DS-MVTec/toothbrush/image/defective/012.png,Is there any defect in the object?,A,A
DS-MVTec/toothbrush/image/defective/012.png,There is a defect in the object. What is the type of the defect?,A,A
DS-MVTec/toothbrush/image/defective/012.png,There is a defect in the object. Where is the defect?,C,C
DS-MVTec/toothbrush/image/defective/012.png,There is a defect in the object. What is the appearance of the defect?,B,B
DS-MVTec/toothbrush/image/defective/012.png,There is a defect in the object. What effect does the defect have?,B,B
DS-MVTec/toothbrush/image/defective/013.png,Is there any defect in the object?,B,B
DS-MVTec/toothbrush/image/defective/013.png,There is a defect in the object. What is the type of the defect?,B,C
DS-MVTec/toothbrush/image/defective/013.png,There is a defect in the object. Where is the defect?,B,B
DS-MVTec/toothbrush/image/defective/013.png,There is a defect in the object. What is the appearance of the defect?,D,D
DS-MVTec/toothbrush/image/defective/013.png,There is a defect in the object. What effect does the defect have on the toothbrush?,C,C
DS-MVTec/toothbrush/image/defective/014.png,Is there any defect in the object?,A,A
DS-MVTec/toothbrush/image/defective/014.png,There is a defect in the object. What is the type of the defect?,D,D
DS-MVTec/toothbrush/image/defective/014.png,There is a defect in the object. Where is the defect?,D,D
DS-MVTec/toothbrush/image/defective/014.png,There is a defect in the object. What is the appearance of the defect?,A,A
DS-MVTec/toothbrush/image/defective/014.png,There is a defect in the object. What is the additional anomaly present in the toothbrush?,C,C
DS-MVTec/toothbrush/image/defective/015.png,Is there any defect in the object?,A,A
DS-MVTec/toothbrush/image/defective/015.png,There is a defect in the object. What is the type of the defect?,B,A
DS-MVTec/toothbrush/image/defective/015.png,There is a defect in the object. Where is the defect?,A,A
DS-MVTec/toothbrush/image/defective/015.png,There is a defect in the object. What is the appearance of the defect?,D,D
DS-MVTec/toothbrush/image/defective/015.png,There is a defect in the object. What additional information can be provided on the defect?,B,B
DS-MVTec/toothbrush/image/defective/016.png,Is there any defect in the object?,B,B
DS-MVTec/toothbrush/image/defective/016.png,There are some defects in the object. How many types of defects are present?,C,C
DS-MVTec/toothbrush/image/defective/016.png,There are some defects in the object. Where are the defects located?,C,C
DS-MVTec/toothbrush/image/defective/016.png,There are some defects in the object. What are the appearances of the defects?,D,D
DS-MVTec/toothbrush/image/defective/016.png,There are some defects in the object. What is the effect of the defects on the toothbrush?,C,C
DS-MVTec/toothbrush/image/defective/017.png,Is there any defect in the object?,B,B
DS-MVTec/toothbrush/image/defective/017.png,There is a defect in the object. What is the type of the defect?,A,A
DS-MVTec/toothbrush/image/defective/017.png,There is a defect in the object. Where is the defect?,D,A
DS-MVTec/toothbrush/image/defective/017.png,There is a defect in the object. What is the appearance of the defect?,B,C
DS-MVTec/toothbrush/image/defective/017.png,There is a defect in the object. What is the effect of the defect?,B,B
DS-MVTec/toothbrush/image/defective/018.png,Is there any defect in the object?,A,A
DS-MVTec/toothbrush/image/defective/018.png,There is a defect in the object. What is the type of the defect?,C,C
DS-MVTec/toothbrush/image/defective/018.png,There is a defect in the object. Where is the defect?,D,A
DS-MVTec/toothbrush/image/defective/018.png,There is a defect in the object. What is the appearance of the defect?,A,A
DS-MVTec/toothbrush/image/defective/018.png,There is a defect in the object. What is the effect of the defect?,A,A
DS-MVTec/toothbrush/image/defective/019.png,Is there any defect in the object?,A,A
DS-MVTec/toothbrush/image/defective/019.png,There is a defect in the object. What is the type of the defect?,A,D
DS-MVTec/toothbrush/image/defective/019.png,There is a defect in the object. Where is the defect?,D,D
DS-MVTec/toothbrush/image/defective/019.png,There is a defect in the object. What is the appearance of the defect?,A,A
DS-MVTec/toothbrush/image/defective/019.png,There is a defect in the object. What is the effect of the defect?,C,C
DS-MVTec/toothbrush/image/defective/020.png,Is there any defect in the object?,B,B
DS-MVTec/toothbrush/image/defective/020.png,There is a defect in the object. What is the type of the defect?,B,A
DS-MVTec/toothbrush/image/defective/020.png,There is a defect in the object. Where is the defect?,B,B
DS-MVTec/toothbrush/image/defective/020.png,There is a defect in the object. What is the appearance of the defect?,C,C
DS-MVTec/toothbrush/image/defective/020.png,There is a defect in the object. What additional information can be provided about the defect?,D,D
DS-MVTec/toothbrush/image/defective/021.png,Is there any defect in the object?,A,A
DS-MVTec/toothbrush/image/defective/021.png,There is a defect in the object. What is the type of the defect?,C,C
DS-MVTec/toothbrush/image/defective/021.png,There is a defect in the object. Where is the defect?,A,A
DS-MVTec/toothbrush/image/defective/021.png,There is a defect in the object. What is the appearance of the defect?,D,D
DS-MVTec/toothbrush/image/defective/021.png,There is a defect in the object. What is a possible effect of the defect?,D,D
DS-MVTec/toothbrush/image/defective/022.png,Is there any defect in the object?,B,B
DS-MVTec/toothbrush/image/defective/022.png,There is a defect in the object. What is the type of the defect?,C,A
DS-MVTec/toothbrush/image/defective/022.png,There is a defect in the object. Where is the defect?,C,B
DS-MVTec/toothbrush/image/defective/022.png,There is a defect in the object. What is the appearance of the defect?,D,D
DS-MVTec/toothbrush/image/defective/022.png,There is a defect in the object. What effect does the defect likely have?,B,B
DS-MVTec/toothbrush/image/defective/023.png,Is there any defect in the object?,A,A
DS-MVTec/toothbrush/image/defective/023.png,There is a defect in the object. What is the type of the defect?,B,C
DS-MVTec/toothbrush/image/defective/023.png,There is a defect in the object. Where is the defect?,C,C
DS-MVTec/toothbrush/image/defective/023.png,There is a defect in the object. What is the appearance of the defect?,D,D
DS-MVTec/toothbrush/image/defective/023.png,There is a defect in the object. What effect does the defect have on the object?,A,A
DS-MVTec/toothbrush/image/defective/024.png,Is there any defect in the object?,A,A
DS-MVTec/toothbrush/image/defective/024.png,There is a defect in the object. What is the type of the defect?,D,B
DS-MVTec/toothbrush/image/defective/024.png,There is a defect in the object. Where is the defect?,B,D
DS-MVTec/toothbrush/image/defective/024.png,There is a defect in the object. What is the appearance of the defect?,D,D
DS-MVTec/toothbrush/image/defective/024.png,There is a defect in the object. What is the effect of the defect?,B,B
DS-MVTec/toothbrush/image/defective/025.png,Is there any defect in the object?,B,B
DS-MVTec/toothbrush/image/defective/025.png,There is a defect in the object. What is the type of the defect?,A,A
DS-MVTec/toothbrush/image/defective/025.png,There is a defect in the object. Where is the defect?,D,A
DS-MVTec/toothbrush/image/defective/025.png,There is a defect in the object. What is the appearance of the defect?,A,A
DS-MVTec/toothbrush/image/defective/025.png,There is a defect in the object. What is the effect of the defect?,C,C
DS-MVTec/toothbrush/image/defective/026.png,Is there any defect in the object?,B,B
DS-MVTec/toothbrush/image/defective/026.png,There is a defect in the object. What is the type of the defect?,D,C
DS-MVTec/toothbrush/image/defective/026.png,There is a defect in the object. Where is the defect?,C,A
DS-MVTec/toothbrush/image/defective/026.png,There is a defect in the object. What is the appearance of the defect?,D,D
DS-MVTec/toothbrush/image/defective/027.png,Is there any defect in the object?,B,A
DS-MVTec/toothbrush/image/defective/027.png,There is a defect in the object. What is the type of defect in the object?,D,D
DS-MVTec/toothbrush/image/defective/027.png,There is a defect in the object. Where is the defect located?,C,A
DS-MVTec/toothbrush/image/defective/027.png,There is a defect in the object. What is the appearance of the defect?,C,C
DS-MVTec/toothbrush/image/defective/027.png,There is a defect in the object. What is the additional area of concern on the toothbrush?,D,D
DS-MVTec/toothbrush/image/defective/028.png,Is there any defect in the object?,B,B
DS-MVTec/toothbrush/image/defective/028.png,There is a defect in the object. What is the type of the defect?,A,A
DS-MVTec/toothbrush/image/defective/028.png,There is a defect in the object. Where is the defect?,B,B
DS-MVTec/toothbrush/image/defective/028.png,There is a defect in the object. What is the appearance of the defect?,B,B
DS-MVTec/toothbrush/image/defective/028.png,There is a defect in the object. What additional defect is observed on the toothbrush head?,D,D
DS-MVTec/toothbrush/image/defective/029.png,Is there any defect in the object?,A,A
DS-MVTec/toothbrush/image/defective/029.png,There is a defect in the object. What is the type of the defect?,B,B
DS-MVTec/toothbrush/image/defective/029.png,There is a defect in the object. Where is the defect?,B,B
DS-MVTec/toothbrush/image/defective/029.png,There is a defect in the object. What is the appearance of the defect?,B,B
DS-MVTec/toothbrush/image/defective/029.png,There is a defect in the object. What could be the effect of the defect?,D,D
DS-MVTec/toothbrush/image/good/000.png,Is there any defect in the object?,B,B
DS-MVTec/toothbrush/image/good/001.png,Is there any defect in the object?,A,A
DS-MVTec/toothbrush/image/good/002.png,Is there any defect in the object?,A,A
DS-MVTec/toothbrush/image/good/003.png,Is there any defect in the object?,A,A
DS-MVTec/toothbrush/image/good/004.png,Is there any defect in the object?,A,A
DS-MVTec/toothbrush/image/good/005.png,Is there any defect in the object?,B,A
DS-MVTec/toothbrush/image/good/006.png,Is there any defect in the object?,A,A
DS-MVTec/toothbrush/image/good/007.png,Is there any defect in the object?,B,B
DS-MVTec/toothbrush/image/good/008.png,Is there any defect in the object?,B,B
DS-MVTec/toothbrush/image/good/009.png,Is there any defect in the object?,A,A
DS-MVTec/toothbrush/image/good/010.png,Is there any defect in the object?,A,A
DS-MVTec/toothbrush/image/good/011.png,Is there any defect in the object?,B,B
DS-MVTec/transistor/image/bent_lead/000.png,Is there any defect in the object?,A,A
DS-MVTec/transistor/image/bent_lead/000.png,There is a defect in the object. What is the type of the defect?,C,C
DS-MVTec/transistor/image/bent_lead/000.png,There is a defect in the object. Where is the defect?,D,A
DS-MVTec/transistor/image/bent_lead/000.png,There is a defect in the object. What is the appearance of the defect?,B,B
DS-MVTec/transistor/image/bent_lead/000.png,There is a defect in the object. What is the effect of the defect?,B,B
DS-MVTec/transistor/image/bent_lead/001.png,Is there any defect in the object?,B,B
DS-MVTec/transistor/image/bent_lead/001.png,There is a defect in the object. What is the type of the defect?,D,D
DS-MVTec/transistor/image/bent_lead/001.png,There is a defect in the object. Where is the defect?,B,B
DS-MVTec/transistor/image/bent_lead/001.png,There is a defect in the object. What is the appearance of the defect?,A,A
DS-MVTec/transistor/image/bent_lead/001.png,There is a defect in the object. What is the potential effect of the defect?,D,D
DS-MVTec/transistor/image/bent_lead/002.png,Is there any defect in the object?,B,B
DS-MVTec/transistor/image/bent_lead/002.png,There is a defect in the object. What is the type of the defect?,C,C
DS-MVTec/transistor/image/bent_lead/002.png,There is a defect in the object. Where is the defect?,D,D
DS-MVTec/transistor/image/bent_lead/002.png,There is a defect in the object. What is the appearance of the defect?,B,A
DS-MVTec/transistor/image/bent_lead/002.png,There is a defect in the object. What effect might the defect have on the transistor's function?,A,A
DS-MVTec/transistor/image/bent_lead/003.png,Is there any defect in the object?,A,A
DS-MVTec/transistor/image/bent_lead/003.png,There is a defect in the object. What is the type of the defect?,B,B
DS-MVTec/transistor/image/bent_lead/003.png,There is a defect in the object. Where is the defect?,A,A
DS-MVTec/transistor/image/bent_lead/003.png,There is a defect in the object. What is the appearance of the defect?,D,A
DS-MVTec/transistor/image/bent_lead/003.png,There is a defect in the object. What is the effect of the defect?,C,B
DS-MVTec/transistor/image/bent_lead/004.png,Is there any defect in the object?,A,A
DS-MVTec/transistor/image/bent_lead/004.png,There is a defect in the object. What is the type of the defect?,B,B
DS-MVTec/transistor/image/bent_lead/004.png,There is a defect in the object. Where is the defect?,D,C
DS-MVTec/transistor/image/bent_lead/004.png,There is a defect in the object. What is the appearance of the defect?,A,A
DS-MVTec/transistor/image/bent_lead/004.png,There is a defect in the object. Does the defect affect the uniformity of the component's structure?,B,B
DS-MVTec/transistor/image/bent_lead/005.png,Is there any defect in the object?,A,A
DS-MVTec/transistor/image/bent_lead/005.png,There is a defect in the object. What is the type of the defect?,A,A
DS-MVTec/transistor/image/bent_lead/005.png,There is a defect in the object. Where is the defect?,C,C
DS-MVTec/transistor/image/bent_lead/005.png,There is a defect in the object. What is the appearance of the defect?,A,A
DS-MVTec/transistor/image/bent_lead/005.png,There is a defect in the object. How might the defect affect the transistor?,B,B
DS-MVTec/transistor/image/bent_lead/006.png,Is there any defect in the object?,A,A
DS-MVTec/transistor/image/bent_lead/006.png,There is a defect in the object. What is the type of the defect?,A,A
DS-MVTec/transistor/image/bent_lead/006.png,There is a defect in the object. Where is the defect?,D,D
DS-MVTec/transistor/image/bent_lead/006.png,There is a defect in the object. What is the appearance of the defect?,D,D
DS-MVTec/transistor/image/bent_lead/006.png,There is a defect in the object. What is the impact of the defect?,A,A
DS-MVTec/transistor/image/bent_lead/007.png,Is there any defect in the object?,B,B
DS-MVTec/transistor/image/bent_lead/007.png,There is a defect in the object. What is the type of the defect?,D,D
DS-MVTec/transistor/image/bent_lead/007.png,There is a defect in the object. Where is the defect?,C,B
DS-MVTec/transistor/image/bent_lead/007.png,There is a defect in the object. What is the appearance of the defect?,D,D
DS-MVTec/transistor/image/bent_lead/007.png,There is a defect in the object. What is the effect of the defect?,D,D
DS-MVTec/transistor/image/bent_lead/008.png,Is there any defect in the object?,A,A
DS-MVTec/transistor/image/bent_lead/008.png,There is a defect in the object. What is the type of the defect?,A,A
DS-MVTec/transistor/image/bent_lead/008.png,There is a defect in the object. Where is the defect?,C,B
DS-MVTec/transistor/image/bent_lead/008.png,There is a defect in the object. What is the appearance of the defect?,B,B
DS-MVTec/transistor/image/bent_lead/008.png,There is a defect in the object. How does the defect affect the object?,B,B
DS-MVTec/transistor/image/bent_lead/009.png,Is there any defect in the object?,B,B
DS-MVTec/transistor/image/bent_lead/009.png,There is a defect in the object. What is the type of the defect?,B,B
DS-MVTec/transistor/image/bent_lead/009.png,There is a defect in the object. Where is the defect?,C,C
DS-MVTec/transistor/image/bent_lead/009.png,There is a defect in the object. What is the appearance of the defect?,B,B
DS-MVTec/transistor/image/bent_lead/009.png,There is a defect in the object. How might the defect potentially affect the transistor?,B,B
DS-MVTec/transistor/image/cut_lead/000.png,Is there any defect in the object?,A,A
DS-MVTec/transistor/image/cut_lead/000.png,There is a defect in the object. What is the type of the defect?,D,D
DS-MVTec/transistor/image/cut_lead/000.png,There is a defect in the object. Where is the defect?,A,A
DS-MVTec/transistor/image/cut_lead/000.png,There is a defect in the object. What is the appearance of the defect?,C,B
DS-MVTec/transistor/image/cut_lead/000.png,There is a defect in the object. What is the effect of the defect on the lead?,D,B
DS-MVTec/transistor/image/cut_lead/001.png,Is there any defect in the object?,A,A
DS-MVTec/transistor/image/cut_lead/001.png,There is a defect in the object. What is the type of the defect?,B,C
DS-MVTec/transistor/image/cut_lead/001.png,There is a defect in the object. Where is the defect?,A,A
DS-MVTec/transistor/image/cut_lead/001.png,There is a defect in the object. What is the appearance of the defect?,C,C
DS-MVTec/transistor/image/cut_lead/001.png,There is a defect in the object. What could be the effect of the defect on the transistor's function?,A,A
DS-MVTec/transistor/image/cut_lead/002.png,Is there any defect in the object?,B,B
DS-MVTec/transistor/image/cut_lead/002.png,There is a defect in the object. What is the type of the defect?,C,C
DS-MVTec/transistor/image/cut_lead/002.png,There is a defect in the object. Where is the defect?,C,B
DS-MVTec/transistor/image/cut_lead/002.png,There is a defect in the object. What is the appearance of the defect?,A,A
DS-MVTec/transistor/image/cut_lead/002.png,There is a defect in the object. What is the effect of the defect?,D,D
DS-MVTec/transistor/image/cut_lead/003.png,Is there any defect in the object?,A,A
DS-MVTec/transistor/image/cut_lead/003.png,There is a defect in the object. What is the type of the defect?,D,A
DS-MVTec/transistor/image/cut_lead/003.png,There is a defect in the object. Where is the defect?,D,B
DS-MVTec/transistor/image/cut_lead/003.png,There is a defect in the object. What is the appearance of the defect?,C,C
DS-MVTec/transistor/image/cut_lead/003.png,There is a defect in the object. How does the defect affect the transistor?,B,B
DS-MVTec/transistor/image/cut_lead/004.png,Is there any defect in the object?,B,B
DS-MVTec/transistor/image/cut_lead/004.png,There is a defect in the object. What is the type of the defect?,B,C
DS-MVTec/transistor/image/cut_lead/004.png,There is a defect in the object. Where is the defect?,D,D
DS-MVTec/transistor/image/cut_lead/004.png,There is a defect in the object. What is the appearance of the defect?,C,D
DS-MVTec/transistor/image/cut_lead/004.png,There is a defect in the object. What is the effect of the defect?,C,C
DS-MVTec/transistor/image/cut_lead/005.png,Is there any defect in the object?,B,B
DS-MVTec/transistor/image/cut_lead/005.png,There is a defect in the object. What is the type of the defect?,D,D
DS-MVTec/transistor/image/cut_lead/005.png,There is a defect in the object. Where is the defect?,A,C
DS-MVTec/transistor/image/cut_lead/005.png,There is a defect in the object. What is the appearance of the defect?,B,B
DS-MVTec/transistor/image/cut_lead/005.png,There is a defect in the object. What is the effect of the defect?,D,D
DS-MVTec/transistor/image/cut_lead/006.png,Is there any defect in the transistor?,A,A
DS-MVTec/transistor/image/cut_lead/006.png,There is a defect in the object. What is the type of the defect?,C,A
DS-MVTec/transistor/image/cut_lead/006.png,There is a defect in the object. Where is the defect located?,C,A
DS-MVTec/transistor/image/cut_lead/006.png,There is a defect in the object. What is the appearance of the defect?,A,A
DS-MVTec/transistor/image/cut_lead/006.png,There is a defect in the object. Do the other parts of the transistor appear to be intact?,A,A
DS-MVTec/transistor/image/cut_lead/007.png,Is there any defect in the object?,B,B
DS-MVTec/transistor/image/cut_lead/007.png,There is a defect in the object. What is the type of the defect?,A,A
DS-MVTec/transistor/image/cut_lead/007.png,There is a defect in the object. Where is the defect?,B,B
DS-MVTec/transistor/image/cut_lead/007.png,There is a defect in the object. What is the appearance of the defect?,D,D
DS-MVTec/transistor/image/cut_lead/007.png,There is a defect in the object. What could be the effect of the defect?,D,D
DS-MVTec/transistor/image/cut_lead/008.png,Is there any defect in the object?,B,B
DS-MVTec/transistor/image/cut_lead/008.png,There is a defect in the object. What is the type of the defect?,B,B
DS-MVTec/transistor/image/cut_lead/008.png,There is a defect in the object. Where is the defect?,A,A
DS-MVTec/transistor/image/cut_lead/008.png,There is a defect in the object. What is the appearance of the defect?,B,B
DS-MVTec/transistor/image/cut_lead/008.png,"There is a defect in the object. Compared to the normal sample, how does the defective lead appear?",D,D
DS-MVTec/transistor/image/cut_lead/009.png,Is there any defect in the object?,B,B
DS-MVTec/transistor/image/cut_lead/009.png,There is a defect in the object. What is the type of the defect?,B,B
DS-MVTec/transistor/image/cut_lead/009.png,There is a defect in the object. Where is the defect?,C,C
DS-MVTec/transistor/image/cut_lead/009.png,There is a defect in the object. What is the appearance of the defect?,B,B
DS-MVTec/transistor/image/cut_lead/009.png,There is a defect in the object. What is the effect of the defect?,C,C
DS-MVTec/transistor/image/damaged_case/000.png,Is there any defect in the object?,B,B
DS-MVTec/transistor/image/damaged_case/000.png,There is a defect in the object. What is the type of the defect?,B,B
DS-MVTec/transistor/image/damaged_case/000.png,There is a defect in the object. Where is the defect?,A,A
DS-MVTec/transistor/image/damaged_case/000.png,There is a defect in the object. What is the appearance of the defect?,A,A
DS-MVTec/transistor/image/damaged_case/000.png,There is a defect in the object. What effect does the defect have on the object's appearance?,B,B
DS-MVTec/transistor/image/damaged_case/001.png,Is there any defect in the object?,B,B
DS-MVTec/transistor/image/damaged_case/001.png,There is a defect in the object. What is the type of the defect?,A,A
DS-MVTec/transistor/image/damaged_case/001.png,There is a defect in the object. Where is the defect?,A,A
DS-MVTec/transistor/image/damaged_case/001.png,There is a defect in the object. What is the appearance of the defect?,C,D
DS-MVTec/transistor/image/damaged_case/001.png,There is a defect in the object. What is the effect of the defect?,D,D
DS-MVTec/transistor/image/damaged_case/002.png,Is there any defect in the object?,A,A
DS-MVTec/transistor/image/damaged_case/002.png,There is a defect in the object. What is the type of the defect?,C,C
DS-MVTec/transistor/image/damaged_case/002.png,There is a defect in the object. Where is the defect?,C,C
DS-MVTec/transistor/image/damaged_case/002.png,There is a defect in the object. What is the appearance of the defect?,B,B
DS-MVTec/transistor/image/damaged_case/002.png,There is a defect in the object. What is the effect of the defect?,A,A
DS-MVTec/transistor/image/damaged_case/003.png,Is there any defect in the object?,A,A
DS-MVTec/transistor/image/damaged_case/003.png,There is a defect in the object. What is the type of the defect?,C,C
DS-MVTec/transistor/image/damaged_case/003.png,There is a defect in the object. Where is the defect?,C,C
DS-MVTec/transistor/image/damaged_case/003.png,There is a defect in the object. What is the appearance of the defect?,B,B
DS-MVTec/transistor/image/damaged_case/003.png,There is a defect in the object. What is exposed due to the defect?,C,C
DS-MVTec/transistor/image/damaged_case/004.png,Is there any defect in the object?,A,A
DS-MVTec/transistor/image/damaged_case/004.png,There is a defect in the object. What is the type of the defect?,B,B
DS-MVTec/transistor/image/damaged_case/004.png,There is a defect in the object. Where is the defect?,A,A
DS-MVTec/transistor/image/damaged_case/004.png,There is a defect in the object. What is the appearance of the defect?,B,B
DS-MVTec/transistor/image/damaged_case/004.png,There is a defect in the object. What is the effect of the defect?,B,B
DS-MVTec/transistor/image/damaged_case/005.png,Is there any defect in the object?,A,A
DS-MVTec/transistor/image/damaged_case/005.png,There is a defect in the object. What is the type of the defect?,C,C
DS-MVTec/transistor/image/damaged_case/005.png,There is a defect in the object. Where is the defect?,C,C
DS-MVTec/transistor/image/damaged_case/005.png,There is a defect in the object. What is the appearance of the defect?,A,A
DS-MVTec/transistor/image/damaged_case/005.png,There is a defect in the object. What is the texture of the defect area compared to the normal surface?,B,B
DS-MVTec/transistor/image/damaged_case/006.png,Is there any defect in the object?,A,A
DS-MVTec/transistor/image/damaged_case/006.png,There is a defect in the object. What is the type of the defect?,C,C
DS-MVTec/transistor/image/damaged_case/006.png,There is a defect in the object. Where is the defect?,B,B
DS-MVTec/transistor/image/damaged_case/006.png,There is a defect in the object. What is the appearance of the defect?,B,C
DS-MVTec/transistor/image/damaged_case/006.png,There is a defect in the object. What is the effect of the defect?,B,B
DS-MVTec/transistor/image/damaged_case/007.png,Is there any defect in the object?,A,A
DS-MVTec/transistor/image/damaged_case/007.png,There is a defect in the object. What is the type of the defect?,C,A
DS-MVTec/transistor/image/damaged_case/007.png,There is a defect in the object. Where is the defect?,B,B
DS-MVTec/transistor/image/damaged_case/007.png,There is a defect in the object. What is the appearance of the defect?,D,D
DS-MVTec/transistor/image/damaged_case/007.png,There is a defect in the object. What could be the effect of the defect?,B,B
DS-MVTec/transistor/image/damaged_case/008.png,Is there any defect in the object?,B,B
DS-MVTec/transistor/image/damaged_case/008.png,There is a defect in the object. What is the type of the defect?,A,A
DS-MVTec/transistor/image/damaged_case/008.png,There is a defect in the object. Where is the defect?,A,A
DS-MVTec/transistor/image/damaged_case/008.png,There is a defect in the object. What is the appearance of the defect?,C,C
DS-MVTec/transistor/image/damaged_case/008.png,There is a defect in the object. How does the shape of the damaged area appear?,B,B
DS-MVTec/transistor/image/damaged_case/009.png,Is there any defect in the object?,B,B
DS-MVTec/transistor/image/damaged_case/009.png,There is a defect in the object. What is the type of the defect?,B,B
DS-MVTec/transistor/image/damaged_case/009.png,There is a defect in the object. Where is the defect?,C,C
DS-MVTec/transistor/image/damaged_case/009.png,There is a defect in the object. What is the appearance of the defect?,C,C
DS-MVTec/transistor/image/damaged_case/009.png,There is a defect in the object. What is the effect of the defect?,C,C
DS-MVTec/transistor/image/good/000.png,Is there any defect in the object?,A,B
DS-MVTec/transistor/image/good/001.png,Is there any defect in the object?,A,A
DS-MVTec/transistor/image/good/002.png,Is there any defect in the object?,B,A
DS-MVTec/transistor/image/good/003.png,Is there any defect in the object?,A,B
DS-MVTec/transistor/image/good/004.png,Is there any defect in the object?,B,A
DS-MVTec/transistor/image/good/005.png,Is there any defect in the object?,B,A
DS-MVTec/transistor/image/good/006.png,Is there any defect in the object?,A,B
DS-MVTec/transistor/image/good/007.png,Is there any defect in the object?,B,B
DS-MVTec/transistor/image/good/008.png,Is there any defect in the object?,A,A
DS-MVTec/transistor/image/good/009.png,Is there any defect in the object?,B,B
DS-MVTec/transistor/image/good/010.png,Is there any defect in the object?,B,A
DS-MVTec/transistor/image/good/011.png,Is there any defect in the object?,B,B
DS-MVTec/transistor/image/good/012.png,Is there any defect in the object?,A,B
DS-MVTec/transistor/image/good/013.png,Is there any defect in the object?,B,B
DS-MVTec/transistor/image/good/014.png,Is there any defect in the object?,A,B
DS-MVTec/transistor/image/good/015.png,Is there any defect in the object?,A,B
DS-MVTec/transistor/image/good/016.png,Is there any defect in the object?,B,B
DS-MVTec/transistor/image/good/017.png,Is there any defect in the object?,B,B
DS-MVTec/transistor/image/good/018.png,Is there any defect in the object?,B,A
DS-MVTec/transistor/image/good/019.png,Is there any defect in the object?,B,A
DS-MVTec/transistor/image/good/020.png,Is there any defect in the object?,A,B
DS-MVTec/transistor/image/good/021.png,Is there any defect in the object?,B,B
DS-MVTec/transistor/image/good/022.png,Is there any defect in the object?,B,A
DS-MVTec/transistor/image/good/023.png,Is there any defect in the object?,A,A
DS-MVTec/transistor/image/good/024.png,Is there any defect in the object?,B,A
DS-MVTec/transistor/image/good/025.png,Is there any defect in the object?,B,A
DS-MVTec/transistor/image/good/026.png,Is there any defect in the object?,A,A
DS-MVTec/transistor/image/good/027.png,Is there any defect in the object?,B,B
DS-MVTec/transistor/image/good/028.png,Is there any defect in the object?,B,A
DS-MVTec/transistor/image/good/029.png,Is there any defect in the object?,B,A
DS-MVTec/transistor/image/good/030.png,Is there any defect in the object?,B,B
DS-MVTec/transistor/image/good/031.png,Is there any defect in the object?,B,A
DS-MVTec/transistor/image/good/032.png,Is there any defect in the object?,B,A
DS-MVTec/transistor/image/good/033.png,Is there any defect in the object?,A,B
DS-MVTec/transistor/image/good/034.png,Is there any defect in the object?,B,B
DS-MVTec/transistor/image/good/035.png,Is there any defect in the object?,B,B
DS-MVTec/transistor/image/good/036.png,Is there any defect in the object?,A,B
DS-MVTec/transistor/image/good/037.png,Is there any defect in the object?,B,B
DS-MVTec/transistor/image/good/038.png,Is there any defect in the object?,B,A
DS-MVTec/transistor/image/good/039.png,Is there any defect in the object?,A,B
DS-MVTec/transistor/image/good/040.png,Is there any defect in the object?,A,B
DS-MVTec/transistor/image/good/041.png,Is there any defect in the object?,B,A
DS-MVTec/transistor/image/good/042.png,Is there any defect in the object?,B,B
DS-MVTec/transistor/image/good/043.png,Is there any defect in the object?,A,B
DS-MVTec/transistor/image/good/044.png,Is there any defect in the object?,A,B
DS-MVTec/transistor/image/good/045.png,Is there any defect in the object?,B,B
DS-MVTec/transistor/image/good/046.png,Is there any defect in the object?,A,B
DS-MVTec/transistor/image/good/047.png,Is there any defect in the object?,B,B
DS-MVTec/transistor/image/good/048.png,Is there any defect in the object?,B,A
DS-MVTec/transistor/image/good/049.png,Is there any defect in the object?,A,A
DS-MVTec/transistor/image/good/050.png,Is there any defect in the object?,A,B
DS-MVTec/transistor/image/good/051.png,Is there any defect in the object?,B,B
DS-MVTec/transistor/image/good/052.png,Is there any defect in the object?,B,B
DS-MVTec/transistor/image/good/053.png,Is there any defect in the object?,B,B
DS-MVTec/transistor/image/good/054.png,Is there any defect in the object?,B,B
DS-MVTec/transistor/image/good/055.png,Is there any defect in the object?,B,A
DS-MVTec/transistor/image/good/056.png,Is there any defect in the object?,A,B
DS-MVTec/transistor/image/good/057.png,Is there any defect in the object?,B,B
DS-MVTec/transistor/image/good/058.png,Is there any defect in the object?,A,B
DS-MVTec/transistor/image/good/059.png,Is there any defect in the object?,B,A
DS-MVTec/transistor/image/misplaced/000.png,Is there any defect in the object?,A,B
DS-MVTec/transistor/image/misplaced/000.png,There is a defect in the object. What is the type of the defect?,C,C
DS-MVTec/transistor/image/misplaced/000.png,There is a defect in the object. Where is the defect?,B,B
DS-MVTec/transistor/image/misplaced/000.png,There is a defect in the object. What is the appearance of the defect?,D,D
DS-MVTec/transistor/image/misplaced/000.png,There is a defect in the object. What is the potential effect of the defect?,A,A
DS-MVTec/transistor/image/misplaced/001.png,Is there any defect in the object?,B,B
DS-MVTec/transistor/image/misplaced/001.png,There is a defect in the object. What is the type of the defect?,B,D
DS-MVTec/transistor/image/misplaced/001.png,There is a defect in the object. Where is the defect?,D,D
DS-MVTec/transistor/image/misplaced/001.png,There is a defect in the object. What is the appearance of the defect?,C,D
DS-MVTec/transistor/image/misplaced/001.png,There is a defect in the object. What does the defect affect?,D,D
DS-MVTec/transistor/image/misplaced/002.png,Is there any defect in the object?,B,B
DS-MVTec/transistor/image/misplaced/002.png,There is a defect in the object. What is the type of the defect?,C,C
DS-MVTec/transistor/image/misplaced/002.png,There is a defect in the object. Where is the defect?,D,C
DS-MVTec/transistor/image/misplaced/002.png,There is a defect in the object. What is the appearance of the defect?,A,A
DS-MVTec/transistor/image/misplaced/002.png,There is a defect in the object. What is the effect of the defect?,D,D
DS-MVTec/transistor/image/misplaced/003.png,Is there any defect in the object?,B,B
DS-MVTec/transistor/image/misplaced/003.png,There is a defect in the object. What is the type of the defect?,C,C
DS-MVTec/transistor/image/misplaced/003.png,There is a defect in the object. Where is the defect?,A,A
DS-MVTec/transistor/image/misplaced/003.png,There is a defect in the object. What is the appearance of the defect?,C,C
DS-MVTec/transistor/image/misplaced/003.png,There is a defect in the object. What is the effect of the defect?,B,B
DS-MVTec/transistor/image/misplaced/004.png,Is there any defect in the object?,B,B
DS-MVTec/transistor/image/misplaced/004.png,There is a defect in the object. What is the type of the defect?,B,B
DS-MVTec/transistor/image/misplaced/004.png,There is a defect in the object. Where is the defect?,D,D
DS-MVTec/transistor/image/misplaced/004.png,There is a defect in the object. What is the appearance of the defect?,C,D
DS-MVTec/transistor/image/misplaced/004.png,There is a defect in the object. What could potentially be the effect of this defect?,B,B
DS-MVTec/transistor/image/misplaced/005.png,Is there any defect in the object?,B,A
DS-MVTec/transistor/image/misplaced/005.png,There is a defect in the object. What is the type of the defect?,D,B
DS-MVTec/transistor/image/misplaced/005.png,There is a defect in the object. Where is the defect?,B,B
DS-MVTec/transistor/image/misplaced/005.png,There is a defect in the object. What is the appearance of the defect?,B,B
DS-MVTec/transistor/image/misplaced/005.png,There is a defect in the object. What could be the effect of the defect?,C,C
DS-MVTec/transistor/image/misplaced/006.png,Is there any defect in the object?,B,B
DS-MVTec/transistor/image/misplaced/006.png,There is a defect in the object. What is the type of the defect?,A,A
DS-MVTec/transistor/image/misplaced/006.png,There is a defect in the object. Where is the defect?,C,B
DS-MVTec/transistor/image/misplaced/006.png,There is a defect in the object. What is the appearance of the defect?,C,A
DS-MVTec/transistor/image/misplaced/006.png,There is a defect in the object. How does the defect potentially affect the transistor's functionality?,A,A
DS-MVTec/transistor/image/misplaced/007.png,Is there any defect in the object?,B,B
DS-MVTec/transistor/image/misplaced/007.png,There is a defect in the object. What is the type of the defect?,D,A
DS-MVTec/transistor/image/misplaced/007.png,There is a defect in the object. Where is the defect?,B,A
DS-MVTec/transistor/image/misplaced/007.png,There is a defect in the object. What is the appearance of the defect?,C,C
DS-MVTec/transistor/image/misplaced/007.png,There is a defect in the object. What is the effect of the defect?,C,D
DS-MVTec/transistor/image/misplaced/008.png,Is there any defect in the object?,A,A
DS-MVTec/transistor/image/misplaced/008.png,There is a defect in the object. What is the type of the defect?,B,B
DS-MVTec/transistor/image/misplaced/008.png,There is a defect in the object. Where is the defect?,C,B
DS-MVTec/transistor/image/misplaced/008.png,There is a defect in the object. What is the appearance of the defect?,D,D
DS-MVTec/transistor/image/misplaced/008.png,There is a defect in the object. What is the likely effect of the defect?,A,A
DS-MVTec/transistor/image/misplaced/009.png,Is there any defect in the object?,B,B
DS-MVTec/transistor/image/misplaced/009.png,There is a defect in the object. What is the type of the defect?,B,B
DS-MVTec/transistor/image/misplaced/009.png,There is a defect in the object. Where is the defect?,A,A
DS-MVTec/transistor/image/misplaced/009.png,There is a defect in the object. What is the appearance of the defect?,C,B
DS-MVTec/transistor/image/misplaced/009.png,There is a defect in the object. What could be the effect of this defect?,C,C
DS-MVTec/wood/image/color/000.png,Is there any defect in the object?,B,B
DS-MVTec/wood/image/color/000.png,There is a defect in the object. What is the type of the defect?,B,C
DS-MVTec/wood/image/color/000.png,There is a defect in the object. Where is the defect?,D,B
DS-MVTec/wood/image/color/000.png,There is a defect in the object. What is the appearance of the defect?,B,B
DS-MVTec/wood/image/color/000.png,There is a defect in the object. What is the potential effect of the defect?,B,B
DS-MVTec/wood/image/color/001.png,Is there any defect in the object?,B,B
DS-MVTec/wood/image/color/001.png,There is a defect in the object. What is the type of the defect?,D,C
DS-MVTec/wood/image/color/001.png,There is a defect in the object. Where is the defect?,B,B
DS-MVTec/wood/image/color/001.png,There is a defect in the object. What is the appearance of the defect?,D,D
DS-MVTec/wood/image/color/001.png,There is a defect in the object. What could be the cause of the defect?,C,C
DS-MVTec/wood/image/color/002.png,Is there any defect in the object?,A,A
DS-MVTec/wood/image/color/002.png,There is a defect in the object. What is the type of the defect?,B,B
DS-MVTec/wood/image/color/002.png,There is a defect in the object. Where is the defect?,C,C
DS-MVTec/wood/image/color/002.png,There is a defect in the object. What is the appearance of the defect?,B,B
DS-MVTec/wood/image/color/002.png,There is a defect in the object. What is the effect of the defect on the wood veneer?,A,A
DS-MVTec/wood/image/color/003.png,Is there any defect in the object?,B,B
DS-MVTec/wood/image/color/003.png,There is a defect in the object. What is the type of the defect?,B,A
DS-MVTec/wood/image/color/003.png,There is a defect in the object. Where is the defect?,C,C
DS-MVTec/wood/image/color/003.png,There is a defect in the object. What is the appearance of the defect?,A,B
DS-MVTec/wood/image/color/003.png,There are some defects in the object. What effect do the defects have?,C,D
DS-MVTec/wood/image/color/004.png,Is there any defect in the object?,B,B
DS-MVTec/wood/image/color/004.png,There is a defect in the object. What is the type of the defect?,A,A
DS-MVTec/wood/image/color/004.png,There is a defect in the object. Where is the defect?,A,A
DS-MVTec/wood/image/color/004.png,There is a defect in the object. What is the appearance of the defect?,D,D
DS-MVTec/wood/image/color/004.png,There are some defects in the object. How do the defects stand out from the wood surface?,B,B
DS-MVTec/wood/image/color/005.png,Is there any defect in the object?,A,A
DS-MVTec/wood/image/color/005.png,There is a defect in the object. What is the type of the defect?,C,D
DS-MVTec/wood/image/color/005.png,There is a defect in the object. Where is the defect?,B,B
DS-MVTec/wood/image/color/005.png,There is a defect in the object. What is the appearance of the defect?,C,C
DS-MVTec/wood/image/color/005.png,There are some defects in the object. How many distinct defects are present in the image?,C,C
DS-MVTec/wood/image/color/006.png,Is there any defect in the object?,B,B
DS-MVTec/wood/image/color/006.png,There is a defect in the object. What is the type of the defect?,B,B
DS-MVTec/wood/image/color/006.png,There is a defect in the object. Where is the defect?,C,C
DS-MVTec/wood/image/color/006.png,There is a defect in the object. What is the appearance of the defect?,C,C
DS-MVTec/wood/image/color/006.png,There is a defect in the object. What is the effect of the defect on the wood grain pattern?,C,C
DS-MVTec/wood/image/color/007.png,Is there any defect in the object?,A,A
DS-MVTec/wood/image/color/007.png,There is a defect in the object. What is the type of the defect?,A,A
DS-MVTec/wood/image/color/007.png,There is a defect in the object. Where is the defect?,A,A
DS-MVTec/wood/image/color/007.png,There is a defect in the object. What is the appearance of the defect?,A,A
DS-MVTec/wood/image/color/007.png,There is a defect in the object. How does the defect affect the wood surface?,B,B
DS-MVTec/wood/image/combined/000.png,Is there any defect in the object?,A,A
DS-MVTec/wood/image/combined/000.png,There is a defect in the object. What is the type of the defect?,B,B
DS-MVTec/wood/image/combined/000.png,There is a defect in the object. Where is the defect?,B,B
DS-MVTec/wood/image/combined/000.png,There is a defect in the object. What is the appearance of the defect?,C,C
DS-MVTec/wood/image/combined/000.png,There are some defects in the object. What are the potential effects of these defects?,C,C
DS-MVTec/wood/image/combined/001.png,Is there any defect in the object?,B,B
DS-MVTec/wood/image/combined/001.png,There are some defects in the object. What is the type of the defects?,A,A
DS-MVTec/wood/image/combined/001.png,There are some defects in the object. Where are the defects located in the picture?,B,B
DS-MVTec/wood/image/combined/001.png,There are some defects in the object. What is the appearance of the defects?,B,B
DS-MVTec/wood/image/combined/001.png,There are some defects in the object. What could be the potential effect of these defects?,B,B
DS-MVTec/wood/image/combined/002.png,Is there any defect in the object?,B,B
DS-MVTec/wood/image/combined/002.png,There is a defect in the object. What is the type of the defect?,B,B
DS-MVTec/wood/image/combined/002.png,There is a defect in the object. Where are the defects in the picture?,A,D
DS-MVTec/wood/image/combined/002.png,There is a defect in the object. What is the appearance of the defects?,B,B
DS-MVTec/wood/image/combined/002.png,There is a defect in the object. What could be the potential effect of the defects?,A,A
DS-MVTec/wood/image/combined/003.png,Is there any defect in the object?,B,B
DS-MVTec/wood/image/combined/003.png,There are some defects in the object. What are the types of the defects?,D,D
DS-MVTec/wood/image/combined/003.png,There are some defects in the object. Where are the defects located in the picture?,C,A
DS-MVTec/wood/image/combined/003.png,There are some defects in the object. What is the appearance of the scratch?,B,B
DS-MVTec/wood/image/combined/003.png,There are some defects in the object. What is the effect of the cluster of markings or residue on the wood surface?,D,D
DS-MVTec/wood/image/combined/004.png,Is there any defect in the object?,A,A
DS-MVTec/wood/image/combined/004.png,There is a defect in the object. What is the type of the defect?,B,B
DS-MVTec/wood/image/combined/004.png,There is a defect in the object. Where is the defect?,B,B
DS-MVTec/wood/image/combined/004.png,There is a defect in the object. What is the appearance of the defect?,C,B
DS-MVTec/wood/image/combined/004.png,There are some defects in the object. What is the effect of these defects?,D,D
DS-MVTec/wood/image/combined/005.png,Is there any defect in the object?,A,A
DS-MVTec/wood/image/combined/005.png,There are some defects in the object. What are the types of the defects?,A,A
DS-MVTec/wood/image/combined/005.png,There are some defects in the object. Where are these defects in the picture?,B,A
DS-MVTec/wood/image/combined/005.png,There are some defects in the object. What is the appearance of the defects?,B,B
DS-MVTec/wood/image/combined/005.png,There are some defects in the object. What could be the effect of these defects?,A,A
DS-MVTec/wood/image/combined/006.png,Is there any defect in the object?,A,A
DS-MVTec/wood/image/combined/006.png,There are some defects in the object. What are the types of the defects?,B,B
DS-MVTec/wood/image/combined/006.png,There are some defects in the object. Where are these defects in the picture?,A,A
DS-MVTec/wood/image/combined/006.png,There are some defects in the object. What is the appearance of the defects?,D,D
DS-MVTec/wood/image/combined/006.png,There are some defects in the object. What could be the potential effect of these defects on the wood's suitability for certain applications?,B,B
DS-MVTec/wood/image/combined/007.png,Is there any defect in the object?,B,B
DS-MVTec/wood/image/combined/007.png,There are some defects in the object. What are the types of the defects?,B,D
DS-MVTec/wood/image/combined/007.png,There are some defects in the object. Where are these defects in the picture?,D,D
DS-MVTec/wood/image/combined/007.png,There are some defects in the object. What is the appearance of the defects?,B,B
DS-MVTec/wood/image/combined/007.png,There are some defects in the object. What could be the effect of these defects?,D,D
DS-MVTec/wood/image/combined/008.png,Is there any defect in the object?,B,B
DS-MVTec/wood/image/combined/008.png,There are some defects in the object. What types of defects are present?,C,C
DS-MVTec/wood/image/combined/008.png,There are some defects in the object. Where are these defects located in the picture?,D,D
DS-MVTec/wood/image/combined/008.png,There are some defects in the object. What is the appearance of the defects?,A,B
DS-MVTec/wood/image/combined/008.png,There are some defects in the object. What is the potential impact of these defects?,A,A
DS-MVTec/wood/image/combined/009.png,Is there any defect in the object?,B,B
DS-MVTec/wood/image/combined/009.png,There are some defects in the object. What are the types of the defects?,C,C
DS-MVTec/wood/image/combined/009.png,There are some defects in the object. Where are these defects in the picture?,A,A
DS-MVTec/wood/image/combined/009.png,There are some defects in the object. What is the appearance of the defects?,D,D
DS-MVTec/wood/image/combined/009.png,There are some defects in the object. What could be the potential effect of these defects?,D,D
DS-MVTec/wood/image/combined/010.png,Is there any defect in the object?,A,A
DS-MVTec/wood/image/combined/010.png,There are some defects in the object. What are the types of the defects?,A,A
DS-MVTec/wood/image/combined/010.png,There are some defects in the object. Where are these defects in the picture?,C,B
DS-MVTec/wood/image/combined/010.png,There are some defects in the object. What is the appearance of the defects?,C,C
DS-MVTec/wood/image/combined/010.png,There are some defects in the object. What could be the potential effect of these defects?,D,D
DS-MVTec/wood/image/good/000.png,Is there any defect in the object?,A,A
DS-MVTec/wood/image/good/001.png,Is there any defect in the object?,B,B
DS-MVTec/wood/image/good/002.png,Is there any defect in the object?,B,B
DS-MVTec/wood/image/good/003.png,Is there any defect in the object?,A,A
DS-MVTec/wood/image/good/004.png,Is there any defect in the object?,B,B
DS-MVTec/wood/image/good/005.png,Is there any defect in the object?,A,A
DS-MVTec/wood/image/good/006.png,Is there any defect in the object?,B,B
DS-MVTec/wood/image/good/007.png,Is there any defect in the object?,B,B
DS-MVTec/wood/image/good/008.png,Is there any defect in the object?,A,A
DS-MVTec/wood/image/good/009.png,Is there any defect in the object?,B,B
DS-MVTec/wood/image/good/010.png,Is there any defect in the object?,B,B
DS-MVTec/wood/image/good/011.png,Is there any defect in the object?,B,B
DS-MVTec/wood/image/good/012.png,Is there any defect in the object?,B,B
DS-MVTec/wood/image/good/013.png,Is there any defect in the object?,A,A
DS-MVTec/wood/image/good/014.png,Is there any defect in the object?,B,B
DS-MVTec/wood/image/good/015.png,Is there any defect in the object?,A,A
DS-MVTec/wood/image/good/016.png,Is there any defect in the object?,B,B
DS-MVTec/wood/image/good/017.png,Is there any defect in the object?,B,B
DS-MVTec/wood/image/good/018.png,Is there any defect in the object?,B,B
DS-MVTec/wood/image/hole/000.png,Is there any defect in the object?,B,B
DS-MVTec/wood/image/hole/000.png,There is a defect in the object. What is the type of the defect?,D,D
DS-MVTec/wood/image/hole/000.png,There is a defect in the object. Where is the defect?,C,B
DS-MVTec/wood/image/hole/000.png,There is a defect in the object. What is the appearance of the defect?,D,D
DS-MVTec/wood/image/hole/000.png,There are some defects in the object. What is the effect of the defects on the wooden surface?,B,B
DS-MVTec/wood/image/hole/001.png,Is there any defect in the object?,A,A
DS-MVTec/wood/image/hole/001.png,There is a defect in the object. What is the type of the defect?,C,C
DS-MVTec/wood/image/hole/001.png,There is a defect in the object. Where is the defect?,D,D
DS-MVTec/wood/image/hole/001.png,There is a defect in the object. What is the appearance of the defect?,C,D
DS-MVTec/wood/image/hole/001.png,There is a defect in the object. What is the potential effect of the defect on the wood?,C,C
DS-MVTec/wood/image/hole/002.png,Is there any defect in the object?,B,B
DS-MVTec/wood/image/hole/002.png,There is a defect in the object. What is the type of the defect?,D,D
DS-MVTec/wood/image/hole/002.png,There is a defect in the object. Where is the defect?,C,A
DS-MVTec/wood/image/hole/002.png,There is a defect in the object. What is the appearance of the defect?,B,B
DS-MVTec/wood/image/hole/002.png,There are some defects in the object. How are the defects aligned?,C,A
DS-MVTec/wood/image/hole/003.png,Is there any defect in the object?,B,B
DS-MVTec/wood/image/hole/003.png,There is a defect in the object. What is the type of the defect?,C,C
DS-MVTec/wood/image/hole/003.png,There is a defect in the object. Where is the defect?,B,B
DS-MVTec/wood/image/hole/003.png,There is a defect in the object. What is the appearance of the defect?,B,B
DS-MVTec/wood/image/hole/003.png,There are some defects in the object. How do the defects affect the object?,C,C
DS-MVTec/wood/image/hole/004.png,Is there any defect in the object?,B,B
DS-MVTec/wood/image/hole/004.png,There is a defect in the object. What is the type of the defect?,A,A
DS-MVTec/wood/image/hole/004.png,There is a defect in the object. Where is the defect?,C,C
DS-MVTec/wood/image/hole/004.png,There is a defect in the object. What is the appearance of the defect?,B,B
DS-MVTec/wood/image/hole/004.png,There is a defect in the object. What could be the effect of the defect on the wood?,D,D
DS-MVTec/wood/image/hole/005.png,Is there any defect in the object?,B,B
DS-MVTec/wood/image/hole/005.png,There is a defect in the object. What is the type of the defect?,C,C
DS-MVTec/wood/image/hole/005.png,There is a defect in the object. Where is the defect?,C,C
DS-MVTec/wood/image/hole/005.png,There is a defect in the object. What is the appearance of the defect?,C,C
DS-MVTec/wood/image/hole/005.png,There is a defect in the object. What is the effect of the defect on the wood's surface?,A,A
DS-MVTec/wood/image/hole/006.png,Is there any defect in the object?,A,A
DS-MVTec/wood/image/hole/006.png,There is a defect in the object. What is the type of the defect?,C,C
DS-MVTec/wood/image/hole/006.png,There is a defect in the object. Where is the defect?,D,D
DS-MVTec/wood/image/hole/006.png,There is a defect in the object. What is the appearance of the defect?,A,A
DS-MVTec/wood/image/hole/006.png,There is a defect in the object. What is the potential effect of the defect on the wood's integrity?,A,A
DS-MVTec/wood/image/hole/007.png,Is there any defect in the object?,B,B
DS-MVTec/wood/image/hole/007.png,There is a defect in the object. What is the type of the defect?,A,A
DS-MVTec/wood/image/hole/007.png,There is a defect in the object. Where is the defect?,C,C
DS-MVTec/wood/image/hole/007.png,There is a defect in the object. What is the appearance of the defect?,A,A
DS-MVTec/wood/image/hole/007.png,There is a defect in the object. What might be a possible cause for the defect?,C,C
DS-MVTec/wood/image/hole/008.png,Is there any defect in the object?,A,A
DS-MVTec/wood/image/hole/008.png,There is a defect in the object. What is the type of the defect?,B,B
DS-MVTec/wood/image/hole/008.png,There is a defect in the object. Where is the defect?,D,A
DS-MVTec/wood/image/hole/008.png,There is a defect in the object. What is the appearance of the defect?,B,B
DS-MVTec/wood/image/hole/008.png,There are some defects in the object. How many defects are there on the wood?,A,A
DS-MVTec/wood/image/hole/009.png,Is there any defect in the object?,A,A
DS-MVTec/wood/image/hole/009.png,There is a defect in the object. What is the type of the defect?,B,B
DS-MVTec/wood/image/hole/009.png,There is a defect in the object. Where is the defect?,D,D
DS-MVTec/wood/image/hole/009.png,There is a defect in the object. What is the appearance of the defect?,A,A
DS-MVTec/wood/image/liquid/000.png,Is there any defect in the object?,A,A
DS-MVTec/wood/image/liquid/000.png,There is a defect in the object. What is the type of the defect?,A,A
DS-MVTec/wood/image/liquid/000.png,There is a defect in the object. Where is the defect?,B,A
DS-MVTec/wood/image/liquid/000.png,There is a defect in the object. What is the appearance of the defect?,C,C
DS-MVTec/wood/image/liquid/001.png,Is there any defect in the object?,A,A
DS-MVTec/wood/image/liquid/001.png,There is a defect in the object. What is the type of the defect?,C,C
DS-MVTec/wood/image/liquid/001.png,There is a defect in the object. Where is the defect?,A,A
DS-MVTec/wood/image/liquid/001.png,There is a defect in the object. What is the appearance of the defect?,B,B
DS-MVTec/wood/image/liquid/001.png,There is a defect in the object. What could be the effect of the defect?,C,C
DS-MVTec/wood/image/liquid/002.png,Is there any defect in the object?,A,A
DS-MVTec/wood/image/liquid/002.png,There is a defect in the object. What is the type of the defect?,A,A
DS-MVTec/wood/image/liquid/002.png,There is a defect in the object. Where is the defect?,B,A
DS-MVTec/wood/image/liquid/002.png,There is a defect in the object. What is the appearance of the defect?,C,C
DS-MVTec/wood/image/liquid/002.png,There is a defect in the object. What is the likely cause of the anomalies?,C,C
DS-MVTec/wood/image/liquid/003.png,Is there any defect in the object?,A,A
DS-MVTec/wood/image/liquid/003.png,There is a defect in the object. What is the type of the defect?,B,B
DS-MVTec/wood/image/liquid/003.png,There is a defect in the object. Where is the defect?,D,D
DS-MVTec/wood/image/liquid/003.png,There is a defect in the object. What is the appearance of the defect?,C,C
DS-MVTec/wood/image/liquid/003.png,There is a defect in the object. What is the effect of the defect on the wood?,D,D
DS-MVTec/wood/image/liquid/004.png,Is there any defect in the object?,B,B
DS-MVTec/wood/image/liquid/004.png,There is a defect in the object. What is the type of the defect?,B,B
DS-MVTec/wood/image/liquid/004.png,There is a defect in the object. Where is the defect?,D,D
DS-MVTec/wood/image/liquid/004.png,There is a defect in the object. What is the appearance of the defect?,B,B
DS-MVTec/wood/image/liquid/004.png,There is a defect in the object. What is the effect of the defect on the wood?,B,B
DS-MVTec/wood/image/liquid/005.png,Is there any defect in the object?,B,B
DS-MVTec/wood/image/liquid/005.png,There is a defect in the object. What is the type of the defect?,D,D
DS-MVTec/wood/image/liquid/005.png,There is a defect in the object. Where is the defect?,C,C
DS-MVTec/wood/image/liquid/005.png,There is a defect in the object. What is the appearance of the defect?,A,A
DS-MVTec/wood/image/liquid/006.png,Is there any defect in the object?,B,B
DS-MVTec/wood/image/liquid/006.png,There is a defect in the object. What is the type of the defect?,C,C
DS-MVTec/wood/image/liquid/006.png,There is a defect in the object. Where is the defect?,C,A
DS-MVTec/wood/image/liquid/006.png,There is a defect in the object. What is the appearance of the defect?,D,A
DS-MVTec/wood/image/liquid/006.png,There is a defect in the object. What effect does the defect have on the wooden surface?,B,B
DS-MVTec/wood/image/liquid/007.png,Is there any defect in the object?,A,A
DS-MVTec/wood/image/liquid/007.png,There is a defect in the object. What is the type of the defect?,C,C
DS-MVTec/wood/image/liquid/007.png,There is a defect in the object. Where is the defect?,B,B
DS-MVTec/wood/image/liquid/007.png,There is a defect in the object. What is the appearance of the defect?,D,D
DS-MVTec/wood/image/liquid/007.png,There is a defect in the object. What is the shape of the defect?,A,A
DS-MVTec/wood/image/liquid/008.png,Is there any defect in the object?,A,A
DS-MVTec/wood/image/liquid/008.png,There is a defect in the object. What is the type of the defect?,C,C
DS-MVTec/wood/image/liquid/008.png,There is a defect in the object. Where is the defect?,C,C
DS-MVTec/wood/image/liquid/008.png,There is a defect in the object. What is the appearance of the defect?,A,A
DS-MVTec/wood/image/liquid/008.png,There is a defect in the object. What effect does the defect have on the wood's appearance?,D,A
DS-MVTec/wood/image/liquid/009.png,Is there any defect in the object?,A,A
DS-MVTec/wood/image/liquid/009.png,There is a defect in the object. What is the type of the defect?,C,C
DS-MVTec/wood/image/liquid/009.png,There is a defect in the object. Where is the defect?,C,C
DS-MVTec/wood/image/liquid/009.png,There is a defect in the object. What is the appearance of the defect?,A,A
DS-MVTec/wood/image/liquid/009.png,There is a defect in the object. What is the effect of the defect on the wood's appearance?,A,A
DS-MVTec/wood/image/scratch/000.png,Is there any defect in the object?,A,A
DS-MVTec/wood/image/scratch/000.png,There is a defect in the object. What is the type of the defect?,C,C
DS-MVTec/wood/image/scratch/000.png,There is a defect in the object. Where is the defect?,C,C
DS-MVTec/wood/image/scratch/000.png,There is a defect in the object. What is the appearance of the defect?,D,D
DS-MVTec/wood/image/scratch/000.png,There is a defect in the object. What effect does the defect have on the wood?,B,B
DS-MVTec/wood/image/scratch/001.png,Is there any defect in the object?,A,A
DS-MVTec/wood/image/scratch/001.png,There is a defect in the object. What is the type of the defect?,D,B
DS-MVTec/wood/image/scratch/001.png,There is a defect in the object. Where is the defect?,B,D
DS-MVTec/wood/image/scratch/001.png,There is a defect in the object. What is the appearance of the defect?,B,B
DS-MVTec/wood/image/scratch/001.png,There is a defect in the object. How does the defect affect the appearance of the wooden surface?,D,D
DS-MVTec/wood/image/scratch/002.png,Is there any defect in the object?,A,A
DS-MVTec/wood/image/scratch/002.png,There is a defect in the object. What is the type of the defect?,C,D
DS-MVTec/wood/image/scratch/002.png,There is a defect in the object. Where is the defect?,C,C
DS-MVTec/wood/image/scratch/002.png,There is a defect in the object. What is the appearance of the defect?,B,B
DS-MVTec/wood/image/scratch/002.png,There is a defect in the object. How does the scratch vary along its length?,D,D
DS-MVTec/wood/image/scratch/003.png,Is there any defect in the object?,B,B
DS-MVTec/wood/image/scratch/003.png,There is a defect in the object. What is the type of the defect?,C,C
DS-MVTec/wood/image/scratch/003.png,There is a defect in the object. Where is the defect?,A,D
DS-MVTec/wood/image/scratch/003.png,There is a defect in the object. What is the appearance of the defect?,C,C
DS-MVTec/wood/image/scratch/003.png,There is a defect in the object. How are the scratches positioned relative to each other?,D,B
DS-MVTec/wood/image/scratch/004.png,Is there any defect in the object?,A,A
DS-MVTec/wood/image/scratch/004.png,There is a defect in the object. What is the type of the defect?,C,C
DS-MVTec/wood/image/scratch/004.png,There is a defect in the object. Where is the defect?,B,B
DS-MVTec/wood/image/scratch/004.png,There is a defect in the object. What is the appearance of the defect?,D,D
DS-MVTec/wood/image/scratch/004.png,There is a defect in the object. What does the appearance of each scratch suggest about the defect's cause?,C,C
DS-MVTec/wood/image/scratch/005.png,Is there any defect in the object?,A,A
DS-MVTec/wood/image/scratch/005.png,There is a defect in the object. What is the type of the defect?,B,B
DS-MVTec/wood/image/scratch/005.png,There is a defect in the object. Where is the defect?,A,A
DS-MVTec/wood/image/scratch/005.png,There is a defect in the object. What is the appearance of the defect?,B,B
DS-MVTec/wood/image/scratch/005.png,There is a defect in the object. What is the effect of the defect on the wood's appearance?,B,B
DS-MVTec/wood/image/scratch/006.png,Is there any defect in the object?,B,B
DS-MVTec/wood/image/scratch/006.png,There is a defect in the object. What is the type of the defect?,C,C
DS-MVTec/wood/image/scratch/006.png,There is a defect in the object. What is the appearance of the defect?,B,B
DS-MVTec/wood/image/scratch/006.png,There is a defect in the object. What is the effect of the defect?,A,A
DS-MVTec/wood/image/scratch/007.png,Is there any defect in the object?,A,A
DS-MVTec/wood/image/scratch/007.png,There is a defect in the object. What is the type of the defect?,A,A
DS-MVTec/wood/image/scratch/007.png,There is a defect in the object. Where is the defect?,C,C
DS-MVTec/wood/image/scratch/007.png,There is a defect in the object. What is the appearance of the defect?,A,A
DS-MVTec/wood/image/scratch/007.png,There is a defect in the object. What is the effect of the defect on the wood's appearance?,C,C
DS-MVTec/wood/image/scratch/008.png,Is there any defect in the wood surface?,B,B
DS-MVTec/wood/image/scratch/008.png,There is a defect in the object. What is the type of the defect?,D,D
DS-MVTec/wood/image/scratch/008.png,There is a defect in the object. Where is the defect?,C,C
DS-MVTec/wood/image/scratch/008.png,There is a defect in the object. What is the appearance of the defect?,A,A
DS-MVTec/wood/image/scratch/008.png,There is a defect in the object. How might the defect have occurred?,D,D
DS-MVTec/wood/image/scratch/009.png,Is there any defect in the object?,B,B
DS-MVTec/wood/image/scratch/009.png,There is a defect in the object. What is the type of the defect?,A,A
DS-MVTec/wood/image/scratch/009.png,There is a defect in the object. Where is the defect?,A,A
DS-MVTec/wood/image/scratch/009.png,There is a defect in the object. What is the appearance of the defect?,B,D
DS-MVTec/wood/image/scratch/009.png,There is a defect in the object. Are there additional minor imperfections present near the main defect?,D,D
DS-MVTec/wood/image/scratch/010.png,Is there any defect in the object?,A,A
DS-MVTec/wood/image/scratch/010.png,There is a defect in the object. What is the type of the defect?,C,C
DS-MVTec/wood/image/scratch/010.png,There is a defect in the object. Where is the defect?,C,C
DS-MVTec/wood/image/scratch/010.png,There is a defect in the object. What is the appearance of the defect?,C,C
DS-MVTec/wood/image/scratch/010.png,There is a defect in the object. Is there more than one defect?,B,B
DS-MVTec/wood/image/scratch/011.png,Is there any defect in the object?,A,A
DS-MVTec/wood/image/scratch/011.png,There is a defect in the object. What is the type of the defect?,A,A
DS-MVTec/wood/image/scratch/011.png,There is a defect in the object. Where is the defect?,A,C
DS-MVTec/wood/image/scratch/011.png,There is a defect in the object. What is the appearance of the defect?,A,A
DS-MVTec/wood/image/scratch/011.png,There is a defect in the object. What is the effect of the defect?,A,A
DS-MVTec/wood/image/scratch/012.png,Is there any defect in the object?,A,A
DS-MVTec/wood/image/scratch/012.png,There is a defect in the object. What is the type of the defect?,D,D
DS-MVTec/wood/image/scratch/012.png,There is a defect in the object. Where is the defect?,B,B
DS-MVTec/wood/image/scratch/012.png,There is a defect in the object. What is the appearance of the defect?,D,D
DS-MVTec/wood/image/scratch/012.png,There is a defect in the object. How does the defect contrast with the normal pattern of the wood?,B,B
DS-MVTec/wood/image/scratch/013.png,Is there any defect in the object?,B,B
DS-MVTec/wood/image/scratch/013.png,There is a defect in the object. What is the type of the defect?,B,B
DS-MVTec/wood/image/scratch/013.png,There is a defect in the object. Where is the defect?,A,A
DS-MVTec/wood/image/scratch/013.png,There is a defect in the object. What is the appearance of the defect?,B,B
DS-MVTec/wood/image/scratch/013.png,There are some defects in the object. What effect do the defects have on the wooden surface?,D,D
DS-MVTec/wood/image/scratch/014.png,Is there any defect in the object?,A,A
DS-MVTec/wood/image/scratch/014.png,There is a defect in the object. What is the type of the defect?,C,C
DS-MVTec/wood/image/scratch/014.png,There is a defect in the object. Where is the defect?,D,D
DS-MVTec/wood/image/scratch/014.png,There is a defect in the object. What is the appearance of the defect?,C,C
DS-MVTec/wood/image/scratch/014.png,There is a defect in the object. How do the scratches compare in terms of size and shape?,B,B
DS-MVTec/wood/image/scratch/015.png,Is there any defect in the object?,B,B
DS-MVTec/wood/image/scratch/015.png,There is a defect in the object. What is the type of the defect?,D,D
DS-MVTec/wood/image/scratch/015.png,There is a defect in the object. Where is the defect?,D,B
DS-MVTec/wood/image/scratch/015.png,There is a defect in the object. What is the appearance of the defect?,C,C
DS-MVTec/wood/image/scratch/015.png,There are some defects in the object. What effect might the defects have on the wood?,B,B
DS-MVTec/wood/image/scratch/016.png,Is there any defect in the object?,B,B
DS-MVTec/wood/image/scratch/016.png,There is a defect in the object. What is the type of the defect?,C,C
DS-MVTec/wood/image/scratch/016.png,There is a defect in the object. Where is the defect?,A,A
DS-MVTec/wood/image/scratch/016.png,There is a defect in the object. What is the appearance of the defect?,D,D
DS-MVTec/wood/image/scratch/016.png,There is a defect in the object. What is the potential effect of the defect?,B,B
DS-MVTec/wood/image/scratch/017.png,Is there any defect in the object?,B,B
DS-MVTec/wood/image/scratch/017.png,There is a defect in the object. What is the type of the defect?,D,D
DS-MVTec/wood/image/scratch/017.png,There is a defect in the object. Where is the defect?,D,D
DS-MVTec/wood/image/scratch/017.png,There is a defect in the object. What is the appearance of the defect?,B,B
DS-MVTec/wood/image/scratch/017.png,There is a defect in the object. What is the effect of the defect on the wood's surface?,C,C
DS-MVTec/wood/image/scratch/018.png,Is there any defect in the object?,A,A
DS-MVTec/wood/image/scratch/018.png,There is a defect in the object. What is the type of the defect?,B,D
DS-MVTec/wood/image/scratch/018.png,There is a defect in the object. Where is the defect?,D,C
DS-MVTec/wood/image/scratch/018.png,There is a defect in the object. What is the appearance of the defect?,C,C
DS-MVTec/wood/image/scratch/018.png,There is a defect in the object. How does the defect affect the wood surface?,A,A
DS-MVTec/wood/image/scratch/019.png,Is there any defect in the object?,A,A
DS-MVTec/wood/image/scratch/019.png,There is a defect in the object. What is the type of the defect?,C,A
DS-MVTec/wood/image/scratch/019.png,There is a defect in the object. Where is the defect?,B,B
DS-MVTec/wood/image/scratch/019.png,There is a defect in the object. What is the appearance of the defect?,B,B
DS-MVTec/wood/image/scratch/019.png,There is a defect in the object. What is the effect of the defect?,D,D
DS-MVTec/wood/image/scratch/020.png,Is there any defect in the object?,B,B
DS-MVTec/wood/image/scratch/020.png,There is a defect in the object. What is the type of the defect?,A,A
DS-MVTec/wood/image/scratch/020.png,There is a defect in the object. Where is the defect?,A,A
DS-MVTec/wood/image/scratch/020.png,There is a defect in the object. What is the appearance of the defect?,A,A
DS-MVTec/wood/image/scratch/020.png,There is a defect in the object. How does the defect affect the wood surface?,D,D
DS-MVTec/zipper/image/broken_teeth/000.png,Is there any defect in the object?,B,A
DS-MVTec/zipper/image/broken_teeth/000.png,There is a defect in the object. What is the type of the defect?,B,B
DS-MVTec/zipper/image/broken_teeth/000.png,There is a defect in the object. Where is the defect?,C,A
DS-MVTec/zipper/image/broken_teeth/000.png,There is a defect in the object. What is the appearance of the defect?,C,C
DS-MVTec/zipper/image/broken_teeth/000.png,There is a defect in the object. What could potentially be the effect of the defect?,A,A
DS-MVTec/zipper/image/broken_teeth/001.png,Is there any defect in the object?,B,B
DS-MVTec/zipper/image/broken_teeth/001.png,There is a defect in the object. What is the type of the defect?,B,B
DS-MVTec/zipper/image/broken_teeth/001.png,There is a defect in the object. Where is the defect?,C,D
DS-MVTec/zipper/image/broken_teeth/001.png,There is a defect in the object. What is the appearance of the defect?,B,B
DS-MVTec/zipper/image/broken_teeth/001.png,There is a defect in the object. What is the effect of the defect?,D,A
DS-MVTec/zipper/image/broken_teeth/002.png,Is there any defect in the object?,A,A
DS-MVTec/zipper/image/broken_teeth/002.png,There is a defect in the object. What is the type of the defect?,A,A
DS-MVTec/zipper/image/broken_teeth/002.png,There is a defect in the object. Where is the defect?,D,D
DS-MVTec/zipper/image/broken_teeth/002.png,There is a defect in the object. What is the appearance of the defect?,D,D
DS-MVTec/zipper/image/broken_teeth/002.png,There is a defect in the object. What is the effect of the defect?,A,A
DS-MVTec/zipper/image/broken_teeth/003.png,Is there any defect in the object?,B,B
DS-MVTec/zipper/image/broken_teeth/003.png,There is a defect in the object. What is the type of the defect?,D,D
DS-MVTec/zipper/image/broken_teeth/003.png,There is a defect in the object. Where is the defect?,B,B
DS-MVTec/zipper/image/broken_teeth/003.png,There is a defect in the object. What is the appearance of the defect?,A,A
DS-MVTec/zipper/image/broken_teeth/003.png,There is a defect in the object. What is the potential effect of the defect?,C,C
DS-MVTec/zipper/image/broken_teeth/004.png,Is there any defect in the object?,A,A
DS-MVTec/zipper/image/broken_teeth/004.png,There is a defect in the object. What is the type of the defect?,C,A
DS-MVTec/zipper/image/broken_teeth/004.png,There is a defect in the object. Where is the defect?,B,B
DS-MVTec/zipper/image/broken_teeth/004.png,There is a defect in the object. What is the appearance of the defect?,C,C
DS-MVTec/zipper/image/broken_teeth/004.png,There is a defect in the object. What is the likely effect of the defect?,C,C
DS-MVTec/zipper/image/broken_teeth/005.png,Is there any defect in the object?,A,A
DS-MVTec/zipper/image/broken_teeth/005.png,There is a defect in the object. What is the type of the defect?,D,D
DS-MVTec/zipper/image/broken_teeth/005.png,There is a defect in the object. Where is the defect?,C,D
DS-MVTec/zipper/image/broken_teeth/005.png,There is a defect in the object. What is the appearance of the defect?,D,D
DS-MVTec/zipper/image/broken_teeth/005.png,There is a defect in the object. How does the defect affect the zipper?,D,D
DS-MVTec/zipper/image/broken_teeth/006.png,Is there any defect in the object?,B,B
DS-MVTec/zipper/image/broken_teeth/006.png,There is a defect in the object. What is the type of the defect?,D,B
DS-MVTec/zipper/image/broken_teeth/006.png,There is a defect in the object. Where is the defect?,A,A
DS-MVTec/zipper/image/broken_teeth/006.png,There is a defect in the object. What is the appearance of the defect?,C,C
DS-MVTec/zipper/image/broken_teeth/006.png,There is a defect in the object. What is the effect of the defect on the zipper?,B,B
DS-MVTec/zipper/image/broken_teeth/007.png,Is there any defect in the object?,A,A
DS-MVTec/zipper/image/broken_teeth/007.png,There is a defect in the object. What is the type of the defect?,A,A
DS-MVTec/zipper/image/broken_teeth/007.png,There is a defect in the object. Where is the defect?,C,C
DS-MVTec/zipper/image/broken_teeth/007.png,There is a defect in the object. What is the appearance of the defect?,B,B
DS-MVTec/zipper/image/broken_teeth/007.png,There is a defect in the object. What is the effect of the defect?,B,B
DS-MVTec/zipper/image/broken_teeth/008.png,Is there any defect in the object?,A,A
DS-MVTec/zipper/image/broken_teeth/008.png,There is a defect in the object. What is the type of the defect?,A,A
DS-MVTec/zipper/image/broken_teeth/008.png,There is a defect in the object. Where is the defect?,C,C
DS-MVTec/zipper/image/broken_teeth/008.png,There is a defect in the object. What is the appearance of the defect?,C,C
DS-MVTec/zipper/image/broken_teeth/008.png,There is a defect in the object. What is the effect of the defect?,A,A
DS-MVTec/zipper/image/broken_teeth/009.png,Is there any defect in the object?,A,B
DS-MVTec/zipper/image/broken_teeth/009.png,There is a defect in the object. What is the type of the defect?,A,D
DS-MVTec/zipper/image/broken_teeth/009.png,There is a defect in the object. Where is the defect?,A,C
DS-MVTec/zipper/image/broken_teeth/009.png,There is a defect in the object. What is the appearance of the defect?,B,B
DS-MVTec/zipper/image/broken_teeth/009.png,There is a defect in the object. What could be the effect of the defect on the object's functionality?,A,A
DS-MVTec/zipper/image/broken_teeth/010.png,Is there any defect in the object?,B,B
DS-MVTec/zipper/image/broken_teeth/010.png,There is a defect in the object. What is the type of the defect?,C,C
DS-MVTec/zipper/image/broken_teeth/010.png,There is a defect in the object. Where is the defect?,D,D
DS-MVTec/zipper/image/broken_teeth/010.png,There is a defect in the object. What is the appearance of the defect?,A,A
DS-MVTec/zipper/image/broken_teeth/010.png,There is a defect in the object. What is the potential effect of the defect?,D,D
DS-MVTec/zipper/image/broken_teeth/011.png,Is there any defect in the object?,A,A
DS-MVTec/zipper/image/broken_teeth/011.png,There is a defect in the object. What is the type of the defect?,C,C
DS-MVTec/zipper/image/broken_teeth/011.png,There is a defect in the object. Where is the defect?,B,B
DS-MVTec/zipper/image/broken_teeth/011.png,There is a defect in the object. What is the appearance of the defect?,C,C
DS-MVTec/zipper/image/broken_teeth/011.png,There is a defect in the object. What is the effect of the defect on the zipper?,D,D
DS-MVTec/zipper/image/broken_teeth/012.png,Is there any defect in the object?,B,B
DS-MVTec/zipper/image/broken_teeth/012.png,There is a defect in the object. What type of defect is present?,D,D
DS-MVTec/zipper/image/broken_teeth/012.png,There is a defect in the object. Where is the defect located?,C,C
DS-MVTec/zipper/image/broken_teeth/012.png,There is a defect in the object. What is the appearance of the defect?,C,C
DS-MVTec/zipper/image/broken_teeth/012.png,There is a defect in the object. What is the likely effect of the defect?,B,B
DS-MVTec/zipper/image/broken_teeth/013.png,Is there any defect in the object?,A,A
DS-MVTec/zipper/image/broken_teeth/013.png,There is a defect in the object. What is the type of the defect?,C,C
DS-MVTec/zipper/image/broken_teeth/013.png,There is a defect in the object. Where is the defect?,A,A
DS-MVTec/zipper/image/broken_teeth/013.png,There is a defect in the object. What is the appearance of the defect?,C,C
DS-MVTec/zipper/image/broken_teeth/013.png,There is a defect in the object. Is there any additional defect observed in the image?,A,C
DS-MVTec/zipper/image/broken_teeth/014.png,Is there any defect in the object?,B,B
DS-MVTec/zipper/image/broken_teeth/014.png,There is a defect in the object. What is the type of the defect?,C,C
DS-MVTec/zipper/image/broken_teeth/014.png,There is a defect in the object. Where is the defect?,C,C
DS-MVTec/zipper/image/broken_teeth/014.png,There is a defect in the object. What is the appearance of the defect?,D,D
DS-MVTec/zipper/image/broken_teeth/014.png,There is a defect in the object. What could be the effect of the defect?,C,C
DS-MVTec/zipper/image/broken_teeth/015.png,Is there any defect in the object?,A,B
DS-MVTec/zipper/image/broken_teeth/015.png,There is a defect in the object. What is the type of the defect?,C,C
DS-MVTec/zipper/image/broken_teeth/015.png,There is a defect in the object. Where is the defect?,D,D
DS-MVTec/zipper/image/broken_teeth/015.png,There is a defect in the object. What is the appearance of the defect?,C,C
DS-MVTec/zipper/image/broken_teeth/015.png,There is a defect in the object. What effect might the defect have on the functionality of the zipper?,D,D
DS-MVTec/zipper/image/broken_teeth/016.png,Is there any defect in the object?,A,A
DS-MVTec/zipper/image/broken_teeth/016.png,There is a defect in the object. What is the type of the defect?,C,C
DS-MVTec/zipper/image/broken_teeth/016.png,There is a defect in the object. Where is the defect?,D,D
DS-MVTec/zipper/image/broken_teeth/016.png,There is a defect in the object. What is the appearance of the defect?,D,D
DS-MVTec/zipper/image/broken_teeth/016.png,There is a defect in the object. What is the effect of the defect?,D,D
DS-MVTec/zipper/image/broken_teeth/017.png,Is there any defect in the object?,A,A
DS-MVTec/zipper/image/broken_teeth/017.png,There is a defect in the object. What is the type of the defect?,B,B
DS-MVTec/zipper/image/broken_teeth/017.png,There is a defect in the object. Where is the defect?,A,A
DS-MVTec/zipper/image/broken_teeth/017.png,There is a defect in the object. What is the appearance of the defect?,D,D
DS-MVTec/zipper/image/broken_teeth/017.png,There is a defect in the object. What could be the effect of the defect on the zipper's functionality?,D,D
DS-MVTec/zipper/image/broken_teeth/018.png,Is there any defect in the object?,A,A
DS-MVTec/zipper/image/broken_teeth/018.png,There is a defect in the object. What is the type of the defect?,C,C
DS-MVTec/zipper/image/broken_teeth/018.png,There is a defect in the object. Where is the defect?,A,A
DS-MVTec/zipper/image/broken_teeth/018.png,There is a defect in the object. What is the appearance of the defect?,B,B
DS-MVTec/zipper/image/broken_teeth/018.png,There is a defect in the object. What is the effect of the defect on the zipper?,B,B
DS-MVTec/zipper/image/combined/000.png,Is there any defect in the object?,A,B
DS-MVTec/zipper/image/combined/000.png,There is a defect in the object. What is the type of the defect?,B,B
DS-MVTec/zipper/image/combined/000.png,There is a defect in the object. Where is the defect?,D,D
DS-MVTec/zipper/image/combined/000.png,There is a defect in the object. What is the appearance of the defect?,A,A
DS-MVTec/zipper/image/combined/000.png,There is a defect in the object. What is the potential effect of the defect?,D,D
DS-MVTec/zipper/image/combined/001.png,Is there any defect in the object?,B,A
DS-MVTec/zipper/image/combined/001.png,There is a defect in the object. What is the type of the defect?,B,C
DS-MVTec/zipper/image/combined/001.png,There is a defect in the object. Where is the defect?,D,B
DS-MVTec/zipper/image/combined/001.png,There is a defect in the object. What is the appearance of the defect?,B,B
DS-MVTec/zipper/image/combined/001.png,There is a defect in the object. What is the effect of the defect on the zipper's function?,B,B
DS-MVTec/zipper/image/combined/002.png,Is there any defect in the object?,B,A
DS-MVTec/zipper/image/combined/002.png,There is a defect in the object. What is the type of the defect?,B,B
DS-MVTec/zipper/image/combined/002.png,There is a defect in the object. Where is the defect?,D,D
DS-MVTec/zipper/image/combined/002.png,There is a defect in the object. What is the appearance of the defect?,A,A
DS-MVTec/zipper/image/combined/002.png,There are some defects in the object. What could be the effect of these defects?,C,C
DS-MVTec/zipper/image/combined/003.png,Is there any defect in the object?,A,A
DS-MVTec/zipper/image/combined/003.png,There are some defects in the object. What are the types of the defects?,C,C
DS-MVTec/zipper/image/combined/003.png,There are some defects in the object. Where are these defects located in the picture?,C,C
DS-MVTec/zipper/image/combined/003.png,There are some defects in the object. What is the appearance of the defects?,C,C
DS-MVTec/zipper/image/combined/003.png,There are some defects in the object. What is the potential effect of these defects?,D,D
DS-MVTec/zipper/image/combined/004.png,Is there any defect in the object?,A,A
DS-MVTec/zipper/image/combined/004.png,There is a defect in the object. What type of defect is visible on the fabric border?,A,A
DS-MVTec/zipper/image/combined/004.png,There is a defect in the object. Where is the fabric interior defect located?,D,A
DS-MVTec/zipper/image/combined/004.png,There is a defect in the object. How does the zipper teeth defect appear?,D,D
DS-MVTec/zipper/image/combined/004.png,There are some defects in the object. What is the potential effect of the defects on the zipper?,A,A
DS-MVTec/zipper/image/combined/005.png,Is there any defect in the object?,A,A
DS-MVTec/zipper/image/combined/005.png,There is a defect in the object. What is the type of the defect?,D,D
DS-MVTec/zipper/image/combined/005.png,There is a defect in the object. Where is the defect?,A,C
DS-MVTec/zipper/image/combined/005.png,There is a defect in the object. What is the appearance of the defect?,C,C
DS-MVTec/zipper/image/combined/005.png,There are some defects in the object. What are the potential effects of these defects?,C,C
DS-MVTec/zipper/image/combined/006.png,Is there any defect in the object?,A,A
DS-MVTec/zipper/image/combined/006.png,There is a defect in the object. What is the type of the defect?,A,A
DS-MVTec/zipper/image/combined/006.png,There is a defect in the object. Where is the defect?,D,D
DS-MVTec/zipper/image/combined/006.png,There is a defect in the object. What is the appearance of the defect?,B,B
DS-MVTec/zipper/image/combined/006.png,There is a defect in the object. What is the effect of the defect?,C,C
DS-MVTec/zipper/image/combined/007.png,Is there any defect in the object?,B,B
DS-MVTec/zipper/image/combined/007.png,There is a defect in the object. What is the type of the defect?,A,A
DS-MVTec/zipper/image/combined/007.png,There is a defect in the object. Where is the defect?,B,A
DS-MVTec/zipper/image/combined/007.png,There is a defect in the object. What is the appearance of the defect?,A,B
DS-MVTec/zipper/image/combined/007.png,There are some defects in the object. What are the potential effects of these defects?,A,A
DS-MVTec/zipper/image/combined/008.png,Is there any defect in the object?,B,B
DS-MVTec/zipper/image/combined/008.png,There are some defects in the object. What are the types of the defects?,D,A
DS-MVTec/zipper/image/combined/008.png,There are some defects in the object. Where are these defects located in the picture?,D,D
DS-MVTec/zipper/image/combined/008.png,There are some defects in the object. What is the appearance of the defects?,B,B
DS-MVTec/zipper/image/combined/008.png,There are some defects in the object. What is the potential effect of these defects?,A,A
DS-MVTec/zipper/image/combined/009.png,Is there any defect in the object?,B,B
DS-MVTec/zipper/image/combined/009.png,There is a defect in the object. What is the type of the defect?,A,A
DS-MVTec/zipper/image/combined/009.png,There is a defect in the object. Where is the defect?,A,A
DS-MVTec/zipper/image/combined/009.png,There is a defect in the object. What is the appearance of the defect?,D,D
DS-MVTec/zipper/image/combined/009.png,There is a defect in the object. What is the effect of the defect?,B,B
DS-MVTec/zipper/image/combined/010.png,Is there any defect in the object?,B,B
DS-MVTec/zipper/image/combined/010.png,There is a defect in the object. What is the type of the defect?,B,C
DS-MVTec/zipper/image/combined/010.png,There is a defect in the object. Where is the defect?,B,B
DS-MVTec/zipper/image/combined/010.png,There is a defect in the object. What is the appearance of the defect?,B,B
DS-MVTec/zipper/image/combined/010.png,There is a defect in the object. What is the potential effect of the defect?,C,C
DS-MVTec/zipper/image/combined/011.png,Is there any defect in the object?,B,B
DS-MVTec/zipper/image/combined/011.png,There are some defects in the object. What are the types of the defects?,B,B
DS-MVTec/zipper/image/combined/011.png,There are some defects in the object. Where are these defects in the picture?,B,A
DS-MVTec/zipper/image/combined/011.png,There are some defects in the object. What is the appearance of the defects?,A,A
DS-MVTec/zipper/image/combined/011.png,There are some defects in the object. What could be the effect of these defects?,B,B
DS-MVTec/zipper/image/combined/012.png,Is there any defect in the object?,B,B
DS-MVTec/zipper/image/combined/012.png,There are some defects in the object. What type of defects are present?,A,A
DS-MVTec/zipper/image/combined/012.png,There are some defects in the object. Where are these defects located in the picture?,D,D
DS-MVTec/zipper/image/combined/012.png,There are some defects in the object. What is the appearance of the defects?,A,A
DS-MVTec/zipper/image/combined/012.png,There are some defects in the object. What could be the potential effect of these defects?,C,C
DS-MVTec/zipper/image/combined/013.png,Is there any defect in the object?,B,B
DS-MVTec/zipper/image/combined/013.png,There are some defects in the object. What are the types of the defects?,D,D
DS-MVTec/zipper/image/combined/013.png,There are some defects in the object. Where are these defects located in the picture?,A,C
DS-MVTec/zipper/image/combined/013.png,There are some defects in the object. What is the appearance of the defects?,C,C
DS-MVTec/zipper/image/combined/013.png,There are some defects in the object. What could be a potential effect of these defects?,B,B
DS-MVTec/zipper/image/combined/014.png,Is there any defect in the object?,B,B
DS-MVTec/zipper/image/combined/014.png,There is a defect in the object. What is the type of the defect?,A,D
DS-MVTec/zipper/image/combined/014.png,There is a defect in the object. Where is the defect?,B,C
DS-MVTec/zipper/image/combined/014.png,There is a defect in the object. What is the appearance of the defect?,D,D
DS-MVTec/zipper/image/combined/014.png,There are some defects in the object. What are the potential effects of these defects?,A,A
DS-MVTec/zipper/image/combined/015.png,Is there any defect in the object?,B,B
DS-MVTec/zipper/image/combined/015.png,There are some defects in the object. What are the types of the defects?,A,A
DS-MVTec/zipper/image/combined/015.png,There are some defects in the object. Where are these defects located in the picture?,D,D
DS-MVTec/zipper/image/combined/015.png,There are some defects in the object. What are the appearances of the defects?,C,C
DS-MVTec/zipper/image/combined/015.png,There are some defects in the object. What is the potential effect of these defects?,A,A
DS-MVTec/zipper/image/fabric_border/000.png,Is there any defect in the object?,A,A
DS-MVTec/zipper/image/fabric_border/000.png,There is a defect in the object. What is the type of the defect?,C,C
DS-MVTec/zipper/image/fabric_border/000.png,There is a defect in the object. Where is the defect?,A,A
DS-MVTec/zipper/image/fabric_border/000.png,There is a defect in the object. What is the appearance of the defect?,C,C
DS-MVTec/zipper/image/fabric_border/000.png,There is a defect in the object. What is the effect of the defect on the object?,A,A
DS-MVTec/zipper/image/fabric_border/001.png,Is there any defect in the object?,B,B
DS-MVTec/zipper/image/fabric_border/001.png,There is a defect in the object. What is the type of the defect?,C,C
DS-MVTec/zipper/image/fabric_border/001.png,There is a defect in the object. Where is the defect?,C,C
DS-MVTec/zipper/image/fabric_border/001.png,There is a defect in the object. What is the appearance of the defect?,B,B
DS-MVTec/zipper/image/fabric_border/001.png,There is a defect in the object. What could be the effect of the defect?,A,A
DS-MVTec/zipper/image/fabric_border/002.png,Is there any defect in the object?,A,A
DS-MVTec/zipper/image/fabric_border/002.png,There is a defect in the object. What is the type of the defect?,D,D
DS-MVTec/zipper/image/fabric_border/002.png,There is a defect in the object. Where is the defect?,B,B
DS-MVTec/zipper/image/fabric_border/002.png,There is a defect in the object. What is the appearance of the defect?,A,B
DS-MVTec/zipper/image/fabric_border/002.png,There is a defect in the object. What is the effect of the defect?,C,C
DS-MVTec/zipper/image/fabric_border/003.png,Is there any defect in the object?,A,A
DS-MVTec/zipper/image/fabric_border/003.png,There is a defect in the object. What is the type of the defect?,B,B
DS-MVTec/zipper/image/fabric_border/003.png,There is a defect in the object. Where is the defect?,D,D
DS-MVTec/zipper/image/fabric_border/003.png,There is a defect in the object. What is the appearance of the defect?,B,A
DS-MVTec/zipper/image/fabric_border/003.png,There is a defect in the object. What is the effect of the defect?,D,A
DS-MVTec/zipper/image/fabric_border/004.png,Is there any defect in the object?,A,A
DS-MVTec/zipper/image/fabric_border/004.png,There is a defect in the object. What is the type of the defect?,A,A
DS-MVTec/zipper/image/fabric_border/004.png,There is a defect in the object. Where is the defect?,D,D
DS-MVTec/zipper/image/fabric_border/004.png,There is a defect in the object. What is the appearance of the defect?,D,D
DS-MVTec/zipper/image/fabric_border/004.png,There is a defect in the object. What is the effect of the defect?,C,C
DS-MVTec/zipper/image/fabric_border/005.png,Is there any defect in the object?,B,B
DS-MVTec/zipper/image/fabric_border/005.png,There is a defect in the object. What is the type of the defect?,D,D
DS-MVTec/zipper/image/fabric_border/005.png,There is a defect in the object. Where is the defect?,A,B
DS-MVTec/zipper/image/fabric_border/005.png,There is a defect in the object. What is the appearance of the defect?,D,D
DS-MVTec/zipper/image/fabric_border/005.png,There is a defect in the object. What effect does the defect have on the zipper?,B,B
DS-MVTec/zipper/image/fabric_border/006.png,Is there any defect in the object?,A,A
DS-MVTec/zipper/image/fabric_border/006.png,There is a defect in the object. What is the type of the defect?,D,D
DS-MVTec/zipper/image/fabric_border/006.png,There is a defect in the object. Where is the defect?,C,C
DS-MVTec/zipper/image/fabric_border/006.png,There is a defect in the object. What is the appearance of the defect?,A,A
DS-MVTec/zipper/image/fabric_border/006.png,There is a defect in the object. What effect does the defect have on the object?,A,A
DS-MVTec/zipper/image/fabric_border/007.png,Is there any defect in the object?,B,B
DS-MVTec/zipper/image/fabric_border/007.png,There is a defect in the object. What is the type of the defect?,A,A
DS-MVTec/zipper/image/fabric_border/007.png,There is a defect in the object. Where is the defect?,C,B
DS-MVTec/zipper/image/fabric_border/007.png,There is a defect in the object. What is the appearance of the defect?,C,D
DS-MVTec/zipper/image/fabric_border/007.png,There is a defect in the object. What is the potential effect of the defect on the zipper?,B,B
DS-MVTec/zipper/image/fabric_border/008.png,Is there any defect in the object?,A,A
DS-MVTec/zipper/image/fabric_border/008.png,There is a defect in the object. What is the type of the defect?,D,D
DS-MVTec/zipper/image/fabric_border/008.png,There is a defect in the object. Where is the defect?,B,B
DS-MVTec/zipper/image/fabric_border/008.png,There is a defect in the object. What is the appearance of the defect?,B,B
DS-MVTec/zipper/image/fabric_border/008.png,There is a defect in the object. What effect might the defect have on the object?,A,A
DS-MVTec/zipper/image/fabric_border/009.png,Is there any defect in the object?,A,A
DS-MVTec/zipper/image/fabric_border/009.png,There is a defect in the object. What is the type of the defect?,C,C
DS-MVTec/zipper/image/fabric_border/009.png,There is a defect in the object. Where is the defect?,B,B
DS-MVTec/zipper/image/fabric_border/009.png,There is a defect in the object. What is the appearance of the defect?,B,B
DS-MVTec/zipper/image/fabric_border/009.png,There is a defect in the object. How many notable frays are there in the fabric?,B,B
DS-MVTec/zipper/image/fabric_border/010.png,Is there any defect in the object?,A,A
DS-MVTec/zipper/image/fabric_border/010.png,There is a defect in the object. What is the type of the defect?,D,D
DS-MVTec/zipper/image/fabric_border/010.png,There is a defect in the object. Where is the defect?,D,D
DS-MVTec/zipper/image/fabric_border/010.png,There is a defect in the object. What is the appearance of the defect?,A,A
DS-MVTec/zipper/image/fabric_border/010.png,There is a defect in the object. What effect can the defect have?,B,B
DS-MVTec/zipper/image/fabric_border/011.png,Is there any defect in the object?,A,A
DS-MVTec/zipper/image/fabric_border/011.png,There is a defect in the object. What is the type of the defect?,D,D
DS-MVTec/zipper/image/fabric_border/011.png,There is a defect in the object. Where is the defect?,A,C
DS-MVTec/zipper/image/fabric_border/011.png,There is a defect in the object. What is the appearance of the defect?,A,A
DS-MVTec/zipper/image/fabric_border/011.png,There is a defect in the object. What is the effect of the defect on the zipper?,C,C
DS-MVTec/zipper/image/fabric_border/012.png,Is there any defect in the object?,B,B
DS-MVTec/zipper/image/fabric_border/012.png,There is a defect in the object. What is the type of the defect?,C,C
DS-MVTec/zipper/image/fabric_border/012.png,There is a defect in the object. Where is the defect?,C,C
DS-MVTec/zipper/image/fabric_border/012.png,There is a defect in the object. What is the appearance of the defect?,A,A
DS-MVTec/zipper/image/fabric_border/012.png,There is a defect in the object. How many areas of defect are present on the fabric border of the zipper?,C,C
DS-MVTec/zipper/image/fabric_border/013.png,Is there any defect in the object?,A,A
DS-MVTec/zipper/image/fabric_border/013.png,There is a defect in the object. What is the type of the defect?,B,C
DS-MVTec/zipper/image/fabric_border/013.png,There is a defect in the object. Where is the defect?,D,D
DS-MVTec/zipper/image/fabric_border/013.png,There is a defect in the object. What is the appearance of the defect?,B,B
DS-MVTec/zipper/image/fabric_border/013.png,There is a defect in the object. What does the defect suggest about the material?,B,B
DS-MVTec/zipper/image/fabric_border/014.png,Is there any defect in the object?,A,A
DS-MVTec/zipper/image/fabric_border/014.png,There is a defect in the object. What is the type of the defect?,D,D
DS-MVTec/zipper/image/fabric_border/014.png,There is a defect in the object. Where is the defect?,C,C
DS-MVTec/zipper/image/fabric_border/014.png,There is a defect in the object. What is the appearance of the defect?,C,C
DS-MVTec/zipper/image/fabric_border/014.png,There is a defect in the object. What is the effect of the defect?,A,A
DS-MVTec/zipper/image/fabric_border/015.png,Is there any defect in the object?,A,A
DS-MVTec/zipper/image/fabric_border/015.png,There is a defect in the object. What is the type of the defect?,B,B
DS-MVTec/zipper/image/fabric_border/015.png,There is a defect in the object. Where is the defect?,B,B
DS-MVTec/zipper/image/fabric_border/015.png,There is a defect in the object. What is the appearance of the defect?,C,C
DS-MVTec/zipper/image/fabric_border/015.png,There is a defect in the object. What is the effect of the defect?,A,A
DS-MVTec/zipper/image/fabric_border/016.png,Is there any defect in the object?,A,A
DS-MVTec/zipper/image/fabric_border/016.png,There is a defect in the object. What is the type of the defect?,B,B
DS-MVTec/zipper/image/fabric_border/016.png,There is a defect in the object. Where is the defect?,A,A
DS-MVTec/zipper/image/fabric_border/016.png,There is a defect in the object. What is the appearance of the defect?,C,C
DS-MVTec/zipper/image/fabric_border/016.png,There is a defect in the object. What is the effect of the defect?,C,B
DS-MVTec/zipper/image/fabric_interior/000.png,Is there any defect in the object?,A,A
DS-MVTec/zipper/image/fabric_interior/000.png,There is a defect in the object. What is the type of the defect?,B,B
DS-MVTec/zipper/image/fabric_interior/000.png,There is a defect in the object. Where is the defect?,D,A
DS-MVTec/zipper/image/fabric_interior/000.png,There is a defect in the object. What is the appearance of the defect?,D,D
DS-MVTec/zipper/image/fabric_interior/000.png,There are some defects in the object. What effect do the defects have on the object?,C,C
DS-MVTec/zipper/image/fabric_interior/001.png,Is there any defect in the object?,B,B
DS-MVTec/zipper/image/fabric_interior/001.png,There is a defect in the object. What is the type of the defect?,C,C
DS-MVTec/zipper/image/fabric_interior/001.png,There is a defect in the object. Where is the defect?,B,B
DS-MVTec/zipper/image/fabric_interior/001.png,There is a defect in the object. What is the appearance of the defect?,B,A
DS-MVTec/zipper/image/fabric_interior/001.png,There is a defect in the object. How does the defect contrast against the rest of the fabric?,D,D
DS-MVTec/zipper/image/fabric_interior/002.png,Is there any defect in the object?,B,B
DS-MVTec/zipper/image/fabric_interior/002.png,There is a defect in the object. What is the type of the defect?,B,A
DS-MVTec/zipper/image/fabric_interior/002.png,There is a defect in the object. Where is the defect?,A,D
DS-MVTec/zipper/image/fabric_interior/002.png,There is a defect in the object. What is the appearance of the defect?,D,A
DS-MVTec/zipper/image/fabric_interior/002.png,"There is a defect in the object. Considering the defect's appearance, what is the likely effect on the fabric?",A,A
DS-MVTec/zipper/image/fabric_interior/003.png,Is there any defect in the object?,B,B
DS-MVTec/zipper/image/fabric_interior/003.png,There is a defect in the object. What is the type of the defect?,B,C
DS-MVTec/zipper/image/fabric_interior/003.png,There is a defect in the object. Where is the defect?,A,A
DS-MVTec/zipper/image/fabric_interior/003.png,There is a defect in the object. What is the appearance of the defect?,D,B
DS-MVTec/zipper/image/fabric_interior/003.png,There is a defect in the object. What is the effect of the defect on the fabric?,A,A
DS-MVTec/zipper/image/fabric_interior/004.png,Is there any defect in the object?,B,B
DS-MVTec/zipper/image/fabric_interior/004.png,There is a defect in the object. What is the type of the defect?,A,C
DS-MVTec/zipper/image/fabric_interior/004.png,There is a defect in the object. Where is the defect?,A,A
DS-MVTec/zipper/image/fabric_interior/004.png,There is a defect in the object. What is the appearance of the defect?,A,C
DS-MVTec/zipper/image/fabric_interior/004.png,There is a defect in the object. What might the appearance of the defect indicate?,C,C
DS-MVTec/zipper/image/fabric_interior/005.png,Is there any defect in the object?,B,B
DS-MVTec/zipper/image/fabric_interior/005.png,There is a defect in the object. What is the type of the defect?,B,D
DS-MVTec/zipper/image/fabric_interior/005.png,There is a defect in the object. Where is the defect?,A,A
DS-MVTec/zipper/image/fabric_interior/005.png,There is a defect in the object. What is the appearance of the defect?,B,A
DS-MVTec/zipper/image/fabric_interior/005.png,There is a defect in the object. What is the effect of the defect on the fabric?,D,D
DS-MVTec/zipper/image/fabric_interior/006.png,Is there any defect in the object?,A,A
DS-MVTec/zipper/image/fabric_interior/006.png,There is a defect in the object. What is the type of the defect?,B,B
DS-MVTec/zipper/image/fabric_interior/006.png,There is a defect in the object. Where is the defect?,D,D
DS-MVTec/zipper/image/fabric_interior/006.png,There is a defect in the object. What is the appearance of the defect?,D,D
DS-MVTec/zipper/image/fabric_interior/006.png,There is a defect in the object. What is the likely effect of the defect?,D,D
DS-MVTec/zipper/image/fabric_interior/007.png,Is there any defect in the object?,B,B
DS-MVTec/zipper/image/fabric_interior/007.png,There is a defect in the object. What is the type of the defect?,A,C
DS-MVTec/zipper/image/fabric_interior/007.png,There is a defect in the object. Where is the defect?,C,D
DS-MVTec/zipper/image/fabric_interior/007.png,There is a defect in the object. What is the appearance of the defect?,C,C
DS-MVTec/zipper/image/fabric_interior/007.png,There is a defect in the object. How is the fabric surrounding the defect area?,A,B
DS-MVTec/zipper/image/fabric_interior/008.png,Is there any defect in the object?,B,B
DS-MVTec/zipper/image/fabric_interior/008.png,There is a defect in the object. What is the type of the defect?,B,B
DS-MVTec/zipper/image/fabric_interior/008.png,There is a defect in the object. Where is the defect?,C,C
DS-MVTec/zipper/image/fabric_interior/008.png,There is a defect in the object. What is the appearance of the defect?,B,B
DS-MVTec/zipper/image/fabric_interior/008.png,There is a defect in the object. What effect might the defect have?,C,B
DS-MVTec/zipper/image/fabric_interior/009.png,Is there any defect in the object?,A,A
DS-MVTec/zipper/image/fabric_interior/009.png,There is a defect in the object. What is the type of the defect?,A,B
DS-MVTec/zipper/image/fabric_interior/009.png,There is a defect in the object. Where is the defect?,A,A
DS-MVTec/zipper/image/fabric_interior/009.png,There is a defect in the object. What is the appearance of the defect?,B,A
DS-MVTec/zipper/image/fabric_interior/009.png,There is a defect in the object. What is the effect of the defect?,D,D
DS-MVTec/zipper/image/fabric_interior/010.png,Is there any defect in the object?,B,B
DS-MVTec/zipper/image/fabric_interior/010.png,There is a defect in the object. What is the type of the defect?,D,C
DS-MVTec/zipper/image/fabric_interior/010.png,There is a defect in the object. Where is the defect?,C,C
DS-MVTec/zipper/image/fabric_interior/010.png,There is a defect in the object. What is the appearance of the defect?,B,B
DS-MVTec/zipper/image/fabric_interior/010.png,There is a defect in the object. What effect does the defect have on the object?,B,B
DS-MVTec/zipper/image/fabric_interior/011.png,Is there any defect in the object?,A,A
DS-MVTec/zipper/image/fabric_interior/011.png,There is a defect in the object. What is the type of the defect?,B,D
DS-MVTec/zipper/image/fabric_interior/011.png,There is a defect in the object. Where is the defect?,A,B
DS-MVTec/zipper/image/fabric_interior/011.png,There is a defect in the object. What is the appearance of the defect?,C,A
DS-MVTec/zipper/image/fabric_interior/011.png,There is a defect in the object. What is the effect of the defect?,D,D
DS-MVTec/zipper/image/fabric_interior/012.png,Is there any defect in the object?,A,A
DS-MVTec/zipper/image/fabric_interior/012.png,There is a defect in the object. What is the type of the defect?,C,D
DS-MVTec/zipper/image/fabric_interior/012.png,There is a defect in the object. Where is the defect?,C,B
DS-MVTec/zipper/image/fabric_interior/012.png,There is a defect in the object. What is the appearance of the defect?,C,C
DS-MVTec/zipper/image/fabric_interior/012.png,There is a defect in the object. What could be the effect of the defect?,B,B
DS-MVTec/zipper/image/fabric_interior/013.png,Is there any defect in the object?,B,B
DS-MVTec/zipper/image/fabric_interior/013.png,There is a defect in the object. What is the type of the defect?,D,C
DS-MVTec/zipper/image/fabric_interior/013.png,There are some defects in the object. Where are the defects?,A,D
DS-MVTec/zipper/image/fabric_interior/013.png,There is a defect in the object. What is the appearance of the defect?,D,D
DS-MVTec/zipper/image/fabric_interior/013.png,There are some defects in the object. How many defects are present?,B,B
DS-MVTec/zipper/image/fabric_interior/014.png,Is there any defect in the object?,A,A
DS-MVTec/zipper/image/fabric_interior/014.png,There is a defect in the object. What is the type of the defect?,A,B
DS-MVTec/zipper/image/fabric_interior/014.png,There is a defect in the object. Where is the defect?,A,A
DS-MVTec/zipper/image/fabric_interior/014.png,There is a defect in the object. What is the appearance of the defect?,D,D
DS-MVTec/zipper/image/fabric_interior/014.png,There is a defect in the object. Does the defect affect the functionality of the zipper?,C,C
DS-MVTec/zipper/image/fabric_interior/015.png,Is there any defect in the object?,B,B
DS-MVTec/zipper/image/fabric_interior/015.png,There is a defect in the object. What is the type of the defect?,D,D
DS-MVTec/zipper/image/fabric_interior/015.png,There is a defect in the object. Where is the defect?,D,D
DS-MVTec/zipper/image/fabric_interior/015.png,There is a defect in the object. What is the appearance of the defect?,D,D
DS-MVTec/zipper/image/fabric_interior/015.png,There is a defect in the object. What is the effect of the defect on the zipper?,D,D
DS-MVTec/zipper/image/good/000.png,Is there any defect in the object?,A,A
DS-MVTec/zipper/image/good/001.png,Is there any defect in the object?,B,B
DS-MVTec/zipper/image/good/002.png,Is there any defect in the object?,B,B
DS-MVTec/zipper/image/good/003.png,Is there any defect in the object?,B,A
DS-MVTec/zipper/image/good/004.png,Is there any defect in the object?,B,B
DS-MVTec/zipper/image/good/005.png,Is there any defect in the object?,B,B
DS-MVTec/zipper/image/good/006.png,Is there any defect in the object?,B,B
DS-MVTec/zipper/image/good/007.png,Is there any defect in the object?,B,A
DS-MVTec/zipper/image/good/008.png,Is there any defect in the object?,A,A
DS-MVTec/zipper/image/good/009.png,Is there any defect in the object?,A,A
DS-MVTec/zipper/image/good/010.png,Is there any defect in the object?,A,A
DS-MVTec/zipper/image/good/011.png,Is there any defect in the object?,A,A
DS-MVTec/zipper/image/good/012.png,Is there any defect in the object?,B,B
DS-MVTec/zipper/image/good/013.png,Is there any defect in the object?,B,B
DS-MVTec/zipper/image/good/014.png,Is there any defect in the object?,A,A
DS-MVTec/zipper/image/good/015.png,Is there any defect in the object?,B,B
DS-MVTec/zipper/image/good/016.png,Is there any defect in the zipper?,B,B
DS-MVTec/zipper/image/good/017.png,Is there any defect in the object?,A,A
DS-MVTec/zipper/image/good/018.png,Is there any defect in the object?,B,B
DS-MVTec/zipper/image/good/019.png,Is there any defect in the object?,A,A
DS-MVTec/zipper/image/good/020.png,Is there any defect in the object?,B,A
DS-MVTec/zipper/image/good/021.png,Is there any defect in the object?,A,B
DS-MVTec/zipper/image/good/022.png,Is there any defect in the object?,B,B
DS-MVTec/zipper/image/good/023.png,Is there any defect in the object?,A,A
DS-MVTec/zipper/image/good/024.png,Is there any defect in the object?,B,A
DS-MVTec/zipper/image/good/025.png,Is there any defect in the object?,B,B
DS-MVTec/zipper/image/good/026.png,Is there any defect in the object?,B,B
DS-MVTec/zipper/image/good/027.png,Is there any defect in the object?,B,B
DS-MVTec/zipper/image/good/028.png,Is there any defect in the object?,B,B
DS-MVTec/zipper/image/good/029.png,Is there any defect in the object?,B,B
DS-MVTec/zipper/image/good/030.png,Is there any defect in the object?,B,B
DS-MVTec/zipper/image/good/031.png,Is there any defect in the object?,B,B
DS-MVTec/zipper/image/rough/000.png,Is there any defect in the object?,B,B
DS-MVTec/zipper/image/rough/000.png,There is a defect in the object. What is the type of the defect?,C,C
DS-MVTec/zipper/image/rough/000.png,There is a defect in the object. Where is the defect?,A,A
DS-MVTec/zipper/image/rough/000.png,There is a defect in the object. What is the appearance of the defect?,A,A
DS-MVTec/zipper/image/rough/000.png,There is a defect in the object. What is the potential effect of the defect?,D,D
DS-MVTec/zipper/image/rough/001.png,Is there any defect in the object?,A,A
DS-MVTec/zipper/image/rough/001.png,There is a defect in the object. What is the type of the defect?,C,C
DS-MVTec/zipper/image/rough/001.png,There is a defect in the object. Where is the defect?,A,A
DS-MVTec/zipper/image/rough/001.png,There is a defect in the object. What is the appearance of the defect?,D,D
DS-MVTec/zipper/image/rough/001.png,There is a defect in the object. What is the likely effect of the defect on the zipper's functionality?,D,D
DS-MVTec/zipper/image/rough/002.png,Is there any defect in the object?,A,A
DS-MVTec/zipper/image/rough/002.png,There is a defect in the object. What is the type of the defect?,C,C
DS-MVTec/zipper/image/rough/002.png,There is a defect in the object. Where is the defect?,B,B
DS-MVTec/zipper/image/rough/002.png,There is a defect in the object. What is the appearance of the defect?,D,D
DS-MVTec/zipper/image/rough/002.png,There is a defect in the object. What is the effect of the defect?,D,D
DS-MVTec/zipper/image/rough/003.png,Is there any defect in the object?,A,A
DS-MVTec/zipper/image/rough/003.png,There is a defect in the object. What is the type of the defect?,B,B
DS-MVTec/zipper/image/rough/003.png,There is a defect in the object. Where is the defect?,A,A
DS-MVTec/zipper/image/rough/003.png,There is a defect in the object. What is the appearance of the defect?,B,B
DS-MVTec/zipper/image/rough/003.png,There is a defect in the object. What could be the effect of the defect on the zipper's functionality?,C,C
DS-MVTec/zipper/image/rough/004.png,Is there any defect in the object?,B,B
DS-MVTec/zipper/image/rough/004.png,There is a defect in the object. What is the type of the defect?,D,A
DS-MVTec/zipper/image/rough/004.png,There is a defect in the object. Where is the defect?,C,C
DS-MVTec/zipper/image/rough/004.png,There is a defect in the object. What is the appearance of the defect?,D,D
DS-MVTec/zipper/image/rough/004.png,There is a defect in the object. What is the potential effect of the defect on the zipper's functionality?,B,B
DS-MVTec/zipper/image/rough/005.png,Is there any defect in the object?,B,B
DS-MVTec/zipper/image/rough/005.png,There is a defect in the object. What is the type of the defect?,A,A
DS-MVTec/zipper/image/rough/005.png,There is a defect in the object. Where is the defect?,D,D
DS-MVTec/zipper/image/rough/005.png,There is a defect in the object. What is the appearance of the defect?,A,A
DS-MVTec/zipper/image/rough/005.png,There is a defect in the object. What is the effect of the defect?,C,C
DS-MVTec/zipper/image/rough/006.png,Is there any defect in the object?,B,B
DS-MVTec/zipper/image/rough/006.png,There is a defect in the object. What is the type of the defect?,A,A
DS-MVTec/zipper/image/rough/006.png,There is a defect in the object. Where is the defect?,D,B
DS-MVTec/zipper/image/rough/006.png,There is a defect in the object. What is the appearance of the defect?,C,C
DS-MVTec/zipper/image/rough/006.png,There is a defect in the object. What is the effect of the defect?,A,A
DS-MVTec/zipper/image/rough/007.png,Is there any defect in the object?,B,A
DS-MVTec/zipper/image/rough/007.png,There is a defect in the object. What is the type of the defect?,B,B
DS-MVTec/zipper/image/rough/007.png,There is a defect in the object. Where is the defect?,A,A
DS-MVTec/zipper/image/rough/007.png,There is a defect in the object. What is the appearance of the defect?,A,A
DS-MVTec/zipper/image/rough/007.png,There is a defect in the object. What is the potential effect of the defect on the zipper?,B,B
DS-MVTec/zipper/image/rough/008.png,Is there any defect in the object?,B,B
DS-MVTec/zipper/image/rough/008.png,There is a defect in the object. What is the type of the defect?,C,C
DS-MVTec/zipper/image/rough/008.png,There is a defect in the object. Where is the defect?,D,D
DS-MVTec/zipper/image/rough/008.png,There is a defect in the object. What is the appearance of the defect?,B,B
DS-MVTec/zipper/image/rough/008.png,There is a defect in the object. What could be the effect of the defect on the zipper's functionality?,A,A
DS-MVTec/zipper/image/rough/009.png,Is there any defect in the object?,B,B
DS-MVTec/zipper/image/rough/009.png,There is a defect in the object. What is the type of the defect?,D,A
DS-MVTec/zipper/image/rough/009.png,There is a defect in the object. Where is the defect?,A,A
DS-MVTec/zipper/image/rough/009.png,There is a defect in the object. What is the appearance of the defect?,B,B
DS-MVTec/zipper/image/rough/009.png,There is a defect in the object. What is the effect of the defect on the object?,C,C
DS-MVTec/zipper/image/rough/010.png,Is there any defect in the object?,A,A
DS-MVTec/zipper/image/rough/010.png,There is a defect in the object. What is the type of the defect?,C,B
DS-MVTec/zipper/image/rough/010.png,There is a defect in the object. Where is the defect?,A,A
DS-MVTec/zipper/image/rough/010.png,There is a defect in the object. What is the appearance of the defect?,D,D
DS-MVTec/zipper/image/rough/010.png,There is a defect in the object. What effect does the defect have on the zipper?,D,D
DS-MVTec/zipper/image/rough/011.png,Is there any defect in the object?,A,A
DS-MVTec/zipper/image/rough/011.png,There is a defect in the object. What is the type of the defect?,C,C
DS-MVTec/zipper/image/rough/011.png,There is a defect in the object. Where is the defect?,C,C
DS-MVTec/zipper/image/rough/011.png,There is a defect in the object. What is the appearance of the defect?,D,D
DS-MVTec/zipper/image/rough/011.png,There is a defect in the object. What could be the effect of the defect?,B,B
DS-MVTec/zipper/image/rough/012.png,Is there any defect in the object?,A,A
DS-MVTec/zipper/image/rough/012.png,There is a defect in the object. What is the type of the defect?,A,B
DS-MVTec/zipper/image/rough/012.png,There is a defect in the object. Where is the defect?,B,B
DS-MVTec/zipper/image/rough/012.png,There is a defect in the object. What is the appearance of the defect?,B,B
DS-MVTec/zipper/image/rough/012.png,There is a defect in the object. What is the effect of the defect?,A,A
DS-MVTec/zipper/image/rough/013.png,Is there any defect in the zipper?,B,B
DS-MVTec/zipper/image/rough/013.png,There is a defect in the object. What is the type of defect in the zipper?,A,A
DS-MVTec/zipper/image/rough/013.png,There is a defect in the object. Where is the defect located on the zipper?,D,A
DS-MVTec/zipper/image/rough/013.png,There is a defect in the object. What is the appearance of the defect on the zipper?,D,D
DS-MVTec/zipper/image/rough/013.png,There is a defect in the object. How does the defect compare to the rest of the zipper?,D,D
DS-MVTec/zipper/image/rough/014.png,Is there any defect in the object?,B,B
DS-MVTec/zipper/image/rough/014.png,There is a defect in the object. What is the type of the defect?,A,A
DS-MVTec/zipper/image/rough/014.png,There is a defect in the object. Where is the defect?,D,D
DS-MVTec/zipper/image/rough/014.png,There is a defect in the object. What is the appearance of the defect?,D,D
DS-MVTec/zipper/image/rough/014.png,There is a defect in the object. What is the effect of the defect on the object?,B,D
DS-MVTec/zipper/image/rough/015.png,Is there any defect in the object?,A,A
DS-MVTec/zipper/image/rough/015.png,There is a defect in the object. What is the type of the defect?,D,D
DS-MVTec/zipper/image/rough/015.png,There is a defect in the object. Where is the defect?,C,C
DS-MVTec/zipper/image/rough/015.png,There is a defect in the object. What is the appearance of the defect?,B,B
DS-MVTec/zipper/image/rough/015.png,There is a defect in the object. What could be the effect of the defect on the zipper functionality?,A,A
DS-MVTec/zipper/image/rough/016.png,Is there any defect in the object?,B,B
DS-MVTec/zipper/image/rough/016.png,There is a defect in the object. What is the type of the defect?,C,C
DS-MVTec/zipper/image/rough/016.png,There is a defect in the object. Where is the defect?,D,D
DS-MVTec/zipper/image/rough/016.png,There is a defect in the object. What is the appearance of the defect?,D,D
DS-MVTec/zipper/image/rough/016.png,There is a defect in the object. What could be the effect of the defect?,D,D
DS-MVTec/zipper/image/split_teeth/000.png,Is there any defect in the object?,A,A
DS-MVTec/zipper/image/split_teeth/000.png,There is a defect in the object. What is the type of the defect?,A,A
DS-MVTec/zipper/image/split_teeth/000.png,There is a defect in the object. Where is the defect?,D,D
DS-MVTec/zipper/image/split_teeth/000.png,There is a defect in the object. What is the appearance of the defect?,D,D
DS-MVTec/zipper/image/split_teeth/000.png,There is a defect in the object. What could be the effect of the defect?,C,C
DS-MVTec/zipper/image/split_teeth/001.png,Is there any defect in the object?,B,B
DS-MVTec/zipper/image/split_teeth/001.png,There is a defect in the object. What is the type of the defect?,C,C
DS-MVTec/zipper/image/split_teeth/001.png,There is a defect in the object. Where is the defect?,A,A
DS-MVTec/zipper/image/split_teeth/001.png,There is a defect in the object. What is the appearance of the defect?,B,B
DS-MVTec/zipper/image/split_teeth/001.png,There is a defect in the object. What could be the effect of the defect on the zipper's function?,D,D
DS-MVTec/zipper/image/split_teeth/002.png,Is there any defect in the object?,B,B
DS-MVTec/zipper/image/split_teeth/002.png,There is a defect in the object. What is the type of the defect?,D,D
DS-MVTec/zipper/image/split_teeth/002.png,There is a defect in the object. Where is the defect?,D,D
DS-MVTec/zipper/image/split_teeth/002.png,There is a defect in the object. What is the appearance of the defect?,D,D
DS-MVTec/zipper/image/split_teeth/002.png,There is a defect in the object. What is the potential effect of the defect on the zipper's functionality?,A,A
DS-MVTec/zipper/image/split_teeth/003.png,Is there any defect in the object?,A,A
DS-MVTec/zipper/image/split_teeth/003.png,There is a defect in the object. What is the type of the defect?,D,D
DS-MVTec/zipper/image/split_teeth/003.png,There is a defect in the object. Where is the defect?,A,C
DS-MVTec/zipper/image/split_teeth/003.png,There is a defect in the object. What is the appearance of the defect?,B,B
DS-MVTec/zipper/image/split_teeth/003.png,There is a defect in the object. What could be the effect of the defect?,D,D
DS-MVTec/zipper/image/split_teeth/004.png,Is there any defect in the object?,B,B
DS-MVTec/zipper/image/split_teeth/004.png,There is a defect in the object. What is the type of the defect?,A,C
DS-MVTec/zipper/image/split_teeth/004.png,There is a defect in the object. Where is the defect?,A,A
DS-MVTec/zipper/image/split_teeth/004.png,There is a defect in the object. What is the appearance of the defect?,C,C
DS-MVTec/zipper/image/split_teeth/004.png,There is a defect in the object. What is the potential effect of the defect?,C,C
DS-MVTec/zipper/image/split_teeth/005.png,Is there any defect in the object?,A,A
DS-MVTec/zipper/image/split_teeth/005.png,There is a defect in the object. What is the type of the defect?,B,B
DS-MVTec/zipper/image/split_teeth/005.png,There is a defect in the object. Where is the defect?,D,D
DS-MVTec/zipper/image/split_teeth/005.png,There is a defect in the object. What is the appearance of the defect?,C,C
DS-MVTec/zipper/image/split_teeth/005.png,There is a defect in the object. What could be the effect of the defect?,D,D
DS-MVTec/zipper/image/split_teeth/006.png,Is there any defect in the object?,B,A
DS-MVTec/zipper/image/split_teeth/006.png,There is a defect in the object. What is the type of the defect?,B,B
DS-MVTec/zipper/image/split_teeth/006.png,There is a defect in the object. Where is the defect?,C,C
DS-MVTec/zipper/image/split_teeth/006.png,There is a defect in the object. What is the appearance of the defect?,D,D
DS-MVTec/zipper/image/split_teeth/006.png,There is a defect in the object. What could be the effect of the defect?,D,D
DS-MVTec/zipper/image/split_teeth/007.png,Is there any defect in the object?,A,A
DS-MVTec/zipper/image/split_teeth/007.png,There is a defect in the object. What is the type of the defect?,D,D
DS-MVTec/zipper/image/split_teeth/007.png,There is a defect in the object. Where is the defect?,C,B
DS-MVTec/zipper/image/split_teeth/007.png,There is a defect in the object. What is the appearance of the defect?,D,D
DS-MVTec/zipper/image/split_teeth/007.png,There is a defect in the object. What is the effect of the defect?,D,D
DS-MVTec/zipper/image/split_teeth/008.png,Is there any defect in the object?,B,A
DS-MVTec/zipper/image/split_teeth/008.png,There is a defect in the object. What is the type of the defect?,A,A
DS-MVTec/zipper/image/split_teeth/008.png,There is a defect in the object. Where is the defect?,D,B
DS-MVTec/zipper/image/split_teeth/008.png,There is a defect in the object. What is the appearance of the defect?,C,C
DS-MVTec/zipper/image/split_teeth/008.png,There is a defect in the object. How does the defect potentially affect the object?,B,B
DS-MVTec/zipper/image/split_teeth/009.png,Is there any defect in the object?,A,A
DS-MVTec/zipper/image/split_teeth/009.png,There is a defect in the object. What is the type of the defect?,D,D
DS-MVTec/zipper/image/split_teeth/009.png,There is a defect in the object. Where is the defect?,A,A
DS-MVTec/zipper/image/split_teeth/009.png,There is a defect in the object. What is the appearance of the defect?,B,B
DS-MVTec/zipper/image/split_teeth/009.png,There is a defect in the object. What is the effect of the defect?,A,A
DS-MVTec/zipper/image/split_teeth/010.png,Is there any defect in the object?,B,A
DS-MVTec/zipper/image/split_teeth/010.png,There is a defect in the object. What is the type of the defect?,A,A
DS-MVTec/zipper/image/split_teeth/010.png,There is a defect in the object. Where is the defect?,A,A
DS-MVTec/zipper/image/split_teeth/010.png,There is a defect in the object. What is the appearance of the defect?,A,A
DS-MVTec/zipper/image/split_teeth/010.png,There is a defect in the object. What is the effect of the defect?,B,B
DS-MVTec/zipper/image/split_teeth/011.png,Is there any defect in the object?,B,A
DS-MVTec/zipper/image/split_teeth/011.png,There is a defect in the object. What is the type of the defect?,A,A
DS-MVTec/zipper/image/split_teeth/011.png,There is a defect in the object. Where is the defect?,C,C
DS-MVTec/zipper/image/split_teeth/011.png,There is a defect in the object. What is the appearance of the defect?,C,C
DS-MVTec/zipper/image/split_teeth/011.png,There is a defect in the object. What is the effect of the defect on the zipper?,A,A
DS-MVTec/zipper/image/split_teeth/012.png,Is there any defect in the object?,B,B
DS-MVTec/zipper/image/split_teeth/012.png,There is a defect in the object. What is the type of the defect?,B,B
DS-MVTec/zipper/image/split_teeth/012.png,There is a defect in the object. Where is the defect?,A,A
DS-MVTec/zipper/image/split_teeth/012.png,There is a defect in the object. What is the appearance of the defect?,A,A
DS-MVTec/zipper/image/split_teeth/012.png,There is a defect in the object. What could be the effect of the defect?,B,B
DS-MVTec/zipper/image/split_teeth/013.png,Is there any defect in the object?,A,B
DS-MVTec/zipper/image/split_teeth/013.png,There is a defect in the object. What is the type of the defect?,C,C
DS-MVTec/zipper/image/split_teeth/013.png,There is a defect in the object. Where is the defect?,C,C
DS-MVTec/zipper/image/split_teeth/013.png,There is a defect in the object. What is the appearance of the defect?,B,B
DS-MVTec/zipper/image/split_teeth/013.png,There is a defect in the object. What is the effect of the defect?,A,A
DS-MVTec/zipper/image/split_teeth/014.png,Is there any defect in the object?,B,B
DS-MVTec/zipper/image/split_teeth/014.png,There is a defect in the object. What is the type of the defect?,C,C
DS-MVTec/zipper/image/split_teeth/014.png,There is a defect in the object. Where is the defect?,C,D
DS-MVTec/zipper/image/split_teeth/014.png,There is a defect in the object. What is the appearance of the defect?,B,A
DS-MVTec/zipper/image/split_teeth/014.png,There is a defect in the object. What is the effect of the defect?,D,A
DS-MVTec/zipper/image/split_teeth/015.png,Is there any defect in the object?,A,A
DS-MVTec/zipper/image/split_teeth/015.png,There is a defect in the object. What is the type of the defect?,D,D
DS-MVTec/zipper/image/split_teeth/015.png,There is a defect in the object. Where is the defect?,B,A
DS-MVTec/zipper/image/split_teeth/015.png,There is a defect in the object. What is the appearance of the defect?,B,B
DS-MVTec/zipper/image/split_teeth/015.png,There is a defect in the object. What could be the effect of the defect?,B,B
DS-MVTec/zipper/image/split_teeth/016.png,Is there any defect in the object?,A,A
DS-MVTec/zipper/image/split_teeth/016.png,There is a defect in the object. What is the type of the defect?,A,A
DS-MVTec/zipper/image/split_teeth/016.png,There is a defect in the object. Where is the defect?,C,C
DS-MVTec/zipper/image/split_teeth/016.png,There is a defect in the object. What is the appearance of the defect?,B,B
DS-MVTec/zipper/image/split_teeth/016.png,There is a defect in the object. What could be the effect of the defect?,A,A
DS-MVTec/zipper/image/split_teeth/017.png,Is there any defect in the object?,B,B
DS-MVTec/zipper/image/split_teeth/017.png,There is a defect in the object. What is the type of the defect?,B,B
DS-MVTec/zipper/image/split_teeth/017.png,There is a defect in the object. Where is the defect?,C,C
DS-MVTec/zipper/image/split_teeth/017.png,There is a defect in the object. What is the appearance of the defect?,C,C
DS-MVTec/zipper/image/split_teeth/017.png,There is a defect in the object. What is the effect of the defect?,D,D
DS-MVTec/zipper/image/squeezed_teeth/000.png,Is there any defect in the object?,A,A
DS-MVTec/zipper/image/squeezed_teeth/000.png,There is a defect in the object. What is the type of the defect?,D,D
DS-MVTec/zipper/image/squeezed_teeth/000.png,There is a defect in the object. Where is the defect?,D,D
DS-MVTec/zipper/image/squeezed_teeth/000.png,There is a defect in the object. What is the appearance of the defect?,D,D
DS-MVTec/zipper/image/squeezed_teeth/000.png,There is a defect in the object. What could potentially be the effect of the defect?,A,A
DS-MVTec/zipper/image/squeezed_teeth/001.png,Is there any defect in the object?,B,A
DS-MVTec/zipper/image/squeezed_teeth/001.png,There is a defect in the object. What is the type of the defect?,D,D
DS-MVTec/zipper/image/squeezed_teeth/001.png,There is a defect in the object. Where is the defect?,D,D
DS-MVTec/zipper/image/squeezed_teeth/001.png,There is a defect in the object. What is the appearance of the defect?,D,D
DS-MVTec/zipper/image/squeezed_teeth/001.png,There is a defect in the object. What is the effect of the defect?,D,D
DS-MVTec/zipper/image/squeezed_teeth/002.png,Is there any defect in the object?,A,B
DS-MVTec/zipper/image/squeezed_teeth/002.png,There is a defect in the object. What is the type of the defect?,C,C
DS-MVTec/zipper/image/squeezed_teeth/002.png,There is a defect in the object. Where is the defect?,A,A
DS-MVTec/zipper/image/squeezed_teeth/002.png,There is a defect in the object. What is the appearance of the defect?,A,A
DS-MVTec/zipper/image/squeezed_teeth/002.png,There is a defect in the object. What might be the effect of the defect?,D,D
DS-MVTec/zipper/image/squeezed_teeth/003.png,Is there any defect in the object?,B,A
DS-MVTec/zipper/image/squeezed_teeth/003.png,There is a defect in the object. What is the type of the defect?,D,D
DS-MVTec/zipper/image/squeezed_teeth/003.png,There is a defect in the object. Where is the defect?,C,C
DS-MVTec/zipper/image/squeezed_teeth/003.png,There is a defect in the object. What is the appearance of the defect?,C,C
DS-MVTec/zipper/image/squeezed_teeth/003.png,There is a defect in the object. What might be the effect of the defect?,D,D
DS-MVTec/zipper/image/squeezed_teeth/004.png,Is there any defect in the object?,A,B
DS-MVTec/zipper/image/squeezed_teeth/004.png,There is a defect in the object. What is the type of the defect?,B,B
DS-MVTec/zipper/image/squeezed_teeth/004.png,There is a defect in the object. Where is the defect?,C,C
DS-MVTec/zipper/image/squeezed_teeth/004.png,There is a defect in the object. What is the appearance of the defect?,C,C
DS-MVTec/zipper/image/squeezed_teeth/004.png,There is a defect in the object. What is the effect of the defect?,B,B
DS-MVTec/zipper/image/squeezed_teeth/005.png,Is there any defect in the object?,A,B
DS-MVTec/zipper/image/squeezed_teeth/005.png,There is a defect in the object. What is the type of the defect?,C,C
DS-MVTec/zipper/image/squeezed_teeth/005.png,There is a defect in the object. Where is the defect?,C,C
DS-MVTec/zipper/image/squeezed_teeth/005.png,There is a defect in the object. What is the appearance of the defect?,A,A
DS-MVTec/zipper/image/squeezed_teeth/005.png,There is a defect in the object. What is the potential effect of the defect on the zipper's functionality?,D,D
DS-MVTec/zipper/image/squeezed_teeth/006.png,Is there any defect in the object?,B,A
DS-MVTec/zipper/image/squeezed_teeth/006.png,There is a defect in the object. What is the type of the defect?,A,A
DS-MVTec/zipper/image/squeezed_teeth/006.png,There is a defect in the object. Where is the defect?,D,B
DS-MVTec/zipper/image/squeezed_teeth/006.png,There is a defect in the object. What is the appearance of the defect?,B,B
DS-MVTec/zipper/image/squeezed_teeth/006.png,There is a defect in the object. What effect might the defect have on the object?,C,C
DS-MVTec/zipper/image/squeezed_teeth/007.png,Is there any defect in the object?,B,A
DS-MVTec/zipper/image/squeezed_teeth/007.png,There is a defect in the object. What is the type of the defect?,C,C
DS-MVTec/zipper/image/squeezed_teeth/007.png,There is a defect in the object. Where is the defect?,C,A
DS-MVTec/zipper/image/squeezed_teeth/007.png,There is a defect in the object. What is the appearance of the defect?,D,D
DS-MVTec/zipper/image/squeezed_teeth/007.png,There is a defect in the object. What is the potential effect of the defect?,C,C
DS-MVTec/zipper/image/squeezed_teeth/008.png,Is there any defect in the zipper?,B,A
DS-MVTec/zipper/image/squeezed_teeth/008.png,There is a defect in the object. What is the type of the defect?,B,B
DS-MVTec/zipper/image/squeezed_teeth/008.png,There is a defect in the object. Where is the defect?,C,C
DS-MVTec/zipper/image/squeezed_teeth/008.png,There is a defect in the object. What is the appearance of the defect?,C,C
DS-MVTec/zipper/image/squeezed_teeth/008.png,There is a defect in the object. What potential functionality issue could this defect indicate?,A,A
DS-MVTec/zipper/image/squeezed_teeth/009.png,Is there any defect in the object?,B,A
DS-MVTec/zipper/image/squeezed_teeth/009.png,There is a defect in the object. What is the type of the defect?,C,C
DS-MVTec/zipper/image/squeezed_teeth/009.png,There is a defect in the object. Where is the defect?,D,D
DS-MVTec/zipper/image/squeezed_teeth/009.png,There is a defect in the object. What is the appearance of the defect?,B,B
DS-MVTec/zipper/image/squeezed_teeth/009.png,There is a defect in the object. What could be the effect of the defect?,A,A
DS-MVTec/zipper/image/squeezed_teeth/010.png,Is there any defect in the object?,B,A
DS-MVTec/zipper/image/squeezed_teeth/010.png,There is a defect in the object. What is the type of the defect?,A,A
DS-MVTec/zipper/image/squeezed_teeth/010.png,There is a defect in the object. Where is the defect?,D,D
DS-MVTec/zipper/image/squeezed_teeth/010.png,There is a defect in the object. What is the appearance of the defect?,C,C
DS-MVTec/zipper/image/squeezed_teeth/010.png,There is a defect in the object. What is the effect of the defect on the zipper?,B,B
DS-MVTec/zipper/image/squeezed_teeth/011.png,Is there any defect in the object?,B,B
DS-MVTec/zipper/image/squeezed_teeth/011.png,There is a defect in the object. What is the type of the defect?,D,B
DS-MVTec/zipper/image/squeezed_teeth/011.png,There is a defect in the object. Where is the defect?,B,D
DS-MVTec/zipper/image/squeezed_teeth/011.png,There is a defect in the object. What is the appearance of the defect?,B,B
DS-MVTec/zipper/image/squeezed_teeth/011.png,There is a defect in the object. What is the effect of the defect?,C,C
DS-MVTec/zipper/image/squeezed_teeth/012.png,Is there any defect in the object?,A,B
DS-MVTec/zipper/image/squeezed_teeth/012.png,There is a defect in the object. What is the type of the defect?,A,A
DS-MVTec/zipper/image/squeezed_teeth/012.png,There is a defect in the object. Where is the defect?,C,A
DS-MVTec/zipper/image/squeezed_teeth/012.png,There is a defect in the object. What is the appearance of the defect?,C,C
DS-MVTec/zipper/image/squeezed_teeth/012.png,There is a defect in the object. What could be the effect of the defect?,C,C
DS-MVTec/zipper/image/squeezed_teeth/013.png,Is there any defect in the object?,A,A
DS-MVTec/zipper/image/squeezed_teeth/013.png,There is a defect in the object. What is the type of the defect?,A,D
DS-MVTec/zipper/image/squeezed_teeth/013.png,There is a defect in the object. Where is the defect?,C,A
DS-MVTec/zipper/image/squeezed_teeth/013.png,There is a defect in the object. What is the appearance of the defect?,C,C
DS-MVTec/zipper/image/squeezed_teeth/013.png,There is a defect in the object. What is the effect of the defect?,D,D
DS-MVTec/zipper/image/squeezed_teeth/014.png,Is there any defect in the object?,B,B
DS-MVTec/zipper/image/squeezed_teeth/014.png,There is a defect in the object. What is the type of the defect?,C,C
DS-MVTec/zipper/image/squeezed_teeth/014.png,There is a defect in the object. Where is the defect?,A,A
DS-MVTec/zipper/image/squeezed_teeth/014.png,There is a defect in the object. What is the appearance of the defect?,A,A
DS-MVTec/zipper/image/squeezed_teeth/014.png,There is a defect in the object. What is the effect of the defect?,C,C
DS-MVTec/zipper/image/squeezed_teeth/015.png,Is there any defect in the object?,B,A
DS-MVTec/zipper/image/squeezed_teeth/015.png,There is a defect in the object. What is the type of the defect?,A,A
DS-MVTec/zipper/image/squeezed_teeth/015.png,There is a defect in the object. Where is the defect?,C,D
DS-MVTec/zipper/image/squeezed_teeth/015.png,There is a defect in the object. What is the appearance of the defect?,B,C
DS-MVTec/zipper/image/squeezed_teeth/015.png,There is a defect in the object. What might be the effect of the defect?,A,A
